tmk,year_tce,total_value,public_costce_discounted
31033065,2100,2997200,317019.98882917676
31033066,2030,5955100,4124333.748375647
31036002,2030,11466400,9208280.03795306
31036004,2030,5733100,4549791.764223667
31036005,2075,9297400,1803124.7913859615
31036008,2050,9987700,4282665.6983170025
31036009,2024,6394400,5979428.0725
31036021,2075,8952100,1742620.8087815691
31037002,2024,5661900,4495670.3907
31037004,2024,6855300,6191060.0704
31037005,2024,10703900,10191468.4794
31037006,2050,9724300,4070032.527766209
31037009,2100,12069200,850490.0718393626
31037010,2050,8638300,3704293.700956291
31037011,2100,9000600,705935.2958310714
31037012,2024,7862800,6394537.677999999
31037013,2050,10636900,4515256.009030482
31038001,2030,5841300,4709798.026056068
31038002,2075,10237800,2007482.1919391423
31038006,2030,8126100,6498053.100986231
31038008,2075,6129200,1025965.4920607862
31038009,2075,6488200,1254485.4722626877
31038010,2030,11123900,8866179.905414954
31038011,2050,6255600,2512423.0833833
31038023,2075,8532800,1461288.7844641476
31038024,2050,6405500,2970196.576607337
31039042,2050,4701200,2161319.195782769
31039043,2030,4942600,4132972.916718596
31039044,2030,5041500,4222176.880070643
31039053,2030,6207400,5198599.774938116
31039061,2075,100,18.69764942822655
31040003,2075,6330500,1075829.1102785615
31040004,2100,6076300,616059.9456738825
31040005,2100,4908800,408599.8953243125
35002001,2050,8848200,3749342.9681781917
35002002,2030,13195100,10656226.203816833
35002003,2030,10178000,8164440.731648666
35002004,2075,11971500,2403778.133965123
35002005,2075,10601400,2069860.3735557941
35002006,2050,6108700,2587317.7842618544
35002050,2024,10234700,9852530.133499999
35003002,2030,6273600,5022894.942737825
35003006,2024,11262800,10713549.32
35003007,2030,8497900,6701410.910360121
35003011,2075,8549400,1579328.395609869
35003012,2030,10136600,7993557.272529549
35003034,2030,6393600,5017010.601473691
35003035,2075,11021000,2050305.2127207455
35004001,2075,13856500,2318174.4555629226
35004003,2050,6730500,2667512.370367626
35004004,2100,22101700,1061990.257038966
35004006,2050,11888800,4110327.327948244
35004007,2030,12194200,9260612.462405194
35004008,2030,13574900,10404347.823218036
35004009,2100,13513900,922034.3340371546
35004011,2050,15385300,6314771.979954307
35005001,2075,12584500,2072624.3726427506
35005002,2075,14730900,2525054.9714249508
35005005,2050,12532500,5061714.622276276
35005006,2050,12846400,5486095.025820405
35005009,2075,11849400,2148518.6843554447
35005010,2100,16336600,1407488.2067622957
35005013,2050,10928600,4329361.694222936
35005014,2050,16672000,7332580.223887288
35005015,2075,9298600,1674904.324964604
35022001,2030,2241700,1629836.8824859378
35022003,2024,2457200,2061533.7856
35022005,2030,4259300,3346123.458423382
35022006,2050,2797900,1187160.2243460126
35022007,2050,3526400,1550363.2390239325
35058011,2075,8673900,1747218.1835090062
36002003,2030,1121200,884812.6460383559
36002005,2075,3334700,596584.3962170624
36002035,2024,5930100,5749102.27
36002040,2024,3961000,3741238.7496
36002041,2075,7966100,1678251.8250400012
36002042,2024,3600900,3359573.7222
36003005,2024,8642200,8571513.692200001
36003012,2100,4694600,441844.7458329128
36003013,2030,3274500,2633471.047407871
36003014,2030,2913200,2243537.1026774263
36003015,2050,2656900,1043964.9126299868
36003016,2030,2924000,2276887.790344759
36003042,2075,8051300,1720248.684410952
37001001,2075,5816600,1161675.2553891267
37001008,2024,4931000,4799290.142
37001009,2024,2349300,2229894.9114
37001010,2024,2310400,2174961.0179999997
37001011,2075,2793600,540040.8229720624
37001012,2030,2856300,2253494.157016303
37001014,2100,2891500,254583.9726010764
37001015,2100,2727800,246571.17382352788
37001016,2024,3404900,3305600.8
37001022,2075,4050300,798054.2196762265
37001025,2100,3095900,281818.99402254785
37002002,2030,2347700,1815090.5662173918
37002003,2030,2183900,1599363.4469372828
37002004,2050,2207900,769968.0372865289
37002005,2030,2392100,1764688.09425285
37002016,2030,2854200,2259518.605544153
37002020,2075,3279700,644702.3916765372
37002075,2030,3602100,2810924.390629052
37002078,2030,1853100,1379916.6878952375
38001002,2024,2822300,2505719.6972000003
38001003,2100,3446800,339912.86401088774
38001023,2024,3665900,3511350.4672
38001024,2100,3864100,373337.10441373877
38001047,2030,3045400,2402605.7049087747
38001066,2024,2786100,2545735.677
39002001,2075,5655000,1208214.6061711423
39002002,2075,4229800,751823.6133105092
39002003,2075,5195200,929594.68354598
39002005,2075,5838000,1008668.5663346093
39002006,2075,7291100,1325448.142971365
39002007,2100,6279000,497625.9659184194
39002008,2100,4069000,280091.49544133036
39002009,2100,5272000,421897.95619250747
39002011,2100,6068800,553790.2682113776
39002032,2100,3756500,313524.4748367401
39003008,2100,6982400,695826.8933756166
41001002,2075,3774900,836001.3742702334
41001003,2075,3575400,791819.469009985
41001004,2075,4935600,1093053.6922430168
41001005,2075,3196300,660797.9941467058
41001006,2030,3615700,3028091.826891089
41001008,2050,2884400,1337481.071823621
41001009,2100,4220200,374131.0768506515
41001011,2075,2746900,606847.0039406328
41001012,2100,2876600,221717.63797244008
41002002,2050,6915200,3199423.4715873105
41002004,2075,2340500,518334.5827649689
41002009,2075,4386600,971470.4040832355
41002016,2100,3670400,356507.42952064576
41002017,2100,3574200,336193.9230628648
41002018,2050,3326400,1542434.1413514398
41002020,2050,2251400,1043962.3093550479
41016083,2100,1730800,183070.2644686838
41016085,2100,1593900,168590.07079768612
41017014,2100,1038100,109801.96530213812
43001004,2050,3248500,1415231.3155176737
43001014,2030,5084700,4049241.5972524122
43001018,2100,8940200,942567.199066115
43003061,2075,3987400,807463.7923175871
43003063,2030,4454700,3404807.5612919857
43003064,2030,11101900,9228048.757018898
43003065,2050,10779600,4462100.714967477
43003067,2075,5827000,943817.0868880204
43003069,2030,5785500,4428493.150066625
43003070,2050,6860900,2709270.8495265283
43003074,2100,6740600,400080.13408239844
43003076,2075,6204000,876817.7696038679
43003091,2030,7018000,5782509.777646332
43003105,2100,3764600,129993.1584630426
43004074,2024,6632900,6029128.8446
43004075,2075,2737300,606211.1742800896
43004076,2024,5624500,5090211.8715
43004078,2075,4456700,719260.1948198956
43004079,2050,11030300,4697768.88308486
43004082,2075,3972900,649675.640696394
43004083,2075,12761300,1819984.0739471917
43004086,2050,4701800,1868617.4617546413
43004087,2030,6293100,4769411.765510295
43004088,2030,7230500,5795849.196904852
43004098,2050,3225700,892688.2639623143
43004099,2030,4047700,3384407.012446001
43004100,2100,2987500,315968.8790804146
43005057,2030,9267100,7761050.355113093
43005060,2050,4690600,1824669.1750642553
43005062,2024,5357700,5080161.6636
43005063,2030,5297900,4165105.698851785
43005094,2050,10155100,4542124.502088044
43007032,2075,6895100,1527010.801804203
43008036,2024,6233700,5559436.2228
43008037,2030,3469200,2571562.6992434864
43008038,2024,3784400,3524745.5294
43008040,2030,5867100,4711982.626184206
43008041,2030,8719900,7042237.856284525
43008042,2075,3819100,590195.7923748634
43008043,2030,4203200,3501731.9036649494
43008044,2050,5705000,2448753.920261638
43008045,2030,4301000,3602019.787996397
43008046,2024,4681700,4681700
43008047,2024,4703400,4682780.9264
43008048,2030,5307900,4442144.647867336
43008050,2024,4509100,4307387.9972
43008051,2050,6874800,3156386.147780604
49007004,2075,1657300,304386.5861394159
49007030,2050,2052800,925307.1523713901
49008012,2024,2027300,1963958.2016
49009003,2050,959500,336668.61928218376
49009005,2024,1697600,1598921.1932
51001020,2075,839200,185851.90423258362
51001021,2075,1073400,237718.5819867198
51002002,2024,1107500,1107500
51002003,2030,982600,822912.0306173586
51002004,2024,1389600,1389600
51002005,2030,1218900,1017310.1052031667
51002017,2100,767900,81222.35734082638
51002061,2100,897700,94453.35496371596
51003031,2075,1017600,225360.93630490595
51003051,2100,1129800,119501.2623045522
51005016,2100,911800,96442.95536315339
51005031,2050,1510500,700410.8857958603
51006001,2075,2307400,511004.1513659002
51006003,2100,1156300,100128.67149093241
51006004,2075,1087200,240774.77392953396
51006005,2100,869000,72671.71429881535
51006006,2100,1120300,103258.7989399142
51006008,2100,1054200,99945.32829226542
51006009,2075,1245300,275788.10336133983
51006010,2050,909900,421915.83249629475
51006012,2075,1834600,391407.8131782619
51006014,2100,1144000,93697.38895238849
51010015,2075,1554800,342751.0777396874
51010016,2075,1533100,339525.20779191365
51010019,2075,1321800,292730.0369573749
51010021,2100,1293300,120836.6759008434
51010022,2075,1315000,291224.087304394
51010023,2075,1021400,226202.49640510118
51010045,2100,1029700,86910.41487304696
51011033,2100,1208200,96026.09052539684
51011035,2075,944200,209105.53858008274
51011059,2100,1093700,86119.33499496798
51012002,2024,961100,861305.7296
51012003,2030,955600,753164.84764883
51012004,2030,1120100,889910.8425894581
51012005,2030,1050200,804803.760935324
51012006,2050,1195000,470087.3263085259
51012007,2075,1630600,297684.9028941105
51012008,2030,1372100,1140706.6705197021
51012013,2100,995000,105243.1899389533
51012016,2030,1054300,870118.0346289518
51012017,2075,1818200,402664.36162498035
51013001,2100,2221300,222532.535664244
53001004,2050,1613000,670001.6864788799
53001005,2075,1301400,223110.96381026882
53001006,2030,2256200,1834144.2149278675
53001007,2100,1371800,104743.04789965966
53001009,2050,1657300,714047.9120801662
53001011,2075,1455700,281644.23817596474
53001013,2050,1735900,796586.5607702946
53001015,2050,1408300,600423.0173271234
53001016,2075,1642700,311567.8015358497
53001017,2075,1701500,321129.52580723056
53001018,2075,1884400,356422.80667309137
53001019,2075,1687400,308689.734558184
53001020,2050,1692300,715632.2605616897
53001021,2075,1702100,306471.99279665365
53001022,2030,1433600,1123324.762490772
53001023,2050,1716500,713184.5030846727
53001024,2050,1654800,702893.6226410753
53001025,2050,1521900,652787.0752269843
53001026,2030,1600000,1292141.2587078658
53001029,2050,1504900,633842.1337283889
53001030,2030,1267300,984876.2600419642
53001031,2050,1564400,617834.0513812326
53001032,2030,1328900,976067.1311364912
53001033,2024,1819400,1617714.1461999998
53001034,2050,1191200,350857.51286647894
53001035,2030,1486000,1095046.1393532804
53001036,2030,1052900,808561.4042253564
53002011,2100,1128600,119374.33584432433
53002012,2100,1052900,111367.39164494869
53002033,2075,856500,58709.19143148243
53002034,2030,1814000,1408445.9204079383
53002035,2030,1198700,893345.2839551512
53002037,2050,1627800,631308.129403024
53002041,2024,1335200,1172111.3730000001
53002043,2100,743000,78588.6332910978
53002046,2050,1555000,585809.798738006
53002049,2075,1126800,246992.42701785342
53002051,2030,1112400,826811.0227415172
53006018,2024,1001300,874726.7451000001
53006019,2030,1233900,955256.7473934733
53006020,2024,1135000,1045794.3754
53006021,2075,1117600,154797.01617187588
53006024,2024,1089100,1045465.5798000001
53006026,2050,1321300,532410.7653963027
53006027,2100,1885200,149955.00920779575
53006040,2050,720900,279757.1983063475
53006041,2100,1118900,71661.45963907134
53006042,2100,1071700,65281.98770945649
53006043,2050,1045500,397046.57200768916
53006044,2050,1285400,495953.65431398596
53006073,2030,1406500,1105137.2502158668
53008003,2024,1166900,1131153.9845
53008011,2075,1488400,300909.5733529856
53008012,2075,1380900,260401.68934564842
53008013,2024,1051600,1003160.9899
53008014,2024,1193800,1078557.9762
53008017,2050,1640800,760830.3087810973
53008018,2050,1593100,669580.28455925
53008019,2024,1206800,1129605.983
53008020,2030,1202600,909517.9274450012
53009031,2024,1417100,1417100
53009032,2030,1418200,1187720.1728287584
53009033,2024,1171700,1171700
53009034,2030,946800,791239.9475687905
53009035,2030,937600,785225.2390665943
53009036,2024,1095700,1006874.8515
53009037,2024,1352800,1067535.26
53009041,2100,1113500,117386.7771204629
53009042,2050,1229800,518867.5466419839
53009043,2024,1055000,911082.9134
53010016,2030,1077600,795871.4738562707
53010017,2030,1241700,921420.6231990431
53010018,2024,1275300,1109556.5365
53010019,2024,1207600,906988.092
53010020,2024,1069400,849903.9183
53010022,2024,1159400,1035024.2542
53010028,2030,1116900,872813.74310784915
53013009,2075,1269500,280181.10687941854
53013010,2100,570200,57170.56843677038
53013011,2100,530800,54099.83824509837
53013022,2024,962100,821637.3168
53013023,2030,1003400,721496.9673475072
53013024,2030,1526700,1157953.416294459
53013026,2050,1297400,452070.3395086802
53013028,2024,1170200,996130.8704
53013029,2030,1170400,796281.1456951189
53013030,2030,1582000,1161162.8048707715
53013031,2030,1600900,1176942.2418810017
53013032,2030,1469800,1056623.9399794645
53013033,2024,1073700,871820.8862000001
53013034,2024,647600,458025.5905
53013035,2024,723500,476880.847
53013038,2100,942800,98957.61888155615
53014003,2100,907000,72876.20964399846
53014004,2100,975700,93276.16556575974
53014012,2075,906300,200712.08389655687
53014049,2100,1281900,127061.31651390887
53014050,2100,783500,76869.9882006834
53014051,2100,1049700,104657.94050318377
53014052,2100,1216100,121544.33777363208
53016010,2100,1039700,109971.20058244196
53016034,2100,884500,93555.37839296905
53016035,2100,1072200,113408.79221361381
54003010,2030,1355300,1061277.7160461855
54003017,2024,1208000,1087183.472
54003055,2024,1443000,1332117.5627000001
54009021,2030,1195100,924997.8492656205
54009022,2024,1073000,984909.9224
54009024,2024,983000,900697.718
54009025,2024,1128400,1038199.4368
54009026,2024,821000,737066.9165
54009027,2024,762800,680139.9650000001
54009028,2024,801300,713487.5231999999
54009029,2030,784400,574775.9391234766
54009030,2024,723200,640554.584
54009052,2030,1198500,929477.3648743994
54010001,2024,1011100,1011100
54010002,2024,613600,613600
54010004,2024,387100,387100
54010006,2050,810300,373710.5377960154
54010009,2024,543300,543300
54010010,2024,717200,717200
54010011,2024,553500,553500
54010012,2024,562200,562200
54010013,2030,803500,672918.6002453162
54010014,2024,774700,769829.1340000001
54011001,2030,1283900,972761.3778529254
54011003,2024,1337100,1246411.402
54011014,2024,671900,601484.2304
54011023,2030,989900,733747.7715564372
54011024,2050,1015800,373894.6965218607
54011025,2024,1433000,1340799.083
54011027,2024,679700,625339.3781
54011028,2075,826100,132563.4296464162
54011029,2100,761600,65602.93065670074
54011030,2075,778400,149506.29657689502
54011031,2024,1006100,908177.3525
54011033,2030,1071600,821285.6120713324
54011034,2024,1361900,1275631.8308
54011035,2100,1111300,111594.78230234384
54011037,2024,822000,715362.5599999999
54011039,2024,689800,630734.7457000001
54011040,2024,1069400,1007366.472
54011042,2100,1420900,118605.37670973387
54012038,2024,1241500,1132649.77
54012040,2030,1561800,1221702.8971348496
54012041,2030,1072900,806695.5825972115
54012043,2024,1054400,911877.6140000001
54012044,2024,882100,730258.3225
54012045,2024,766900,660058.7749999999
55002002,2030,1283200,945822.060878697
55002006,2050,1567900,581376.6198858592
55002007,2050,1744200,692469.6552726073
55002008,2075,1823100,316610.89220422605
55002019,2100,3166500,263622.8638797673
55002020,2030,2605100,2100814.8206673427
55002024,2100,2747400,221724.62022874883
55002025,2024,1188400,1132450.3468
55002027,2075,2603800,487966.09222742193
55002028,2050,2746500,1165114.3069227503
55002029,2050,2633000,1112111.5067536747
55002030,2030,862100,721995.1776869784
55002031,2100,1063500,112488.57537696166
55002032,2050,3039000,1276994.6445793132
55002033,2030,1792700,1369815.7760381438
55002036,2100,975300,68991.43276012951
55002037,2075,3885100,693028.2392372619
55002038,2100,3118700,218308.8964400935
55002041,2030,2301200,1850174.4836653767
55002042,2075,2128000,406103.8053968325
55002046,2075,3311300,682475.5843260409
55002054,2075,1808400,305168.2598041506
55002061,2100,2240100,205003.6127476388
55002064,2100,1803000,138635.02704249704
55002065,2030,1655400,1213652.6989752362
55002069,2100,971300,66943.13599129567
55002076,2100,1219700,109555.41234549826
55002077,2050,1706300,543924.7427427287
55002078,2100,1367900,142962.5717891994
55002079,2075,864400,180603.75934024216
55002080,2075,1580300,190654.90741587643
55002081,2030,1566800,1137762.6626984212
55002082,2024,1723800,1583181.5676000002
55002084,2075,879800,192884.2155572775
55002085,2030,1869200,1354191.4496545908
55002086,2075,1896400,218454.22709433772
55002088,2030,2763500,2159166.4277138165
55002089,2050,1636200,622380.3967863898
55002090,2050,2257600,944229.4596319941
55002091,2075,1160400,158638.10398017048
55002092,2030,1229900,859773.6643397231
55002093,2030,1176200,776987.1433578935
55002097,2050,2423100,918086.5450943632
55002099,2075,2323400,412749.20279941976
55003026,2075,2216300,456537.3462965873
55003028,2075,2570400,533974.0735687197
55003041,2100,2225100,224079.65851339418
55003043,2100,1954000,174905.87848798285
56001026,2100,2790600,276428.68903191667
56001028,2100,3206900,322951.1268322067
56001029,2100,4492100,455418.234940898
57003037,2075,2721100,484255.5270908662
57003039,2030,3802000,2987543.6881364104
57003040,2030,2748100,2134365.935150733
57003041,2050,3862500,1558192.8265095714
57003042,2030,3210000,2472371.0494771455
57003043,2030,3664000,2863586.593266902
57003044,2050,4177900,1788013.648173417
57003045,2030,3832100,3089142.131146527
57003055,2075,4595900,1001629.3570739689
57003056,2050,3805500,1564380.8918146857
57003057,2075,3210800,538591.3960166752
57003058,2030,3573800,2828528.314729448
57003059,2100,3909000,295270.0398609614
57003062,2050,3522800,1545739.4454706197
57005001,2050,3446300,1504452.921946203
57005002,2050,1106000,476511.7759984199
57005003,2100,4608200,435740.75227904
58001021,2050,1573500,539385.9599203593
58001034,2075,707100,147295.0894409575
58003068,2100,3503700,298159.8131031502
58003069,2075,5705400,1186948.3109951864
58006034,2100,4913000,448157.4145260761
58006039,2100,4529700,403889.36685451446
58006041,2100,4347600,342521.1778486757
59001010,2075,6141000,1360005.414552307
59001012,2075,3833800,848977.2432894417
59001026,2075,4301800,942300.822410062
59001027,2075,5349100,1103525.0109906506
59001028,2100,7867700,832078.3796967949
59001032,2100,3338400,353109.41235397157
59001033,2050,4219800,1956699.010844999
59001057,2075,4023000,890946.39028561
59001071,2050,3652700,1693737.7309146235
59001087,2030,4022500,3368780.4225099995
59001088,2075,3708800,787647.7599212218
59001089,2050,3620100,1678621.2828001282
59001098,2075,4300100,951145.4865173978
59001099,2100,4639900,434382.9708134422
59001110,2030,1477100,1237047.9955474257
59002001,2075,1400600,155394.21344021542
59002002,2030,1588200,1047371.8993174987
59002003,2030,1589500,1014629.9153912943
59002004,2030,2198300,1375433.5021792005
59002005,2030,2414200,1651744.1624066248
59002008,2050,3862900,1397813.307216647
59002011,2050,2653100,965884.9398812437
59002012,2075,3499700,559333.9956284186
59002017,2030,2897400,1953243.8460021466
59002018,2024,3201900,2738327.4757
59002019,2075,1387600,297165.47946545377
59002020,2100,1326000,134514.92788788772
59002022,2100,1471300,154069.52429625057
59002023,2075,1264700,279823.99749479623
59002025,2030,2863800,2064549.6186105509
59002026,2024,3251800,2996985.2734000003
59002030,2100,1713900,181282.71682047445
59002033,2100,1396100,119274.83607671066
59002035,2024,3240700,2884591.5760000004
59002036,2030,2666500,1920544.1532721878
59002038,2100,1873000,187942.63044755493
59002045,2024,1758900,1472572.1994
59002046,2075,3347800,378431.0813384877
59002048,2050,1189100,391973.4102247146
59002057,2100,1244600,84071.79398858715
59002058,2050,2916300,1004370.9999191889
59002066,2050,3224100,1402154.8823407379
59002067,2050,3858300,1773348.2011895662
59003002,2075,3676700,530510.6034774703
59003003,2075,3061400,412519.8587591607
59003004,2050,4078000,1890947.0984942191
59003005,2050,4222600,1957997.3560818268
59003006,2050,3649100,1691696.5318862079
59003007,2050,5115500,2228438.7624704596
59003008,2050,3462400,1252834.596273386
59003009,2075,967700,200791.23926787576
59003010,2050,3584400,1207579.469319657
59003011,2100,1487600,84476.66981830761
59003014,2075,1614800,357618.7499461106
59003015,2075,1399900,282355.4953180462
59003016,2030,3246700,2295680.2478989456
59003033,2030,4084900,3421039.4401270594
59003034,2075,4227500,552583.1242139873
59003035,2050,3473900,1412585.4987206417
59003037,2075,3777000,536323.0078616823
59003038,2100,4145400,180427.11684853325
59003040,2100,4432300,219450.19718045337
59003041,2030,4112300,3441804.4562591626
59003044,2050,3734200,1503655.2368095294
59003045,2050,3522600,852223.4799240354
59003048,2075,1433000,270514.68097119516
59003063,2030,3172900,2568195.5663200067
59003064,2075,3071100,191746.82943124793
59003068,2050,2755100,1221015.2875185318
59003070,2030,3423600,2548245.0089036785
59003071,2050,3611700,1139257.410607155
59003072,2050,3970000,1071176.1708239582
59003075,2050,5016200,1983836.0368455974
59003081,2075,1823900,358513.86697537487
59019001,2100,3619300,272457.954175053
59019012,2075,4592300,1017025.3810859077
59019013,2075,2742100,607274.1975645466
59019014,2075,2751000,609245.2199044775
59019036,2075,3935000,816872.8357505226
59019038,2050,3224100,1444639.6708024614
59019041,2075,5765400,922584.9704353398
59019042,2050,4362100,1746419.322465995
59019045,2075,4865700,685166.3639194063
59019048,2050,3451400,1379487.0666374518
59019050,2050,2506200,839140.1542031933
59019051,2030,2997600,2100235.669986916
59019054,2100,2836800,300054.1519787163
59020001,2030,3943700,2693307.101664197
59020004,2030,3736300,2790373.7107540322
59020006,2030,3257800,2532459.029466435
59020008,2050,3877500,1301880.7435391427
59020009,2050,2893000,881479.5029125069
59020011,2075,2901000,199908.23277567234
59020012,2050,2800700,880709.9715576435
59020014,2050,3772600,1325688.6790866496
59020015,2075,1792200,324099.96481329616
59020016,2075,1532200,295365.9471422561
59020017,2030,2773600,2101415.2246882417
59020019,2050,2867000,667108.0705703321
59020020,2030,2344000,1771398.0991858752
59020028,2050,4018200,1314508.0626374967
59020029,2075,4351500,445003.163452233
59020033,2075,1655700,272455.1083050982
59020034,2030,3448400,2559223.6357511855
59020035,2030,3991500,2942030.364843975
59020036,2030,3634900,2729707.390601579
59020037,2075,3449800,334301.4630266783
59020038,2030,3916200,3160616.717098992
59020040,2050,3832900,1472874.4462633438
59020041,2050,2876200,1090384.1226613864
59020043,2050,5253200,2271388.4284521313
59020045,2050,4571800,2110384.1917079794
59020048,2030,4741600,3971015.351491215
59020049,2030,3563900,2984710.1423948756
59020050,2030,3703700,3101790.4414792503
59020051,2030,5194200,4350060.726066237
59020052,2050,4845100,2123538.3259321754
59020056,2030,3473100,2607435.214060898
59020057,2050,3303300,1018945.1391976975
59020058,2075,3014500,96476.98844054999
59020062,2030,4380300,3472178.891537609
59020063,2050,4396300,1558673.7283919116
61004057,2050,3689700,1651067.8936650255
61004065,2030,4732400,3785233.982413121
61004068,2050,4538500,1927005.9946190126
61004069,2075,6007800,1197574.4560058634
61004070,2050,4445900,1964251.4837892815
61004071,2050,4016700,1722164.9960726716
61004073,2050,4165700,1786266.889037046
61004080,2050,4572500,1931104.4288624504
61004081,2050,4923500,2076282.2382656103
61004082,2030,4140400,3331979.314109859
61004083,2050,4431200,1884313.6188843844
61004086,2050,4208400,1825498.1655766931
61004087,2050,4908600,2156758.187886635
61004088,2050,6173900,2736412.723548241
61004089,2075,10460200,2180919.1148674083
61004090,2075,10636100,2222179.1019335575
61004093,2050,6082700,2694976.00378364
61008005,2030,4729200,3951177.228262561
61008006,2050,3532700,1617086.3099950405
61008008,2075,2909500,588327.0810431398
61008009,2100,2727200,242091.7437339952
61008010,2075,4241100,939207.2312263465
61008011,2100,2531400,225020.18926364195
61008013,2100,5704100,578276.4356892605
61008014,2100,4737700,471343.34407702833
61008015,2100,7662000,757426.6517963919
61010001,2030,3422600,2605135.6854657247
61010002,2030,3068300,2349676.2386000394
61010004,2030,2783700,2173379.7125501125
61010006,2075,4253200,823341.6340250083
61010007,2050,3403000,1494424.7120459417
61010008,2050,3336000,1480458.813893019
61010009,2075,4911300,1010199.3346801148
61010010,2075,3047100,621911.5179403444
61010011,2075,4060200,849279.5080251637
61010012,2075,1745400,340857.23461078963
61010013,2050,4138000,1889704.7126326407
61010014,2075,4490200,913111.6659603724
61010015,2075,4486900,905117.4635773379
61010016,2075,4403800,898261.4160854846
61012001,2024,3037100,2746116.0640000002
61012002,2024,2868200,2524916.4734
61012004,2024,2924000,2613354.24
61012005,2024,2236800,1999888.9634
61012006,2050,2706300,1034766.1798897797
61012007,2024,2940800,2714252.8512
61012008,2075,2680300,423789.24046589545
61012009,2030,3053700,2406623.8595691253
61012010,2030,2602000,2007038.765526796
61012012,2024,2953400,2498681.9345
61012015,2030,2497600,1777468.2634668448
61012017,2024,3944000,3620432.432
61012019,2050,3868300,1431681.533569611
61012021,2050,4960700,1974006.3237149564
61012023,2030,4097500,3093471.6937754233
61012025,2030,3687500,2755037.6851690128
61012032,2030,4254400,3322222.8912681923
61012033,2050,3329100,1492877.2658282816
61012034,2050,2992800,1236563.323488365
61012035,2024,4210600,4000551.259
61012036,2100,1154900,52267.907502291186
61012037,2024,2797300,2387554.0063
61012038,2050,2574600,983788.2289193996
61012039,2024,2738400,2441526.15
66006010,2024,2480900,2378867.738
66030029,2024,2060500,1908943.9936
66030031,2024,1965000,1815133.2816
66030034,2030,1886400,1469378.035702633
66030035,2050,1907400,781078.5128136273
66030036,2050,2164100,909635.7468952419
66030039,2075,2010600,411966.34111757943
66030040,2100,2069400,197778.26813036963
66031007,2100,1892900,187056.64063189944
66031008,2100,1986900,196179.27281679545
66031009,2100,2512500,251341.03099976998
67013001,2100,3330400,293790.7268385556
67013002,2075,2456300,504317.1479406415
67013003,2050,4825900,2139820.244035271
67013004,2075,3373300,673494.1264182702
67013020,2100,3421400,245921.3181531384
67013022,2030,2194700,1593272.6845635232
67013023,2030,2398600,1851822.9490682087
67013024,2030,2679000,2112639.7831426417
67013025,2030,2804800,2224775.623749643
67014018,2075,2302800,450753.68579623115
67014019,2075,2856000,572612.719449857
67014025,2075,2559700,497215.0338785095
67014026,2075,2760600,554022.7055805917
67014027,2050,2296400,987317.0657530326
67014028,2050,2560300,1096455.9530527396
67014029,2075,2456600,457152.5766033391
67014030,2075,2263000,433151.3540340877
67014031,2100,2332900,219342.953513152
67015038,2100,1782600,188549.25666852077
67015039,2030,2272100,1781532.4901461175
67015040,2024,1752700,1596237.0932
67015042,2030,1679400,1289022.722936171
67015043,2024,2424800,2293556.3142
67015046,2100,1485500,110223.10169125558
67015049,2024,1297500,1217097.8502
67015050,2024,2314600,2184392.5368999997
67015053,2030,1808200,1420208.0080826792
67015054,2100,1922200,178130.6493289747
67015055,2100,1960400,190601.669673037
67015056,2100,1890400,195891.60666618057
68004001,2075,4827400,964481.2067461811
68004005,2075,3844500,798833.2357827498
68004011,2075,2728600,562542.6494711741
68004012,2050,2842400,1254013.5531013508
68004013,2075,3425100,650156.1133795197
68004014,2075,2845700,506817.6195247511
68004015,2030,2702000,2173524.100782103
68004017,2075,2064200,361878.14884433936
68004018,2050,4280500,1745818.449032303
68004019,2075,2345800,412848.04022402095
68004020,2050,2594500,1156526.7818415177
68004021,2075,2382700,419500.7725315636
68004022,2075,2579800,467802.3771818967
68004023,2075,2840900,528101.4235357624
68004024,2075,3247200,627812.1004160506
68004025,2075,3012800,588886.3730050558
68004026,2100,4011700,341521.64928926574
68004028,2075,2195500,486222.4210469939
68004029,2030,2350200,1968255.5000579243
68004030,2030,1767600,1423427.8389151949
68004031,2030,2545600,2029416.4498859087
68004032,2030,2812700,2242050.0074261026
68004033,2050,3096800,1435969.8319315591
68005005,2100,2938700,281331.66163431894
68005009,2100,4708700,475022.0971672801
68005014,2075,2267800,502174.9963696509
68005015,2075,2793100,614072.7313110568
68005016,2075,3102400,657342.9339205619
68005020,2075,2566600,506670.5054070516
68005021,2075,2452700,493323.67215568206
68005022,2050,2713200,1258096.534486149
68005023,2100,2561100,217226.65421147546
68005025,2075,2895600,588299.4301465373
68005027,2075,3383100,692855.445599641
68005028,2030,3215800,2693181.872643295
68005029,2100,3833000,362196.56385464605
68005030,2075,2667700,561375.7217287526
68005045,2100,2238000,229700.1708288083
68005051,2100,2904600,288641.0550708085
68006002,2030,2498900,1958869.0437589998
68006003,2024,2571000,2226270.2487000003
68006004,2024,2785200,2391494.0748
68006005,2024,2620400,2406070.6399999997
68006006,2030,2632500,2081382.307395143
68006012,2075,2678600,455066.2797083932
68006013,2075,3755900,710940.8270126682
68006018,2030,2369700,1839855.1138724298
68006019,2030,2992900,2326923.705164968
68006020,2030,2425600,1884711.4188732211
68006021,2100,1033500,109315.41387126457
68006031,2050,2527300,1040380.4251490539
68009010,2030,2080400,1564414.2148799356
68009011,2024,2358000,2028550.4871999999
68009012,2050,2913600,1143508.3478793069
68009013,2050,2975100,1206706.1836728384
68009014,2100,1257200,132976.62149874584
68009020,2024,4421600,4289991.1757
68009023,2050,358700,154183.07734255915
68010005,2075,1024600,226911.17859473923
68010007,2100,933700,88593.658481351
68010008,2024,2674500,2561742.2264
68010009,2024,1600700,1470181.67
68010010,2024,1363300,1227850.9462000001
68010011,2024,1434200,1273935.875
68010013,2024,1492100,1338868.052
68010014,2024,1571400,1366310.8155
68010015,2024,1491300,1260360.0750000002
68010016,2075,1082100,231144.10504626148
68010017,2075,918500,155188.94419764474
68010018,2024,1815700,1655902.18
68010019,2030,1536500,1152502.3081487599
68010020,2030,1469500,1090306.8910670455
68010021,2024,2050000,1825651.4944
68010022,2050,1404200,463680.4779140519
68010023,2024,1275300,1100891.8383
68010024,2024,1502300,1272591.46
68010026,2024,1650100,1427417.7793999999
68010027,2024,1348300,1148953.486
68010028,2024,1434400,1221249.9693
68010029,2024,1497800,1286313.0831
68010030,2024,1244800,1062807.7042
68011039,2100,2274300,204491.74470251187
68011040,2100,2352100,211206.8313896881
68011041,2100,2271500,194907.71384951274
68011048,2050,2303900,930440.379500056
68011049,2050,2065400,864573.7915481449
68011075,2050,2274700,1000584.2091986175
68012040,2024,3029700,2962025.8893
68012041,2030,2440100,2034038.14067453
68012042,2030,2428500,2020404.6505440546
68012043,2030,2461400,1995275.7338398008
68012045,2030,2308500,1864541.855136349
68012046,2030,2369000,1912135.302144656
68012047,2100,2443600,224227.85090970978
68012049,2075,2408000,495208.38984977966
68012050,2100,2230600,204394.10629028306
68012051,2100,2306200,213792.23458889397
68012052,2075,2242600,461900.4086124128
84001007,2075,1425900,275175.762617631
84001014,2075,2276100,465267.65126698033
84001015,2075,2197600,452508.5578536905
84001017,2024,1366200,1302155.6195999999
84003004,2024,1511700,1434063.012
84006010,2024,1618200,1609403.0976
84008019,2075,1809700,344226.0885429005
84009005,2100,1750200,122230.25498603392
84009006,2030,1465400,1156592.3305993646
87001021,2100,622600,56200.91762569369
87008007,2100,746000,78905.9494416675
87008066,2100,470100,49723.440794273316
87008085,2100,400000,42308.82007596113
87008086,2100,438100,46338.73518819643
87011007,2100,637000,67376.7959709681
87011008,2100,567800,60057.370097826824
87011035,2100,571400,57908.680178911825
87011036,2100,508000,44590.42156656401
87011041,2075,1372800,299835.5248782411
87011042,2075,457000,83680.17089986782
87011045,2100,617000,25699.09603521983
87011046,2100,480700,33080.5397634092
87011048,2100,633000,66811.30209929557
87011073,2100,837800,82866.94665916057
87011075,2100,501900,9954.003503314889
87011076,2100,490800,3786.639396798521
87011078,2075,457800,46414.44018668307
87011079,2075,773600,125629.25647631916
87011080,2075,782400,123987.91778602742
87011087,2100,648300,28536.81033686024
87011088,2100,477800,34024.655445754004
87011089,2100,457700,48411.867371918524
87011090,2100,495800,52441.782484153824
87011103,2100,495600,27224.353326529774
87012044,2100,1327700,128602.52254861183
87012078,2100,457700,23358.918141879858
87023040,2050,1650800,597008.7120246699
87023041,2024,1823400,1669428.327
87023043,2100,1062400,112372.22612175276
87023044,2075,1633100,270126.61329233757
87023046,2100,1597200,113276.90746641197
87023051,2024,1708700,1583915.844
87023054,2100,773200,81782.94920683287
87023055,2100,665000,64216.67204452668
87028001,2024,1185500,940533.572
87028002,2024,1292000,1044336.938
87028004,2024,1190200,1059601.8769999999
87028005,2030,1189900,897659.451864693
87028006,2030,1927900,1529309.045933944
87028007,2030,1290400,990808.003166272
87028008,2050,1715000,645883.0075790812
87028009,2075,1616000,229843.31350562544
87028010,2100,2128700,124165.73612173442
87028011,2050,1725400,636489.2845287821
87028012,2050,2123600,813723.6241332986
87028013,2100,1503100,57534.89751357619
87028014,2050,1762000,642375.6200115636
87028015,2030,2758400,2181234.614238476
87028016,2100,1600600,75992.80831890072
91006003,2100,1677400,148943.56085757932
91006005,2030,1754800,1416729.2755245871
91006006,2024,1560800,1499269.127
91006007,2030,1572800,1205034.8109397518
91006009,2024,1530800,1471411.3523
91006012,2024,1702300,1647570.6212
91006042,2075,1232500,211271.8173912438
91007009,2024,1655200,1570271.5686
91007011,2030,2019600,1609138.2047380323
91007013,2100,792600,83834.92698051698
91007015,2030,1598000,1241342.4692609357
91007050,2030,1866700,1523603.8603069806
91007052,2024,1134500,1030895.2787
91007053,2050,1258400,500368.9346423927
91007064,2024,1277000,1191306.8276
91007070,2024,1443800,1330428.8964
91007072,2030,1782500,1404575.8947705077
91007078,2030,2161400,1717052.280842211
91007080,2050,1672400,649150.5570243803
91023026,2024,1465000,1462858.1908
91023029,2024,2053800,2053800
91024009,2100,1732100,178414.7926991492
91024010,2030,1540600,1264135.9318916062
91024013,2024,1251300,1201232.0794
91024020,2030,1553500,1259835.8016419297
91024022,2024,1563900,1515233.1036
91024024,2075,1216700,235211.86788695742
91024025,2024,1246000,1173451.2592
91024029,2075,1435600,287466.53560851986
91024095,2030,1226000,968881.03507944
91025001,2100,1493900,126731.85285588582
91025003,2024,1244100,1142486.2415999998
91025004,2075,1664500,329587.52389834827
91025005,2024,1755800,1688206.37
91025006,2075,1597100,314951.84748805995
91025007,2030,1665100,1335045.4348054458
91025010,2075,1637400,329407.22152931854
91025011,2030,1792600,1448996.3510220333
91025012,2050,1612400,702020.8116321799
91025013,2030,1446200,1158861.5230860559
91025016,2050,1097400,508858.5938910143
91025054,2050,1688600,684513.6440162224
91025074,2030,999200,794074.2749343824
