"...1","geoid","tract","block","total_hh","multi","single","owner","renter","avg_hh","less_10000","10000_14999","15000_19999","20000_24999","25000_29999","30000_34999","35000_39999","40000_44999","45000_49999","50000_59999","60000_74999","75000_99999","100000_124999","125000_149999","150000_199999","200000_inf","alice1","alice2","alice3","alice4","alice5","alice_pct","parcel_count"
11,150030001142,1.14,2,352,272,80,279,73,3,4,0,0,0,11,25,0,0,0,0,3,4,19,20,40,226,40,40,43,47,66,0.122159090909091,11
29,150030002001,2,1,233,211,22,201,32,3,0,24,0,0,0,0,0,0,0,0,0,0,27,12,21,149,24,24,24,24,51,0.103004291845494,13
38,150030003022,3.02,2,445,341,104,372,73,3,38,0,9,0,0,0,0,0,16,14,11,20,29,30,96,182,47,77,88,108,137,0.197752808988764,24
46,150030005003,5,3,256,170,86,231,25,2,86,0,0,0,0,9,0,0,0,10,0,0,12,8,15,116,95,105,105,105,117,0.41015625,22
47,150030005004,5,4,326,196,130,248,78,2,0,0,0,0,0,21,0,0,32,0,5,20,33,9,97,109,21,53,58,78,111,0.162576687116564,9
48,150030005005,5,5,263,168,95,199,64,3,31,0,0,8,0,0,0,9,11,0,0,26,42,0,46,90,39,59,59,85,127,0.224334600760456,6
50,150030006002,6,2,440,384,56,413,27,3,16,1,6,13,0,0,0,0,0,7,67,14,38,8,76,194,36,43,110,124,162,0.25,17
89,150030017002,17,2,434,232,202,307,127,2,35,0,10,0,0,0,0,9,21,8,0,59,37,16,80,159,45,83,83,142,179,0.191244239631336,17
441,150030084182,84.18,2,364,332,32,318,46,5,0,0,14,0,0,0,18,0,0,9,0,42,65,9,45,162,32,41,41,83,148,0.406593406593407,11
442,150030084183,84.18,3,272,246,26,157,115,4,0,0,0,0,0,24,0,0,0,21,16,33,11,71,20,76,24,45,61,94,105,0.345588235294118,32
611,150030096101,96.1,1,222,186,36,101,121,5,0,0,0,76,0,21,0,12,0,21,9,16,37,0,9,21,97,130,139,155,192,0.864864864864865,23
612,150030096102,96.1,2,525,454,71,454,71,4,42,0,0,9,0,0,0,7,10,51,0,20,113,82,123,68,51,119,119,139,252,0.264761904761905,8
613,150030096103,96.1,3,180,163,17,92,88,2,0,0,0,0,0,9,0,0,0,47,10,9,0,86,10,9,9,56,66,75,75,0.311111111111111,15
628,150030098011,98.01,1,202,133,69,181,21,3,4,4,0,0,0,9,1,10,0,9,2,48,14,1,38,62,18,37,39,87,101,0.193069306930693,6
631,150030098032,98.03,2,303,176,127,69,234,3,12,12,0,0,0,0,0,0,25,0,24,28,43,97,49,13,24,49,73,101,144,0.240924092409241,3
636,150030099021,99.02,1,220,93,127,78,142,2,50,25,0,0,0,45,0,0,0,0,56,10,0,15,10,9,120,120,176,186,186,0.545454545454545,11
642,150030099053,99.05,3,448,380,68,309,139,3,0,0,9,59,16,0,7,0,13,37,31,31,83,68,21,73,91,141,172,203,286,0.383928571428571,27
643,150030099061,99.06,1,596,330,266,303,293,2,9,15,17,51,3,16,20,17,13,24,91,42,52,62,36,128,131,185,276,318,370,0.310402684563758,67
644,150030099062,99.06,2,179,123,56,118,61,3,23,11,0,0,3,0,0,0,12,15,14,20,10,7,40,24,37,64,78,98,108,0.435754189944134,34
646,150030100001,100,1,422,282,140,230,192,2,0,0,12,0,0,0,0,0,47,10,66,20,43,25,18,181,12,69,135,155,198,0.163507109004739,64
649,150030101011,101.01,1,377,287,90,170,207,3,0,0,0,14,0,0,0,4,30,34,36,92,75,13,13,66,14,82,118,210,285,0.312997347480106,20
651,150030101021,101.02,1,588,502,86,459,129,3,12,0,101,5,12,6,13,0,0,0,44,70,32,73,40,180,149,149,193,263,295,0.328231292517007,22
652,150030101022,101.02,2,220,203,17,124,96,4,0,6,0,0,0,0,0,0,33,0,23,49,6,47,21,35,6,39,62,111,117,0.504545454545455,87
653,150030101031,101.03,1,179,94,85,139,40,2,14,1,2,6,0,5,2,4,6,8,38,25,16,8,29,15,30,48,86,111,127,0.268156424581006,17
656,150030102022,102.02,2,188,143,45,89,99,4,0,0,0,6,0,18,0,0,19,11,30,52,4,28,13,7,24,54,84,136,140,0.723404255319149,10
658,150030102024,102.02,4,336,309,27,130,206,4,9,13,15,0,0,0,16,0,0,43,32,60,35,24,27,62,53,96,128,188,223,0.55952380952381,54
659,150030102031,102.03,1,318,204,114,164,154,3,6,40,17,3,0,7,0,11,0,3,42,46,10,15,50,68,73,87,129,175,185,0.405660377358491,68
660,150030102041,102.04,1,193,152,41,122,71,3,0,0,0,0,0,0,0,0,0,11,5,0,54,81,26,16,0,11,16,16,70,0.0829015544041451,33
661,150030102042,102.04,2,437,365,72,201,236,4,14,20,0,0,31,0,13,23,5,44,19,71,69,12,58,58,78,150,169,240,309,0.549199084668192,34
662,150030102051,102.05,1,556,433,123,395,161,3,24,0,11,9,35,2,26,14,26,33,35,40,36,104,58,103,107,180,215,255,291,0.386690647482014,43
665,150030103033,103.03,3,311,171,140,200,111,3,33,3,2,21,3,15,3,0,0,0,70,41,20,42,5,53,80,80,150,191,211,0.482315112540193,4
736,150030112021,112.02,1,315,250,65,226,89,3,6,5,0,0,0,0,0,7,6,38,6,21,5,28,67,126,11,62,68,89,94,0.215873015873016,35
737,150030112022,112.02,2,413,296,117,274,139,2,22,0,0,15,21,0,0,17,0,22,35,96,12,0,22,151,58,97,132,228,240,0.234866828087167,12
750,150039400031,9400.03,1,652,561,91,556,96,4,18,0,0,7,14,0,16,30,34,15,70,82,76,53,90,147,55,134,204,286,362,0.438650306748466,2
751,150039400041,9400.04,1,534,460,74,438,96,4,17,10,15,19,22,7,19,16,10,16,32,45,32,46,101,127,109,151,183,228,260,0.426966292134831,17
754,150039400071,9400.07,1,495,393,102,168,327,4,53,11,0,58,5,9,29,8,9,61,33,92,28,59,40,0,165,243,276,368,396,0.743434343434343,4
