"","tmk","year_tce","lat","long","shape_area","shape_length","near_line","near_ce05","near_ce11","near_ce20","near_ce32","near_pf05","near_pf11","near_pf20","near_pf32","area","sa_ce05","sa_ce11","sa_ce20","sa_ce32","sa_pf05","sa_pf11","sa_pf20","sa_pf32","building_value","land_value","total_value","land_class","n","point_count","percenthazard_ce05","landvalue_ce05","percenthazard_ce11","landvalue_ce11","percenthazard_ce20","landvalue_ce20","percenthazard_ce32","landvalue_ce32","public_costce","public_costce_discounted","discount_countywide","capped_discounted","years_out","public_costce_disc","cap_disc","capped_costce","geoid20","district","sa_year"
"1",31033065,2100,0,0,2360.81916,274.2175303,42.82677746,36.75594718,30.45408288,18.35366569,4.016113304,47.79938102,46.98874927,45.70305617,42.49815807,509.175722115,0,0,0,0,0,0,0,0,806900,2190300,2997200,"RESIDENTIAL A",1,1,0,2190300,0,2190300,0,2190300,0,2190300,2997200,317019.988829177,317019.988829177,317019.988829177,76,317019.988829177,82470.4675330672,82470.4675330672,150030017002,"PRIMARY URBAN CENTER",0
"2",31038024,2050,0,0,4163.820351,305.9604577,12.43128525,8.272862638,5.341063211,0,0,18.47499435,17.75000079,15.83773546,14.59014931,3357.30921975,0,0,186.623625559,651.897043308,0,0,0,0,0,6405500,6405500,"RESIDENTIAL A",3,3,0,6405500,0,6405500,0.0555872615072665,6049437.4715,0.194172475824715,5161731.254,6405500,2970196.57660734,2970196.57660734,779700,26,2970196.57660734,361542.778983802,361542.778983802,150030006002,"PRIMARY URBAN CENTER",0
"3",31039044,2030,0,0,3348.976421,270.3153399,7.252096644,2.547283939,0,0,0,13.48787281,12.57385842,11.49139522,9.730268314,864.080998222,0,72.162343694,230.727421783,431.343179241,0,0,0,0,338900,4702600,5041500,"RESIDENTIAL A",1,1,0,4702600,0.0835134019177448,4309871.7662,0.267020594432423,3446907.0454,0.499192992472425,2355094.9982,5041500,4222176.88007064,4222176.88007064,779700,6,4222176.88007064,652986.474936245,652986.474936245,150030006002,"PRIMARY URBAN CENTER",0
"4",31039053,2030,0,0,4927.40374,298.570673,8.900591113,4.971736387,2.055104234,0,0,23.9866042,23.09766937,22.03913495,20.47805824,797.204003361,0,0,32.0157935954,209.241472914,0,0,0,0,1126300,5081100,6207400,"RESIDENTIAL",1,1,0,5081100,0,5081100,0.0401601013798499,4877043.024,0.262469169788211,3747468.7641,6207400,5198599.77493812,5198599.77493812,779700,6,5198599.77493812,652986.474936245,652986.474936245,150030006002,"PRIMARY URBAN CENTER",0
"5",41001002,2075,21.32410171,-157.6779352,2225.329247,219.1772486,20.27447461,14.13112222,8.566016493,0,0,666.3361072,658.1473673,653.178486,628.4211567,1847.30876387,0,0,0,196.781136857,0,0,0,0,274800,3500100,3774900,"RESIDENTIAL",1,3,0,3500100,0,3500100,0,3500100,0.106523143670231,3127258.8477,3774900,836001.374270233,836001.374270233,779700,51,836001.374270233,172674.844769001,172674.844769001,150039400041,"KOOLAUPOKO",0
"6",41001003,2075,21.32419855,-157.6781019,3890.441307,378.4035885,17.55934491,11.92307631,6.912807266,0,0,645.2097223,637.0140873,632.0452755,607.260275,1549.45933447,0,0,0,100.570719265,0,0,0,0,332700,3242700,3575400,"RESIDENTIAL A",1,3,0,3242700,0,3242700,0,3242700,0.0649069756318585,3032226.0711,3575400,791819.469009985,791819.469009985,779700,51,791819.469009985,172674.844769001,172674.844769001,150039400041,"KOOLAUPOKO",0
"7",41001004,2075,21.32421899,-157.6782723,4793.505699,359.1198507,16.21572052,11.41536834,7.462125856,0.181968696,0,628.2405045,620.0431492,615.0743424,590.2968712,1365.12448392,0,0,0,74.4527229751,0,0,0,0,1836100,3099500,4935600,"RESIDENTIAL A",1,1,0,3099500,0,3099500,0,3099500,0.0545391455886181,2930456.3695,4935600,1093053.69224302,1093053.69224302,779700,51,1093053.69224302,172674.844769001,172674.844769001,150039400041,"KOOLAUPOKO",0
"8",41001006,2030,21.3235155,-157.6772599,4946.835495,379.4997143,10.92501155,4.575405293,0,0,0,756.8001552,748.6433565,743.6755609,718.9807814,1134.57701328,0,0,94.0070416749,355.875406662,0,0,0,0,632000,2983700,3615700,"RESIDENTIAL A",1,1,0,2983700,0,2983700,0.0828564659556523,2736482.5528,0.313663508511585,2047820.7232,3615700,3028091.82689109,3028091.82689109,779700,6,3028091.82689109,652986.474936245,652986.474936245,150039400041,"KOOLAUPOKO",0
"9",41001008,2050,21.3237551,-157.6775338,1717.006416,174.3478004,20.39052292,13.13662374,6.072340938,0,0,722.5895018,714.4251765,709.4569391,684.7443786,1912.82702265,0,0,163.273653648,520.432994257,0,0,0,0,622000,2262400,2884400,"RESIDENTIAL A",2,3,0,2262400,0,2262400,0.0853572496177952,2069288.3232,0.272075304298033,1646857.52,2884400,1337481.07182362,1337481.07182362,779700,26,1337481.07182362,361542.778983802,361542.778983802,150039400041,"KOOLAUPOKO",0
"10",41002004,2075,21.32549591,-157.6812903,2094.849037,222.8643245,15.93257401,12.31477663,9.902350895,5.102711393,0,283.7950784,275.5924457,270.62373,245.8484931,919.507484596,0,0,0,20.9932682017,0,0,0,0,92100,2248400,2340500,"RESIDENTIAL",1,1,0,2248400,0,2248400,0,2248400,0.0228309921924384,2197066.7796,2340500,518334.582764969,518334.582764969,518334.582764969,51,518334.582764969,172674.844769001,172674.844769001,150039400041,"KOOLAUPOKO",0
"11",41002009,2075,21.32473516,-157.6791963,1961.756088,191.84638,18.43094109,14.22699967,11.10138006,5.216043718,0,519.9641997,511.7295397,506.7638431,481.9008372,1794.05572053,0,0,0,117.635402141,0,0,0,0,967800,3418800,4386600,"RESIDENTIAL A",2,3,0,3418800,0,3418800,0,3418800,0.0655695365505416,3194629.284,4386600,971470.404083236,971470.404083236,779700,51,971470.404083236,172674.844769001,172674.844769001,150039400041,"KOOLAUPOKO",0
"12",41002018,2050,21.32439068,-157.6787493,4115.471115,397.4335258,12.79769416,8.658992036,5.626945908,0,0,577.7140041,569.5127011,564.5439933,539.7580429,1397.63672116,0,0,59.2549505737,174.779665242,0,0,0,0,226600,3099800,3326400,"RESIDENTIAL A",3,2,0,3099800,0,3099800,0.0423965324297719,2968377.7794,0.125053715744487,2712157.6108,3326400,1542434.14135144,1542434.14135144,779700,26,1542434.14135144,361542.778983802,361542.778983802,150039400041,"KOOLAUPOKO",0
"13",41002020,2050,21.32442352,-157.6785239,472.653801,95.93191268,10.5044184,6.421764347,3.488594248,0,0,601.2417572,593.0155401,588.0486724,563.2036859,811.17758874,0,0,33.443132229,134.006836753,0,0,0,0,105400,2146000,2251400,"RESIDENTIAL",1,4,0,2146000,0,2146000,0.0412278799281759,2057524.712,0.165200368714763,1791480.8,2251400,1043962.30935505,1043962.30935505,779700,26,1043962.30935505,361542.778983802,361542.778983802,150039400041,"KOOLAUPOKO",0
"14",41016083,2100,21.32669374,-157.685883,4882.951859,308.8007526,30.15560808,24.51496127,19.02824291,10.39787018,0,192.1065733,181.0120297,170.0080068,66.99700436,925.348216221,0,0,0,0,0,0,0,0,747400,983400,1730800,"RESIDENTIAL",1,1,0,983400,0,983400,0,983400,0,983400,1730800,183070.264468684,183070.264468684,183070.264468684,76,183070.264468684,82470.4675330672,82470.4675330672,150039400031,"KOOLAUPOKO",0
"15",41016085,2100,21.32698107,-157.6867275,4858.84565,388.4231427,30.28824778,25.35812968,20.66583522,13.03685662,3.60296648,282.3017199,271.2529832,260.3832605,155.1624688,1323.72867437,0,0,0,0,0,0,0,0,450100,1143800,1593900,"RESIDENTIAL",1,4,0,1143800,0,1143800,0,1143800,0,1143800,1593900,168590.070797686,168590.070797686,168590.070797686,76,168590.070797686,82470.4675330672,82470.4675330672,150039400031,"KOOLAUPOKO",0
"16",41017014,2100,21.32653871,-157.6855765,1662.544434,168.6019595,36.17087165,30.27508608,24.58231253,15.71916531,5.010662206,166.3895481,155.358837,144.3474359,48.49037842,902.492340522,0,0,0,0,0,0,0,0,61000,977100,1038100,"RESIDENTIAL",1,3,0,977100,0,977100,0,977100,0,977100,1038100,109801.965302138,109801.965302138,109801.965302138,76,109801.965302138,82470.4675330672,82470.4675330672,150039400041,"KOOLAUPOKO",0
"17",43004075,2075,21.38640833,-157.7114492,1957.72995,196.0630219,31.9536825,24.16641619,15.62172172,3.763734978,0,31.18159478,30.55459011,30.35744968,30.19217079,905.790537193,0,0,0,112.54804205,0,0,0,0,809700,1927600,2737300,"RESIDENTIAL A",2,1,0,1927600,0,1927600,0,1927600,0.124253938883907,1688087.9896,2737300,606211.17428009,606211.17428009,606211.17428009,51,606211.17428009,172674.844769001,172674.844769001,150030112021,"KOOLAUPOKO",0
"18",43005057,2030,21.38831163,-157.7119793,5125.780151,312.6564772,6.457318126,2.446485922,0,0,0,6.262567303,5.534082598,4.855005369,4.120453133,1943.36225149,0,120.979320838,316.559460309,544.433021411,0,0,0,0,2348900,6918200,9267100,"RESIDENTIAL A",1,3,0,6918200,0.0622525835032782,6487521.2954,0.162892667111492,5791273.6474,0.2801500445908,4980066.27,9267100,7761050.35511309,7761050.35511309,779700,6,7761050.35511309,652986.474936245,652986.474936245,150030112021,"KOOLAUPOKO",0
"19",43007032,2075,21.39355989,-157.7170932,5001.747681,330.1201657,15.88512412,12.13682348,9.379289278,4.591018573,0,20.97081073,19.1758661,16.57202395,11.12293652,1044.66958081,0,0,0,26.5632301965,0,0,0,0,2012700,4882400,6895100,"RESIDENTIAL",1,1,0,4882400,0,4882400,0,4882400,0.025427398944558,4758255.2152,6895100,1527010.8018042,1527010.8018042,779700,51,1527010.8018042,172674.844769001,172674.844769001,150030112021,"KOOLAUPOKO",0
"20",43008045,2030,21.39464242,-157.7185773,3967.774704,358.9278395,6.398795315,1.834460034,0,0,0,3.993371133,3.809080657,3.809080657,3.200042685,1045.29506914,0,84.764989366,235.700928601,414.640488757,0,0,0,0,0,4301000,4301000,"RESIDENTIAL A",1,1,0,4301000,0.0810919250157174,3952223.308,0.225487458574658,3331180.413,0.396673150958359,2594909.427,4301000,3602019.7879964,3602019.7879964,779700,6,3602019.7879964,652986.474936245,652986.474936245,150030112021,"KOOLAUPOKO",0
"21",51001020,2075,21.54319395,-157.8446115,1974.567535,183.0100056,23.73317458,17.76737716,11.97232665,3.003989087,0,24.42462262,23.6567581,22.86093037,22.01532859,442.395920812,0,0,0,167.238748321,0,0,0,0,116600,722600,839200,"RESIDENTIAL",1,1,0,722600,0,722600,0,722600,0.378029589454713,449435.522,839200,185851.904232584,185851.904232584,185851.904232584,51,185851.904232584,172674.844769001,172674.844769001,150030102051,"KOOLAULOA",0
"22",51001021,2075,21.5430508,-157.8444259,2282.881378,208.5263578,22.68268684,16.58067198,10.6080695,1.432954389,0,23.69221739,23.21322017,22.33100085,21.45927352,531.713371196,0,0,0,151.471586922,0,0,0,0,331200,742200,1073400,"RESIDENTIAL",1,1,0,742200,0,742200,0,742200,0.284874511583732,530765.775,1073400,237718.58198672,237718.58198672,237718.58198672,51,237718.58198672,172674.844769001,172674.844769001,150030102051,"KOOLAULOA",0
"23",51002003,2030,21.55046806,-157.8473733,1903.199661,187.80153,8.5053786,3.629354807,0,0,0,12.87375607,11.47315613,9.936113016,7.542847602,682.077004757,0,85.7822891496,263.996491078,495.550527225,0,0,0,0,250800,731800,982600,"RESIDENTIAL",2,1,0,731800,0.125766282327845,639764.4412,0.387047927487385,448558.2736,0.726531643449184,200123.8824,982600,822912.030617359,822912.030617359,779700,6,822912.030617359,652986.474936245,652986.474936245,150030102051,"KOOLAULOA",0
"24",51002017,2100,21.54875553,-157.8468313,1437.293945,161.4088981,32.88585168,27.48623941,22.72489453,15.04973505,5.502077439,39.37357619,37.85901853,35.63211481,33.67951882,586.310317297,0,0,0,0,0,0,0,0,0,767900,767900,"RESIDENTIAL",1,2,0,767900,0,767900,0,767900,0,767900,767900,81222.3573408264,81222.3573408264,81222.3573408264,76,81222.3573408264,82470.4675330672,81222.3573408264,150030102051,"KOOLAULOA",0
"25",51003031,2075,21.55717561,-157.8562916,2480.491653,255.4753947,23.41264081,18.13253218,13.46914938,5.912728658,0,26.18750825,25.15445242,23.95495577,23.03718471,760.069510432,0,0,0,69.2617195584,0,0,0,0,77600,940000,1017600,"RESIDENTIAL A",1,2,0,940000,0,940000,0,940000,0.091125507085574,854341.56,1017600,225360.936304906,225360.936304906,225360.936304906,51,225360.936304906,172674.844769001,172674.844769001,150030102051,"KOOLAULOA",0
"26",51003051,2100,21.5579389,-157.8587387,3477.009949,239.0553863,21.14239955,17.01111213,13.88210834,8.31424532,0.989880972,21.86907381,21.13651886,20.43033749,19.2722282,470.622067745,0,0,0,0,0,0,0,0,314800,815000,1129800,"RESIDENTIAL A",1,1,0,815000,0,815000,0,815000,0,815000,1129800,119501.262304552,119501.262304552,119501.262304552,76,119501.262304552,82470.4675330672,82470.4675330672,150030102051,"KOOLAULOA",0
"27",51005016,2100,21.55877624,-157.8611136,1554.112076,170.1983553,20.71875339,16.96426078,14.34571743,9.417952004,2.556455384,21.87851647,21.25878704,19.66013602,17.65412681,505.217325563,0,0,0,0,0,0,0,0,86300,825500,911800,"RESIDENTIAL",1,1,0,825500,0,825500,0,825500,0,825500,911800,96442.9553631534,96442.9553631534,96442.9553631534,76,96442.9553631534,82470.4675330672,82470.4675330672,150030102051,"KOOLAULOA",0
"28",51005031,2050,21.56001367,-157.8638276,1317.732727,158.6691374,17.50059595,11.38718076,5.681962107,0,0,15.7234196,15.6297116,14.73154851,14.59946722,758.945692439,0,0,1.03460807464,244.820518758,0,0,0,0,375900,1134600,1510500,"RESIDENTIAL",1,2,0,1134600,0,1134600,0.001363217533148,1133053.5402,0.322579759259491,768600.732,1510500,700410.88579586,700410.88579586,700410.88579586,26,700410.88579586,361542.778983802,361542.778983802,150030102051,"KOOLAULOA",0
"29",51006001,2075,21.5401703,-157.841711,3999.618622,272.6383514,20.55520953,14.48764203,8.924361549,0.263540891,0,26.73220638,25.79106282,24.51451357,22.6297086,1337.26886296,0,0,0,456.386465596,0,0,0,0,205100,2102300,2307400,"RESIDENTIAL A",1,1,0,2102300,0,2102300,0,2102300,0.341282503643885,1384820.7491,2307400,511004.1513659,511004.1513659,511004.1513659,51,511004.1513659,172674.844769001,172674.844769001,150030102051,"KOOLAULOA",0
"30",51006004,2075,21.54084172,-157.8419854,2594.363663,243.6025636,20.45547524,14.61758833,9.35531146,1.07119692,0,25.75998534,24.76524657,23.22941887,21.60229872,579.461397487,0,0,0,133.476664612,0,0,0,0,245600,841600,1087200,"RESIDENTIAL",1,1,0,841600,0,841600,0,841600,0.230346085504332,647740.8064,1087200,240774.773929534,240774.773929534,240774.773929534,51,240774.773929534,172674.844769001,172674.844769001,150030102051,"KOOLAULOA",0
"31",51006009,2075,21.54189767,-157.8423827,1491.952652,158.9257802,24.2146708,17.86913942,11.6305348,2.107157022,0,26.31699719,25.43595115,24.36388729,22.96537366,889.661425319,0,0,0,261.935803437,0,0,0,0,267100,978200,1245300,"RESIDENTIAL A",1,2,0,978200,0,978200,0,978200,0.294421895771281,690196.3996,1245300,275788.10336134,275788.10336134,275788.10336134,51,275788.10336134,172674.844769001,172674.844769001,150030102051,"KOOLAULOA",0
"32",51006010,2050,21.54220799,-157.8426462,1757.26442,169.024399,19.01253255,12.17613482,5.339422231,0,0,20.66615686,19.41508299,17.43105717,16.043286,539.574508244,0,0,0,235.566696437,0,0,0,0,111900,798000,909900,"RESIDENTIAL",1,2,0,798000,0,798000,0,798000,0.436578624152635,449609.958,909900,421915.832496295,421915.832496295,421915.832496295,26,421915.832496295,361542.778983802,361542.778983802,150030102051,"KOOLAULOA",0
"33",51010016,2075,21.55374872,-157.8502261,2614.29184,211.631204,20.70147258,14.9518184,9.763182607,1.557482261,0,20.13685432,19.59127384,18.73278819,17.91459983,1267.17897076,0,0,0,225.162379588,0,0,0,0,393100,1140000,1533100,"RESIDENTIAL",1,2,0,1140000,0,1140000,0,1140000,0.177687907378196,937435.68,1533100,339525.207791914,339525.207791914,339525.207791914,51,339525.207791914,172674.844769001,172674.844769001,150030102051,"KOOLAULOA",0
"34",51010019,2075,21.55311816,-157.8497561,3366.019073,233.5804999,18.59658676,13.05473536,8.177129497,0.369358773,0,19.51898034,18.38430076,17.28720634,16.43358208,671.051835691,0,0,0,176.935153026,0,0,0,0,432800,889000,1321800,"RESIDENTIAL A",1,1,0,889000,0,889000,0,889000,0.263668383894376,654599.148,1321800,292730.036957375,292730.036957375,292730.036957375,51,292730.036957375,172674.844769001,172674.844769001,150030102051,"KOOLAULOA",0
"35",51010022,2075,21.5524891,-157.8492955,1521.328461,159.6688645,22.64268799,17.50601828,13.10269844,5.802618829,0,26.38454504,25.28491579,23.22582679,21.60449098,1395.99915813,0,0,0,129.343269455,0,0,0,0,103000,1212000,1315000,"RESIDENTIAL A",1,1,0,1212000,0,1212000,0,1212000,0.092652827691,1099704.564,1315000,291224.087304394,291224.087304394,291224.087304394,51,291224.087304394,172674.844769001,172674.844769001,150030102051,"KOOLAULOA",0
"36",51010023,2075,21.55227594,-157.849152,2325.580185,216.4770238,22.18290136,17.17392302,12.97535349,6.008904193,0,24.96173901,24.09849329,22.40620541,20.49696178,1368.68282519,0,0,0,106.776877698,0,0,0,0,206000,815400,1021400,"RESIDENTIAL",2,2,0,815400,0,815400,0,815400,0.0780143330016414,751787.3844,1021400,226202.496405101,226202.496405101,226202.496405101,51,226202.496405101,172674.844769001,172674.844769001,150030102051,"KOOLAULOA",0
"37",51011035,2075,21.55454926,-157.8508716,1840.7117,174.0083773,19.27999458,13.85811203,9.058879223,1.184224042,0,21.45161992,20.72004872,20.01173877,18.59738726,551.617743677,0,0,0,159.443256675,0,0,0,0,120800,823400,944200,"RESIDENTIAL",1,1,0,823400,0,823400,0,823400,0.289046642358122,585398.7002,944200,209105.538580083,209105.538580083,209105.538580083,51,209105.538580083,172674.844769001,172674.844769001,150030102051,"KOOLAULOA",0
"38",51012013,2100,21.55737486,-157.8546544,1523.79393,217.171082,23.72183219,18.81816733,14.76524979,7.964764569,0,35.004229,33.79200291,31.97874506,29.79144396,767.938019661,0,0,0,0,0,0,0,0,63700,931300,995000,"RESIDENTIAL",1,3,0,931300,0,931300,0,931300,0,931300,995000,105243.189938953,105243.189938953,105243.189938953,76,105243.189938953,82470.4675330672,82470.4675330672,150030102051,"KOOLAULOA",0
"39",51012017,2075,21.55751458,-157.8548458,3320.098846,265.6975575,15.86301183,10.62420168,6.329451622,1.895202224,0,26.83051926,25.2029703,23.80355949,10.39868419,1330.03984843,0,0,0,3.47173624059,0,0,0,94.3124607741,1053700,764500,1818200,"RESIDENTIAL",1,1,0,764500,0,764500,0,764500,0.00261024979416074,762504.655,1818200,402664.36162498,402664.36162498,402664.36162498,51,402664.36162498,172674.844769001,172674.844769001,150030102051,"KOOLAULOA",0
"40",53002011,2100,21.57497777,-157.8790395,2934.823364,293.7572844,50.45445022,41.86396923,32.04382502,17.7382742,1.475878342,48.69709297,47.80032721,46.46065538,45.61928629,468.253755172,0,0,0,0,0,0,0,0,486000,642600,1128600,"RESIDENTIAL",1,1,0,642600,0,642600,0,642600,0,642600,1128600,119374.335844324,119374.335844324,119374.335844324,76,119374.335844324,82470.4675330672,82470.4675330672,150030102031,"KOOLAULOA",0
"41",53002012,2100,21.57493291,-157.8788573,2259.707108,202.7332566,54.7808719,45.93973131,35.67573,20.62731876,3.390451461,52.97892781,52.3628091,51.46954956,50.7064414,521.43127975,0,0,0,0,0,0,0,0,410300,642600,1052900,"RESIDENTIAL",1,1,0,642600,0,642600,0,642600,0,642600,1052900,111367.391644949,111367.391644949,111367.391644949,76,111367.391644949,82470.4675330672,82470.4675330672,150030102031,"KOOLAULOA",0
"42",53002043,2100,21.57477967,-157.878567,1877.330276,191.9253552,60.18369752,50.05759126,38.44551036,21.97967235,3.468345358,60.20557421,59.73781052,57.99830633,40.26778636,467.785605272,0,0,0,0,0,0,0,0,113000,630000,743000,"RESIDENTIAL",1,1,0,630000,0,630000,0,630000,0,630000,743000,78588.6332910978,78588.6332910978,78588.6332910978,76,78588.6332910978,82470.4675330672,78588.6332910978,150030102031,"KOOLAULOA",0
"43",53008017,2050,21.59189052,-157.8917267,2724.112152,244.2060816,10.42840705,7.381315613,5.738306966,2.202576747,0,19.59002926,18.64290336,16.81253727,15.40279389,1356.15541276,0,0,6.45374767257,102.096482632,0,0,0,0,626900,1013900,1640800,"RESIDENTIAL",1,3,0,1013900,0,1013900,0.00475885552042708,1009074.8499,0.0752837629606306,937569.5524,1640800,760830.308781097,760830.308781097,760830.308781097,26,760830.308781097,361542.778983802,361542.778983802,150030102031,"KOOLAULOA",0
"44",53009032,2030,21.59308825,-157.8939001,3329.289963,285.3888942,7.407991479,3.639158767,0.700639284,0,0,6.135557137,5.490073486,4.963721235,4.597409264,796.815179703,0,65.5389307016,283.661500578,562.291421663,0,0,0,0,504100,914100,1418200,"RESIDENTIAL A",1,1,0,914100,0.0822511071212631,838914.3609,0.35599409725569,588685.8846,0.705673581510564,269043.3966,1418200,1187720.17282876,1187720.17282876,779700,6,1187720.17282876,652986.474936245,652986.474936245,150030102031,"KOOLAULOA",0
"45",53009035,2030,21.59505783,-157.8955873,1333.438446,153.718655,7.707329567,4.364412166,2.036698036,0,0,9.235103358,7.863304342,5.233902812,4.048642317,445.080365544,0,46.7094691226,155.708641467,307.456503017,0,0,0,0,185800,751800,937600,"RESIDENTIAL",1,1,0,751800,0.104946146221277,672901.5972,0.349843878816548,488787.2808,0.690788735740367,232464.8298,937600,785225.239066594,785225.239066594,779700,6,785225.239066594,652986.474936245,652986.474936245,150030102031,"KOOLAULOA",0
"46",53014012,2075,21.60451876,-157.9009053,2062.528015,218.6209929,20.20842827,15.37728816,11.43789562,5.287531393,0,18.46010449,17.92892733,17.28192169,17.0503399,486.628534254,0,0,0,108.285400887,0,0,0,0,276300,630000,906300,"RESIDENTIAL",1,1,0,630000,0,630000,0,630000,0.222521683922627,489811.14,906300,200712.083896557,200712.083896557,200712.083896557,51,200712.083896557,172674.844769001,172674.844769001,150030102041,"KOOLAULOA",0
"47",53016010,2100,21.60560605,-157.9027171,2805.015015,237.3979451,17.67938984,14.30416111,12.30260031,8.572682447,3.394558828,21.39550906,20.49732732,18.69069,16.92776322,469.33132155,0,0,0,0,0,0,0,0,471700,568000,1039700,"RESIDENTIAL A",1,1,0,568000,0,568000,0,568000,0,568000,1039700,109971.200582442,109971.200582442,109971.200582442,76,109971.200582442,82470.4675330672,82470.4675330672,150030102041,"KOOLAULOA",0
"48",53016034,2100,21.60551499,-157.9025347,2795.901108,208.8198785,19.16714133,15.72263796,13.62702326,9.773454129,4.473911078,22.18080685,21.2456447,19.91786297,18.1108727,484.094614113,0,0,0,0,0,0,0,0,315400,569100,884500,"RESIDENTIAL",1,1,0,569100,0,569100,0,569100,0,569100,884500,93555.378392969,93555.378392969,93555.378392969,76,93555.378392969,82470.4675330672,82470.4675330672,150030102041,"KOOLAULOA",0
"49",53016035,2100,21.60542489,-157.9023536,2304.658173,218.4347078,19.33807541,15.74948143,13.46164952,9.366954936,3.826496276,21.4320228,20.54218345,19.66291239,17.94242251,433.935188666,0,0,0,0,0,0,0,0,504200,568000,1072200,"RESIDENTIAL A",1,1,0,568000,0,568000,0,568000,0,568000,1072200,113408.792213614,113408.792213614,113408.792213614,76,113408.792213614,82470.4675330672,82470.4675330672,150030102041,"KOOLAULOA",0
"50",54010013,2030,21.60712041,-157.9065149,804.0357208,121.3059064,9.415512226,5.796417976,3.429475423,0,0,13.1299155,12.24886342,10.26630364,8.551611288,257.394808111,0,3.65086873314,73.3434817382,168.55496658,0,0,0,0,303000,500500,803500,"RESIDENTIAL",1,1,0,500500,0.0141839253088803,493400.908,0.284945458987545,357885.0275,0.654849908655934,172747.575,803500,672918.600245316,672918.600245316,672918.600245316,6,672918.600245316,652986.474936245,652986.474936245,150030102042,"KOOLAULOA",0
"51",55002030,2030,21.63844846,-157.9186869,1748.800049,177.2965096,10.46098605,5.784816857,1.175620218,0,0,13.73484522,13.73484522,13.40529423,12.6472784,745.701049229,0,0,0,0,0,0,0,0,82000,780100,862100,"RESIDENTIAL",1,3,0,780100,0,780100,0,780100,0,780100,862100,721995.177686978,721995.177686978,721995.177686978,6,721995.177686978,652986.474936245,652986.474936245,150030102024,"KOOLAULOA",0
"52",55002031,2100,21.63816417,-157.919247,4316.264648,412.8347628,42.97312595,35.52386387,27.8563768,17.26114347,5.677466116,46.28938269,45.16964333,43.97863432,43.00024983,752.786979338,0,0,0,0,0,0,0,0,266400,797100,1063500,"RESIDENTIAL A",1,1,0,797100,0,797100,0,797100,0,797100,1063500,112488.575376962,112488.575376962,112488.575376962,76,112488.575376962,82470.4675330672,82470.4675330672,150030102024,"KOOLAULOA",0
"53",59001010,2075,21.67657849,-158.0387444,5691.103302,384.7903745,15.74339619,12.13549515,9.411583258,3.730363618,0,38.22865273,36.33612736,32.71846226,28.70957404,937.66421575,0,0,0,53.8592392686,0,0,0,0,2842700,3298300,6141000,"RESIDENTIAL A",1,1,0,3298300,0,3298300,0,3298300,0.0574397938664217,3108845.648,6141000,1360005.41455231,1360005.41455231,779700,51,1360005.41455231,172674.844769001,172674.844769001,150030101021,"NORTH SHORE OAHU",0
"54",59001032,2100,21.67549517,-158.0393342,667.9815674,115.9609442,13.99580483,11.65622472,10.4264097,6.67328888,0.519424719,31.26698845,30.67986846,29.26891071,27.40401678,495.213200137,0,0,0,0,0,0,0,0,313200,3025200,3338400,"RESIDENTIAL",1,1,0,3025200,0,3025200,0,3025200,0,3025200,3338400,353109.412353972,353109.412353972,353109.412353972,76,353109.412353972,82470.4675330672,82470.4675330672,150030101021,"NORTH SHORE OAHU",0
"55",59001033,2050,21.67500499,-158.0395895,3917.817383,277.5525835,12.43121124,8.611935741,5.69242566,0.069392933,0,47.10203362,46.13878639,45.09229386,42.47777586,709.512407809,0,0,7.01344049316,198.707808346,0,0,0,0,1054500,3165300,4219800,"RESIDENTIAL A",1,1,0,3165300,0,3165300,0.00988487363430015,3134011.0095,0.280062485389955,2278819.7514,4219800,1956699.010845,1956699.010845,779700,26,1956699.010845,361542.778983802,361542.778983802,150030101021,"NORTH SHORE OAHU",0
"56",59001057,2075,21.6768699,-158.0387602,2364.905518,207.026554,17.15328781,13.24680159,10.17879897,4.008363038,0,38.02359174,35.9249301,31.84955727,27.8635379,474.647334121,0,0,0,107.869250581,0,0,0,0,1147600,2875400,4023000,"RESIDENTIAL A",1,1,0,2875400,0,2875400,0,2875400,0.227261890727277,2221930.8452,4023000,890946.39028561,890946.39028561,779700,51,890946.39028561,172674.844769001,172674.844769001,150030101021,"NORTH SHORE OAHU",0
"57",59001071,2050,21.6776534,-158.038688,2076.380554,184.0553599,13.53882707,9.075645136,5.299464825,0,0,34.71467191,34.61133307,32.95758796,29.47729254,1049.58367653,0,0,2.16966012526,337.458737983,0,0,0,0,365700,3287000,3652700,"RESIDENTIAL A",1,2,0,3287000,0,3287000,0.00206716260339819,3280205.771,0.321516755194463,2230173.621,3652700,1693737.73091462,1693737.73091462,779700,26,1693737.73091462,361542.778983802,361542.778983802,150030101021,"NORTH SHORE OAHU",0
"58",59001087,2030,21.67978476,-158.0381894,2740.7229,245.115877,10.26338904,5.677327598,1.826765755,0,0,28.28274411,27.58425229,26.17009795,24.75319836,480.970522191,0,0,52.9845921243,227.757269952,0,0,0,0,1149400,2873100,4022500,"RESIDENTIAL A",1,1,0,2873100,0,2873100,0.110161828385938,2556593.5578,0.473536858172681,1512580.8453,4022500,3368780.42251,3368780.42251,779700,6,3368780.42251,652986.474936245,652986.474936245,150030101021,"NORTH SHORE OAHU",0
"59",59001089,2050,21.68007365,-158.0378978,2897.234161,239.7485838,15.42189625,10.30036714,6.025272377,0,0,30.08032689,29.54926398,28.42087863,27.02856018,500.647423,0,0,0,174.756436869,0,0,0,0,595000,3025100,3620100,"RESIDENTIAL",1,1,0,3025100,0,3025100,0,3025100,0.349060893636119,1969155.5689,3620100,1678621.28280013,1678621.28280013,779700,26,1678621.28280013,361542.778983802,361542.778983802,150030101021,"NORTH SHORE OAHU",0
"60",59001110,2030,21.67916315,-158.0386605,1555.290283,165.555208,10.85005203,4.916377192,0,0,0,20.17905,19.26598529,17.94597429,13.12518508,2616.25445063,0,0,97.5678027728,461.870566185,0,0,0,0,540900,936200,1477100,"RESIDENTIAL",4,4,0,936200,0,936200,0.0372929333189688,901286.2934,0.176538855413616,770924.1882,1477100,1237047.99554743,1237047.99554743,779700,6,1237047.99554743,652986.474936245,652986.474936245,150030101021,"NORTH SHORE OAHU",0
"61",59002030,2100,21.67126048,-158.0438979,3068.271301,233.2152068,48.56327996,41.18643726,33.24884878,20.58887727,5.541128931,60.47977626,59.09591876,55.97519566,51.21084071,1133.27241807,0,0,0,0,0,0,0,0,191800,1522100,1713900,"RESIDENTIAL",1,1,0,1522100,0,1522100,0,1522100,0,1522100,1713900,181282.716820474,181282.716820474,181282.716820474,76,181282.716820474,82470.4675330672,82470.4675330672,150030101022,"NORTH SHORE OAHU",0
"62",59003004,2050,21.65859705,-158.0576456,1850.718536,180.2445008,19.54183597,12.60054267,5.089438722,0,0,83.42903088,80.13173686,77.57689261,73.54347331,1250.80729434,0,0,440.67490184,1068.12875685,0,0,0,0,1228000,2850000,4078000,"RESIDENTIAL A",2,3,0,2850000,0,2850000,0.352312385636131,1845910.8,0.85395149331425,416239.65,4078000,1890947.09849422,1890947.09849422,779700,26,1890947.09849422,361542.778983802,361542.778983802,150030101022,"NORTH SHORE OAHU",0
"63",59003005,2050,21.65707226,-158.0586987,3512.919464,300.8028311,23.85910337,14.05805684,2.375266013,0,0,265.7745656,261.3595634,258.1236667,252.8358652,501.697972153,0,0,236.433080323,501.697972205,0,0,0,0,1196300,3026300,4222600,"RESIDENTIAL",1,1,0,3026300,0,3026300,0.471265768343382,1600107.7042,1.00000000010365,0,4222600,1957997.35608183,1957997.35608183,779700,26,1957997.35608183,361542.778983802,361542.778983802,150030101011,"NORTH SHORE OAHU",0
"64",59003014,2075,21.65492628,-158.06023,563.8003235,94.98755239,40.98214085,31.13226724,19.35481639,3.069953977,0,268.9617945,182.5251338,179.367448,172.3516812,410.808065117,0,0,0,134.472213881,0,0,0,0,550500,1064300,1614800,"RESIDENTIAL A",1,2,0,1064300,0,1064300,0,1064300,0.327335866307059,715916.2952,1614800,357618.749946111,357618.749946111,357618.749946111,51,357618.749946111,172674.844769001,172674.844769001,150030101011,"NORTH SHORE OAHU",0
"65",59003033,2030,21.66054661,-158.0557059,1471.049438,180.1169593,9.803699759,2.882174676,0,0,0,91.19636231,86.06101122,79.99650651,41.21044666,469.708866584,0,74.9945044428,255.947093308,465.978611562,0,0,0,0,1082100,3002800,4084900,"RESIDENTIAL A",1,1,0,3002800,0.159661675088666,2523366.9464,0.544905816169489,1366556.2632,0.992058367879813,23848.2376,4084900,3421039.44012706,3421039.44012706,779700,6,3421039.44012706,652986.474936245,652986.474936245,150030101022,"NORTH SHORE OAHU",0
"66",59019012,2075,0,0,2644.087555,224.8592323,19.52264884,15.42907995,11.16768481,3.731361654,0,60.46906401,59.74533325,41.27303715,40.335234,574.668032871,0,0,0,100.59751182,0,0,0,0,2180900,2411400,4592300,"RESIDENTIAL",1,3,0,2411400,0,2411400,0,2411400,0.175053258691669,1989277.1958,4592300,1017025.38108591,1017025.38108591,779700,51,1017025.38108591,172674.844769001,172674.844769001,150030101022,"NORTH SHORE OAHU",0
"67",59019013,2075,21.6697011,-158.046494,1525.14679,162.8363791,19.51822403,15.3130504,10.97260917,3.631530924,0,81.44541482,80.50712598,38.18700541,35.77595947,525.241472367,0,0,0,121.194604181,0,0,0,0,605000,2137100,2742100,"RESIDENTIAL A",1,1,0,2137100,0,2137100,0,2137100,0.230740736512745,1643983.4089,2742100,607274.197564547,607274.197564547,607274.197564547,51,607274.197564547,172674.844769001,172674.844769001,150030101022,"NORTH SHORE OAHU",0
"68",59019014,2075,21.66958747,-158.0465756,2658.278931,231.3236445,14.38288473,10.64244252,6.91597887,0.079910662,0,72.66948869,72.65710531,33.22195833,29.66365737,499.332937484,0,0,0,102.39307889,0,0,0,0,602300,2148700,2751000,"RESIDENTIAL A",1,1,0,2148700,0,2148700,0,2148700,0.205059733102988,1708087.578,2751000,609245.219904477,609245.219904477,609245.219904477,51,609245.219904477,172674.844769001,172674.844769001,150030101022,"NORTH SHORE OAHU",0
"69",59019054,2100,21.66919851,-158.0467748,1165.344086,136.8492806,14.5616537,13.2036183,12.74089771,10.16795496,5.562621026,52.93070601,51.49108478,46.6094289,30.62273071,462.784118544,0,0,0,0,0,0,0,0,604300,2232500,2836800,"RESIDENTIAL",1,2,0,2232500,0,2232500,0,2232500,0,2232500,2836800,300054.151978716,300054.151978716,300054.151978716,76,300054.151978716,82470.4675330672,82470.4675330672,150030101022,"NORTH SHORE OAHU",0
"70",59020048,2030,21.66219662,-158.0536516,2712.907928,281.5709115,8.814545799,2.94860563,0,0,0,349.5393418,343.8672001,337.1182164,161.2165451,653.185800442,0,95.0712027542,392.583602859,653.185800494,0,0,0,0,1633000,3108600,4741600,"RESIDENTIAL A",1,1,0,3108600,0.145550014543897,2656143.27,0.601028991434512,1240241.2506,1.00000000007961,0,4741600,3971015.35149122,3971015.35149122,779700,6,3971015.35149122,652986.474936245,652986.474936245,150030101022,"NORTH SHORE OAHU",0
"71",59020049,2030,21.6620393,-158.0537987,1505.254639,164.59775,9.905873799,3.949850479,0,0,0,334.6712566,328.9942189,322.2376823,189.9614923,605.919810607,0,147.836562623,453.745782702,605.91981054,0,0,0,0,475400,3088500,3563900,"RESIDENTIAL A",1,1,0,3088500,0.24398700955973,2334946.1505,0.748854509720429,775661.3325,0.999999999889424,0,3563900,2984710.14239488,2984710.14239488,779700,6,2984710.14239488,652986.474936245,652986.474936245,150030101022,"NORTH SHORE OAHU",0
"72",59020050,2030,21.66192722,-158.0539402,735.3263855,116.2233471,9.70751332,3.694341517,0,0,0,319.7479612,314.0666207,307.3027676,184.7309767,640.714505096,0,171.877230817,483.314582737,640.714505029,0,0,0,0,593000,3110700,3703700,"RESIDENTIAL A",1,2,0,3110700,0.268258685342619,2276226.7287,0.754336883109246,764183.8941,0.999999999895429,0,3703700,3101790.44147925,3101790.44147925,779700,6,3101790.44147925,652986.474936245,652986.474936245,150030101022,"NORTH SHORE OAHU",0
"73",59020051,2030,21.66165945,-158.0542354,2118.844452,189.2789175,10.30892439,4.269290689,0,0,0,273.2283839,267.545048,260.7758508,138.2186956,1033.05652136,0,159.747986867,471.006040249,845.796300189,0,0,0,0,1821500,3372700,5194200,"RESIDENTIAL A",1,2,0,3372700,0.154636250354138,2851159.1628,0.455934433896152,1834971.3982,0.818731872555748,611362.5836,5194200,4350060.72606624,4350060.72606624,779700,6,4350060.72606624,652986.474936245,652986.474936245,150030101022,"NORTH SHORE OAHU",0
"74",67015038,2100,21.58251803,-158.1242742,4526.811386,326.7812047,29.58501078,24.77737031,20.78872393,14.20569535,5.804142887,33.82479437,32.97337958,32.0737832,31.65595238,720.67562452,0,0,0,0,0,0,0,0,873900,908700,1782600,"RESIDENTIAL",1,1,0,908700,0,908700,0,908700,0,908700,1782600,188549.256668521,188549.256668521,188549.256668521,76,188549.256668521,82470.4675330672,82470.4675330672,150030099053,"NORTH SHORE OAHU",0
"75",68004028,2075,21.58086536,-158.1491791,1705.954742,193.2119573,19.23700976,15.00471612,11.74649446,6.084403121,0,23.13272242,22.60662623,21.9660408,20.98272673,435.225984385,0,0,0,76.5641936689,0,0,0,0,889900,1305600,2195500,"RESIDENTIAL A",1,1,0,1305600,0,1305600,0,1305600,0.175918250324805,1075921.4592,2195500,486222.421046994,486222.421046994,486222.421046994,51,486222.421046994,172674.844769001,172674.844769001,150030099061,"NORTH SHORE OAHU",0
"76",68004029,2030,21.58048719,-158.154104,2647.466599,292.5005596,7.015102993,3.588394097,1.453996819,0,0,20.15086629,19.20073618,17.68207669,15.74448598,929.029129396,0,0,34.1367781431,166.564277553,0,0,0,0,894900,1455300,2350200,"RESIDENTIAL A",1,1,0,1455300,0,1455300,0.0367445724390727,1401825.0015,0.179288541427426,1194380.7183,2350200,1968255.50005792,1968255.50005792,779700,6,1968255.50005792,652986.474936245,652986.474936245,150030099061,"NORTH SHORE OAHU",0
"77",68004033,2050,21.58080182,-158.1498322,1841.960724,207.8393598,11.5977513,6.742789695,2.57236147,0,0,20.56181245,20.35676455,19.56147269,17.7947939,618.743609624,0,0,92.395321009,255.134532222,0,0,0,0,1526300,1570500,3096800,"RESIDENTIAL",1,1,0,1570500,0,1570500,0.149327313562312,1335981.9465,0.412342896562667,922915.3185,3096800,1435969.83193156,1435969.83193156,779700,26,1435969.83193156,361542.778983802,361542.778983802,150030099061,"NORTH SHORE OAHU",0
"78",68005022,2050,21.58219394,-158.144857,1310.284561,146.0727497,12.29580942,7.587833108,3.680301405,0,0,20.50790581,19.77305193,18.55564386,17.16381928,661.771342601,0,0,72.2262614949,210.538001033,0,0,0,0,1048800,1664400,2713200,"RESIDENTIAL A",1,1,0,1664400,0,1664400,0.109140811705482,1482745.7196,0.31814312207221,1134882.7908,2713200,1258096.53448615,1258096.53448615,779700,26,1258096.53448615,361542.778983802,361542.778983802,150030099061,"NORTH SHORE OAHU",0
"79",68005028,2030,21.58250241,-158.1441701,281.7981567,67.16861752,10.72044375,5.87404392,1.749667763,0,0,22.23363749,21.42977285,19.44652493,17.03305093,993.581906961,0,2.2847536192,117.667229314,267.969926173,0,0,0,0,1449000,1766800,3215800,"RESIDENTIAL A",1,3,0,1766800,0.00229951210181374,1762736.36,0.118427306787319,1557563.1764,0.269700891587912,1290292.2732,3215800,2693181.8726433,2693181.8726433,779700,6,2693181.8726433,652986.474936245,652986.474936245,150030099061,"NORTH SHORE OAHU",0
"80",68006021,2100,21.57981778,-158.1567049,2274.021576,252.67324,20.17709395,16.18318045,13.02146847,7.724986212,0.964602717,30.9426002,30.03602776,28.70728713,27.3870133,696.790113207,0,0,0,0,0,0,0,0,346000,687500,1033500,"RESIDENTIAL",1,1,0,687500,0,687500,0,687500,0,687500,1033500,109315.413871265,109315.413871265,109315.413871265,76,109315.413871265,82470.4675330672,82470.4675330672,150030099061,"NORTH SHORE OAHU",0
"81",68009014,2100,21.58032628,-158.1758264,2174.832962,201.7396544,33.14585293,27.52716751,22.4722011,14.55439502,4.79440828,41.93495128,41.33255569,40.07436258,38.77511841,704.36466128,0,0,0,0,0,0,0,0,636000,621200,1257200,"RESIDENTIAL A",1,1,0,621200,0,621200,0,621200,0,621200,1257200,132976.621498746,132976.621498746,132976.621498746,76,132976.621498746,82470.4675330672,82470.4675330672,150030099062,"NORTH SHORE OAHU",0
"82",68010005,2075,21.57983068,-158.1775646,2676.738358,237.0502631,30.74546609,23.70334748,16.41590686,5.603451206,0,37.90913334,36.95642124,35.42348009,33.2319279,649.471072625,0,0,0,197.798747932,0,0,0,0,441000,583600,1024600,"RESIDENTIAL A",1,1,0,583600,0,583600,0,583600,0.304553591790542,405862.2856,1024600,226911.178594739,226911.178594739,226911.178594739,51,226911.178594739,172674.844769001,172674.844769001,150030099062,"NORTH SHORE OAHU",0
"83",87008007,2100,21.38443015,-158.1482785,1049.791656,138.2331111,49.08555392,40.02226539,29.97202519,15.66111441,0,117.9351449,117.3502233,117.3502233,117.293897,937.82690976,0,0,0,0,0,0,0,0,6600,739400,746000,"RESIDENTIAL",1,2,0,739400,0,739400,0,739400,0,739400,746000,78905.9494416675,78905.9494416675,78905.9494416675,76,78905.9494416675,82470.4675330672,78905.9494416675,150039400071,"WAIANAE",0
"84",87008066,2100,21.38497105,-158.1488226,2204.746193,219.4394484,50.40181749,42.1053834,32.67707146,19.16835943,3.975598707,116.9440611,116.9440611,116.9440611,116.9439907,473.82312715,0,0,0,0,0,0,0,0,45200,424900,470100,"RESIDENTIAL",1,1,0,424900,0,424900,0,424900,0,424900,470100,49723.4407942733,49723.4407942733,49723.4407942733,76,49723.4407942733,82470.4675330672,49723.4407942733,150039400071,"WAIANAE",0
"85",87008085,2100,21.38512816,-158.1490305,1475.46505,173.9721147,48.35371929,40.1771033,31.11833981,18.07400145,3.257408708,120.0811639,120.0706596,120.0706596,120.0706596,469.777007428,0,0,0,0,0,0,0,0,17600,382400,400000,"RESIDENTIAL",1,2,0,382400,0,382400,0,382400,0,382400,400000,42308.8200759611,42308.8200759611,42308.8200759611,76,42308.8200759611,82470.4675330672,42308.8200759611,150039400071,"WAIANAE",0
"86",87008086,2100,21.38506618,-158.1489456,1530.169792,191.8513953,48.88510896,40.6894253,31.56910138,18.42352078,3.54488553,119.6015761,119.58718,119.58718,118.9078653,462.97496702,0,0,0,0,0,0,0,0,13200,424900,438100,"RESIDENTIAL",1,1,0,424900,0,424900,0,424900,0,424900,438100,46338.7351881964,46338.7351881964,46338.7351881964,76,46338.7351881964,82470.4675330672,46338.7351881964,150039400071,"WAIANAE",0
"87",87011007,2100,21.42488256,-158.177663,1024.68544,131.7457807,121.3130473,102.0272983,77.40331362,42.95540233,5.213687879,142.6857055,141.3371139,139.3637108,137.0038246,466.006657302,0,0,0,0,0,0,0,0,182000,455000,637000,"RESIDENTIAL",1,2,0,455000,0,455000,0,455000,0,455000,637000,67376.7959709681,67376.7959709681,67376.7959709681,76,67376.7959709681,82470.4675330672,67376.7959709681,150030096101,"WAIANAE",0
"88",87011008,2100,21.42515011,-158.1777013,1522.771225,165.1013981,115.8062956,96.13744088,71.64775611,38.57540776,2.91006082,141.8551051,140.8758934,139.0744263,136.9622532,445.380584284,0,0,0,0,0,0,0,0,112800,455000,567800,"RESIDENTIAL",1,1,0,455000,0,455000,0,455000,0,455000,567800,60057.3700978268,60057.3700978268,60057.3700978268,76,60057.3700978268,82470.4675330672,60057.3700978268,150030096101,"WAIANAE",0
"89",87011089,2100,21.42777325,-158.1781271,2142.538406,229.1342726,99.48926369,82.22475319,61.162357,32.44439733,2.354619071,73.1277675,73.12757856,72.12752285,72.12728623,458.38233426,0,0,0,0,0,0,0,0,9400,448300,457700,"RESIDENTIAL",1,1,0,448300,0,448300,0,448300,0,448300,457700,48411.8673719185,48411.8673719185,48411.8673719185,76,48411.8673719185,82470.4675330672,48411.8673719185,150030096101,"WAIANAE",0
"90",87011090,2100,21.42748914,-158.1780782,1925.552734,237.9478187,97.3635382,79.70104553,58.08523779,28.52076533,0,105.5459575,105.4974763,105.4870943,104.4868442,436.646754775,0,0,0,0,0,0,0,0,47500,448300,495800,"RESIDENTIAL",1,1,0,448300,0,448300,0,448300,0,448300,495800,52441.7824841538,52441.7824841538,52441.7824841538,76,52441.7824841538,82470.4675330672,52441.7824841538,150030096101,"WAIANAE",0
"91",87023043,2100,21.40649463,-158.1780216,2865.874619,244.8309306,25.78168377,20.79253055,16.80714426,8.982090001,0,38.45317109,37.0080388,35.63750667,32.88512003,824.213888612,0,0,0,0,0,0,0,0,412700,649700,1062400,"RESIDENTIAL",1,3,0,649700,0,649700,0,649700,0,649700,1062400,112372.226121753,112372.226121753,112372.226121753,76,112372.226121753,82470.4675330672,82470.4675330672,150030096102,"WAIANAE",0
"92",87023054,2100,21.40725557,-158.1777122,3826.708817,289.2913276,36.72895549,30.56843585,25.07486306,15.50849244,2.925579449,102.8655713,102.1261798,79.91810145,76.37151302,783.114661141,0,0,0,0,0,0,0,0,158800,614400,773200,"RESIDENTIAL",1,1,0,614400,0,614400,0,614400,0,614400,773200,81782.9492068329,81782.9492068329,81782.9492068329,76,81782.9492068329,82470.4675330672,81782.9492068329,150030096102,"WAIANAE",0
"93",91007013,2100,0,0,2962.399574,237.6176955,24.6713157,19.96210587,16.30452679,10.97060691,4.691670668,35.78589697,34.74869359,33.3939387,31.52256873,511.949694268,0,0,0,0,0,0,0,0,177400,615200,792600,"RESIDENTIAL",1,1,0,615200,0,615200,0,615200,0,615200,792600,83834.926980517,83834.926980517,83834.926980517,76,83834.926980517,82470.4675330672,82470.4675330672,150030084183,"EWA",0
"94",91025016,2050,0,0,1145.746376,135.411647,8.945151841,6.611374493,5.967746943,5.944457811,5.944453277,11.31658662,10.37133241,9.315834627,4.89103095,693.252701709,0,0,0,0,15.6586238982,29.5981159573,48.6388648704,116.577889881,85800,1011600,1097400,"RESIDENTIAL A",1,1,0,1011600,0,1011600,0,1011600,0,1011600,1097400,508858.593891014,508858.593891014,508858.593891014,26,508858.593891014,361542.778983802,361542.778983802,150030084182,"EWA",0
