"","...1","geoid20","tract","block_group","total_hh","single_pct","multi_pct","pct_owner","alice_pct","alice_count","parcel_count","total_ce_owner","total_ce_owner_alice","pct_alice_hazard_owner","district","mean_buyout_cost","alice_cost"
"1",1,150030001142,1.14,2,352,0.2273,0.7727,0.792613636363636,0.120222107438017,42.3181818181818,11,9,1,11.1,"EAST HONOLULU",726046.0605736,726046.0605736
"2",2,150030002001,2,1,233,0.0944,0.9056,0.862660944206009,0.103004291845494,24,13,11,1,9.1,"EAST HONOLULU",1709008.77215173,1709008.77215173
"3",3,150030003022,3.02,2,445,0.2337,0.7663,0.835955056179775,0.176220174220427,78.4179775280899,24,20,4,20,"EAST HONOLULU",2207792.37714584,8831169.50858337
"4",4,150030005003,5,3,256,0.3359,0.6641,0.90234375,0.39703369140625,101.640625,22,20,8,40,"PRIMARY URBAN CENTER",5255514.72704049,42044117.8163239
"5",5,150030005004,5,4,326,0.3988,0.6012,0.760736196319018,0.123433324551169,40.239263803681,9,7,1,14.3,"PRIMARY URBAN CENTER",3559815.79181744,3559815.79181744
"6",6,150030005005,5,5,263,0.3612,0.6388,0.756653992395437,0.196865647905854,51.7756653992395,6,5,1,20,"EAST HONOLULU",1920372.62889805,1920372.62889805
"7",7,150030006002,6,2,440,0.1273,0.8727,0.938636363636364,0.228595041322314,100.581818181818,17,16,4,25,"PRIMARY URBAN CENTER",2889497.00291829,11557988.0116732
"8",8,150030017002,17,2,434,0.4654,0.5346,0.707373271889401,0.150491622247234,65.3133640552995,17,12,2,16.7,"PRIMARY URBAN CENTER",4301529.94907585,8603059.89815171
"9",9,150030084182,84.18,2,364,0.0879,0.9121,0.873626373626374,0.378577466489554,137.802197802198,11,10,4,40,"EWA",825923.070164395,3303692.28065758
"10",10,150030084183,84.18,3,272,0.0956,0.9044,0.577205882352941,0.320988321799308,87.3088235294118,32,18,6,33.3,"EWA",1079103.39943242,6474620.3965945
"11",11,150030096101,96.1,1,222,0.1622,0.8378,0.454954954954955,0.795471146822498,176.594594594595,23,10,8,80,"WAIANAE",66542.6492513048,532341.194010438
"12",12,150030096102,96.1,2,525,0.1352,0.8648,0.864761904761905,0.242093424036281,127.099047619048,8,7,2,28.6,"WAIANAE",561516.031394567,1123032.06278913
"13",13,150030096103,96.1,3,180,0.0944,0.9056,0.511111111111111,0.286450617283951,51.5611111111111,15,8,2,25,"WAIANAE",791299.45292773,1582598.90585546
"14",14,150030098011,98.01,1,202,0.3416,0.6584,0.896039603960396,0.157558082540927,31.8267326732673,6,5,1,20,"WAIANAE",628988.362820617,628988.362820617
"15",15,150030098032,98.03,2,303,0.4191,0.5809,0.227722772277228,0.173142066681916,52.4620462046205,3,1,0,0,"WAIANAE",1129230.7327143,0
"16",16,150030099021,99.02,1,220,0.5773,0.4227,0.354545454545455,0.545454545454545,120,11,4,2,50,"NORTH SHORE OAHU",955214.442027992,1910428.88405598
"17",17,150030099053,99.05,3,448,0.1518,0.8482,0.689732142857143,0.356485172193878,159.705357142857,27,19,7,36.8,"NORTH SHORE OAHU",957863.14812887,6705042.03690209
"18",18,150030099061,99.06,1,596,0.4463,0.5537,0.508389261744966,0.269965316877618,160.89932885906,67,34,9,26.5,"NORTH SHORE OAHU",987051.43673377,8883462.93060393
"19",19,150030099062,99.06,2,179,0.3128,0.6872,0.659217877094972,0.364096001997441,65.1731843575419,34,22,8,36.4,"NORTH SHORE OAHU",1317106.01287999,10536848.1030399
"20",20,150030100001,100,1,422,0.3318,0.6682,0.545023696682464,0.118696794771007,50.0900473933649,64,35,4,11.4,"NORTH SHORE OAHU",1817776.28116334,7271105.12465337
"21",21,150030101011,101.01,1,377,0.2387,0.7613,0.450928381962865,0.247141681148816,93.1724137931035,20,9,2,22.2,"NORTH SHORE OAHU",1164200.63282828,2328401.26565655
"22",22,150030101021,101.02,1,588,0.1463,0.8537,0.780612244897959,0.317286778657041,186.56462585034,22,17,5,29.4,"NORTH SHORE OAHU",991152.839369863,4955764.19684932
"23",23,150030101022,101.02,2,220,0.0773,0.9227,0.563636363636364,0.467665289256198,102.886363636364,87,49,23,46.9,"NORTH SHORE OAHU",1398418.04918374,32163615.131226
"24",24,150030101031,101.03,1,179,0.4749,0.5251,0.776536312849162,0.220405105957991,39.4525139664804,17,13,3,23.1,"KOOLAULOA",1621665.66436127,4864996.99308381
"25",25,150030102022,102.02,2,188,0.2394,0.7606,0.473404255319149,0.580805794477139,109.191489361702,10,5,3,60,"KOOLAULOA",745336.474507848,2236009.42352354
"26",26,150030102024,102.02,4,336,0.0804,0.9196,0.386904761904762,0.527237457482993,177.151785714286,54,21,11,52.4,"KOOLAULOA",681128.210262016,7492410.31288218
"27",27,150030102031,102.03,1,318,0.3585,0.6415,0.515723270440252,0.342529963213481,108.924528301887,68,35,12,34.3,"KOOLAULOA",683231.326563754,8198775.91876505
"28",28,150030102041,102.04,1,193,0.2124,0.7876,0.632124352331606,0.0652903433649226,12.6010362694301,33,21,1,4.8,"KOOLAULOA",552816.592526356,552816.592526356
"29",29,150030102042,102.04,2,437,0.1648,0.8352,0.459954233409611,0.488121108661615,213.308924485126,34,16,8,50,"KOOLAULOA",710868.030463325,5686944.2437066
"30",30,150030102051,102.05,1,556,0.2212,0.7788,0.710431654676259,0.343719269188965,191.107913669065,43,31,11,35.5,"KOOLAULOA",402291.397996381,4425205.37796019
"31",31,150030103033,103.03,3,311,0.4502,0.5498,0.643086816720257,0.380992752349541,118.488745980707,4,3,1,33.3,"KOOLAUPOKO",1050983.6500554,1050983.6500554
"32",32,150030112021,112.02,1,315,0.2063,0.7937,0.717460317460317,0.178533635676493,56.2380952380952,35,25,4,16,"KOOLAUPOKO",3372761.51652822,13491046.0661129
"33",33,150030112022,112.02,2,413,0.2833,0.7167,0.663438256658596,0.208115190919804,85.9515738498789,12,8,2,25,"KOOLAUPOKO",3158013.44181563,6316026.88363125
"34",34,150039400031,9400.03,1,652,0.1396,0.8604,0.852760736196319,0.38920123075765,253.759202453988,2,2,1,50,"KOOLAUPOKO",175830.167633185,175830.167633185
"35",35,150039400041,9400.04,1,534,0.1386,0.8614,0.820224719101124,0.396084949992285,211.50936329588,17,14,6,42.9,"KOOLAUPOKO",1001651.13965741,6009906.83794448
"36",36,150039400071,9400.07,1,495,0.2061,0.7939,0.339393939393939,0.658928680746863,326.169696969697,4,1,1,100,"WAIANAE",54319.2363750246,54319.2363750246
