objectid,geoid20,aland20,awater20,pop20,st_areasha,st_perimet,OBJECTID_1,tmk,year_tce,total_value,public_costce_discounted,Field,OBJECTID_12,Join_Count,geoid20_1,aland20_1,awater20_1,pop20_1,st_areasha_1,st_perimet_1,Shape_Length,Shape_Area,OBJECTID_12_13,Join_Count_1,TARGET_FID,objectid_12_13_14,district,st_areasha_12,st_perimet_12,Shape_Length_1,Shape_Area_1
80,150030102041,12733285,758224,886,12727031.660540262237191,21820.372955689890659,210,53010016,2030,1077600,795871.473856270662509,0,210,1,150030102041,12733285,758224,886,12727031.660540262237191,21820.372955689890659,112.634128646222067,797.298190736406468,1,1,79,7,KOOLAULOA,150780319.856858372688293,78380.912530454326770,21820.372955689890659,12727031.660540256649256
84,150030101031,48277438,8227279,440,48252094.418047592043877,39478.540556190819188,642,57003037,2075,2721100,484255.527090866176877,0,642,1,150030101031,48277438,8227279,440,48252094.418047592043877,39478.540556190819188,109.631084477941215,591.809040082974434,2,1,83,7,KOOLAULOA,150780319.856858372688293,78380.912530454326770,39478.540556190819188,48252094.418047539889812
86,150030098032,445518,5201969,811,445234.475588307250291,6240.562740974199187,795,84003004,2024,1511700,1434063.012000000104308,0,795,1,150030098032,445518,5201969,811,445234.475588307250291,6240.562740974199187,184.513253915634465,1756.071256512174841,3,1,85,9,WAIANAE,158389105.782184004783630,74816.062773187863058,6240.562740974199187,445234.475588306784630
114,150030084183,375707,239578,1734,375507.158833123568911,4398.067497901688512,844,91007064,2024,1277000,1191306.827599999960512,0,844,1,150030084183,375707,239578,1734,375507.158833123568911,4398.067497901688512,108.928268816649236,491.826175579104699,4,1,113,13,EWA,136481162.402521938085556,63952.737792877844186,4398.067497901688512,375507.158833123801742
160,150030096101,306090,20028,1027,325915.688886222662404,2629.688172140723509,803,87001021,2100,622600,56200.917625693691662,0,803,1,150030096101,306090,20028,1027,325915.688886222662404,2629.688172140723509,321.254382813998063,3790.979499304340152,5,1,159,9,WAIANAE,158389105.782184004783630,74816.062773187863058,2629.688172140723509,325915.688886222604197
165,150030096103,433206,2790946,1199,432938.027486313832924,5257.821219249521164,829,87028001,2024,1185500,940533.572000000043772,0,829,1,150030096103,433206,2790946,1199,432938.027486313832924,5257.821219249521164,121.680239689990657,885.755819184147867,6,1,164,9,WAIANAE,158389105.782184004783630,74816.062773187863058,5257.821219249521164,432938.027486313774716
166,150030096102,495605,22916,2228,518198.574342582200188,3758.896548419338160,24,87023040,2050,1650800,597008.712024669861421,0,24,1,150030096102,495605,22916,2228,518198.574342582200188,3758.896548419338160,184.651921093316076,1718.845009254083607,7,1,165,9,WAIANAE,158389105.782184004783630,74816.062773187863058,3758.896548419338160,518198.574342582258396
167,150030101021,14816877,2296188,1708,14808807.684438511729240,21550.338667350417381,554,58006034,2100,4913000,448157.414526076114271,0,554,1,150030101021,14816877,2296188,1708,14808807.684438511729240,21550.338667350417381,219.089898514489050,2078.396536086704145,8,1,166,8,NORTH SHORE OAHU,310743011.675625383853912,116730.071442221102188,21550.338667350417381,14808807.684438509866595
168,150030099053,748724,513761,1651,748274.405715252738446,4429.878851620822388,683,67013001,2100,3330400,293790.726838555594441,0,683,1,150030099053,748724,513761,1651,748274.405715252738446,4429.878851620822388,296.111675817617879,3539.557158006491591,9,1,167,8,NORTH SHORE OAHU,310743011.675625383853912,116730.071442221102188,4429.878851620822388,748274.405715252971277
215,150030101011,2056342,2364375,1703,2083830.048374208388850,9339.826966878375970,603,59003005,2050,4222600,1957997.356081826845184,0,603,1,150030101011,2056342,2364375,1703,2083830.048374208388850,9339.826966878375970,95.772853688404680,501.414958210300085,10,1,214,8,NORTH SHORE OAHU,310743011.675625383853912,116730.071442221102188,9339.826966878375970,2083830.048374210949987
218,150030001142,827073,705184,899,826777.792759276577272,10106.699023151893925,142,39002001,2075,5655000,1208214.606171142309904,0,142,1,150030001142,827073,705184,899,826777.792759276577272,10106.699023151893925,144.504426105271989,1238.535141982242976,11,1,217,15,EAST HONOLULU,59843784.443096183240414,70082.984033420652850,10106.699023151897563,826777.792759277392179
231,150030101022,5758730,2176894,706,5755528.860571430996060,13510.057500681994497,451,59019050,2050,2506200,839140.154203193262219,0,451,1,150030101022,5758730,2176894,706,5755528.860571430996060,13510.057500681994497,83.500939606729403,401.353458360924947,12,1,230,8,NORTH SHORE OAHU,310743011.675625383853912,116730.071442221102188,13510.057500681994497,5755528.860571430996060
233,150030102042,1049349,662988,1950,1048839.089303324231878,5585.487104777602326,19,54011040,2024,1069400,1007366.471999999950640,0,19,1,150030102042,1049349,662988,1950,1048839.089303324231878,5585.487104777602326,231.239092017749755,1259.879610913568513,13,1,232,7,KOOLAULOA,150780319.856858372688293,78380.912530454326770,5585.487104777602326,1048839.089303323999047
351,150030102031,21505355,3849233,1381,21495018.944871049374342,23713.037811570338818,230,53001007,2100,1371800,104743.047899659664836,0,230,1,150030102031,21505355,3849233,1381,21495018.944871049374342,23713.037811570338818,265.740908409751455,3120.358658218524397,14,1,350,7,KOOLAULOA,150780319.856858372688293,78380.912530454326770,23713.037811570338818,21495018.944871023297310
361,150039400071,770613,1269951,2059,770146.352379094576463,4314.492015262656423,802,87008007,2100,746000,78905.949441667500651,0,802,1,150039400071,770613,1269951,2059,770146.352379094576463,4314.492015262656423,152.508003366435361,937.255704606768518,15,1,360,9,WAIANAE,158389105.782184004783630,74816.062773187863058,4314.492015262656423,770146.352379094343632
362,150030099062,84278321,6608902,657,84235262.427662819623947,67714.907308915921021,732,68006002,2030,2498900,1958869.043758999789134,0,732,1,150030099062,84278321,6608902,657,84235262.427662819623947,67714.907308915921021,126.010951087821454,913.594603652430351,16,1,361,8,NORTH SHORE OAHU,310743011.675625383853912,116730.071442221102188,67714.907308915921021,84235262.427662774920464
364,150030099061,358118,1271318,1245,357903.101912828744389,5383.320514601013201,12,68004012,2050,2842400,1254013.553101350786164,0,12,1,150030099061,358118,1271318,1245,357903.101912828744389,5383.320514601013201,130.014216332809525,919.661751817862751,17,1,363,8,NORTH SHORE OAHU,310743011.675625383853912,116730.071442221102188,5383.320514601013201,357903.101912828686181
369,150030084182,232959,174175,1113,232831.839944555627881,3109.394787223761341,874,91025001,2100,1493900,126731.852855885823374,0,874,1,150030084182,232959,174175,1113,232831.839944555627881,3109.394787223761341,178.855121481469894,1171.391407707853659,18,1,368,13,EWA,136481162.402521938085556,63952.737792877844186,3109.394787223761341,232831.839944555598777
381,150030102022,29054522,224678,1026,29039869.115277223289013,35428.146325697358407,18,54011014,2024,671900,601484.230400000000373,0,18,1,150030102022,29054522,224678,1026,29039869.115277223289013,35428.146325697358407,109.710961808761382,591.923825465403979,19,1,380,7,KOOLAULOA,150780319.856858372688293,78380.912530454326770,35428.146325697358407,29039869.115277230739594
395,150039400031,1265005,213052,2509,1264560.555920598097146,8129.525402541029507,169,41016083,2100,1730800,183070.264468683802988,0,169,1,150039400031,1265005,213052,2509,1264560.555920598097146,8129.525402541029507,125.158505771753866,928.105729073077896,20,1,394,10,KOOLAUPOKO,175704871.148586690425873,120502.027524575561984,8129.525402541029507,1264560.555920598795637
479,150039400041,6513977,4493292,2331,6204958.244676209054887,22573.417387350651552,153,41001012,2100,2876600,221717.637972440075828,0,153,1,150039400041,6513977,4493292,2331,6204958.244676209054887,22573.417387350651552,141.114409783534768,1079.177399112296825,21,1,478,10,KOOLAUPOKO,175704871.148586690425873,120502.027524575561984,22573.417387350651552,6204958.244676199741662
545,150030005004,594762,134511,931,594519.311304698465392,3185.684766241732632,6,35005015,2075,9298600,1674904.324964604107663,0,6,1,150030005004,594762,134511,931,594519.311304698465392,3185.684766241732632,307.803063651819855,3752.480085144892655,22,1,544,12,PRIMARY URBAN CENTER,267516653.272044956684113,138447.618198194773868,3185.684766241732632,594519.311304698581807
555,150030112022,981758,3484273,1005,891035.167381031555124,5190.647997574450528,194,43001004,2050,3248500,1415231.315517673734576,0,194,1,150030112022,981758,3484273,1005,891035.167381031555124,5190.647997574450528,152.877659945429201,958.649463005777193,23,1,554,10,KOOLAUPOKO,175704871.148586690425873,120502.027524575561984,5190.647997574450528,891035.167381031205878
580,150030100001,160335282,4485610,1022,160416295.590405493974686,70728.812579620367615,488,61004057,2050,3689700,1651067.893665025476366,0,488,1,150030100001,160335282,4485610,1022,160416295.590405493974686,70728.812579620367615,193.401751645181861,1885.230050144951747,24,1,579,8,NORTH SHORE OAHU,310743011.675625383853912,116730.071442221102188,70728.812579620367615,160416295.590405851602554
594,150030006002,963864,862832,1203,963467.508786569815129,8172.861398152447691,71,31038001,2030,5841300,4709798.026056068018079,0,71,1,150030006002,963864,862832,1203,963467.508786569815129,8172.861398152447691,275.927751325260488,2417.716000117934982,25,1,593,12,PRIMARY URBAN CENTER,267516653.272044956684113,138447.618198194773868,8172.861398152447691,963467.508786569349468
630,150030103033,22910179,4292073,904,23153452.807999588549137,27206.552896275254170,53,49008012,2024,2027300,1963958.201600000029430,0,53,1,150030103033,22910179,4292073,904,23153452.807999588549137,27206.552896275254170,130.087713510439585,842.902864492092817,26,1,629,10,KOOLAUPOKO,175704871.148586690425873,120502.027524575561984,27206.552896275254170,23153452.807999569922686
635,150030102024,1476698,6464284,1333,1364633.850628380896524,17378.310921515549126,357,54003010,2030,1355300,1061277.716046185465530,0,357,1,150030102024,1476698,6464284,1333,1364633.850628380896524,17378.310921515549126,118.653598665087401,708.415403105440987,27,1,634,7,KOOLAULOA,150780319.856858372688293,78380.912530454326770,17378.310921515549126,1364633.850628385320306
662,150030003022,824965,546862,1447,824645.680677170050330,6481.267955300802896,1,36002035,2024,5930100,5749102.269999999552965,0,1,1,150030003022,824965,546862,1447,824645.680677170050330,6481.267955300802896,308.795226502361459,3515.103513735306478,28,1,661,15,EAST HONOLULU,59843784.443096183240414,70082.984033420652850,6481.267955300802896,824645.680677169817500
669,150030112021,351555,0,671,351427.133320813125465,4243.587728884976059,41,43005094,2050,10155100,4542124.502088043838739,0,41,1,150030112021,351555,0,671,351427.133320813125465,4243.587728884976059,234.210279138109769,2088.877547495701037,29,1,668,10,KOOLAUPOKO,175704871.148586690425873,120502.027524575561984,4243.587728884976059,351427.133320813241880
689,150030017002,955648,1263788,951,955240.369390010833740,6515.237908513528964,54,31033065,2100,2997200,317019.988829176756553,0,54,1,150030017002,955648,1263788,951,955240.369390010833740,6515.237908513528964,91.621119929162461,508.957254404989840,30,1,688,12,PRIMARY URBAN CENTER,267516653.272044956684113,138447.618198194773868,6515.237908513528964,955240.369390010717325
710,150030099021,1375759,1045939,689,1417242.440379890613258,9839.315739928559196,665,66006010,2024,2480900,2378867.737999999895692,0,665,1,150030099021,1375759,1045939,689,1417242.440379890613258,9839.315739928559196,204.602054102240999,2428.713579667872182,31,1,709,8,NORTH SHORE OAHU,310743011.675625383853912,116730.071442221102188,9839.315739928559196,1417242.440379891078919
733,150030098011,51371184,12016633,2091,51340259.977582819759846,51483.376826450221415,791,84001007,2075,1425900,275175.762617631000467,0,791,1,150030098011,51371184,12016633,2091,51340259.977582819759846,51483.376826450221415,284.813404147187043,2633.011592056960581,32,1,732,9,WAIANAE,158389105.782184004783630,74816.062773187863058,51483.376826450221415,51340259.977582879364491
887,150030005003,545815,330880,919,545592.401740014553070,4245.849217820833474,93,35002001,2050,8848200,3749342.968178191687912,0,93,1,150030005003,545815,330880,919,545592.401740014553070,4245.849217820833474,228.598389873625507,1824.009253204963443,33,1,886,12,PRIMARY URBAN CENTER,267516653.272044956684113,138447.618198194773868,4245.849217820833474,545592.401740014320239
889,150030005005,957850,490297,815,957466.912331020226702,5829.032703397964724,88,35022001,2030,2241700,1629836.882485937792808,0,88,1,150030005005,957850,490297,815,957466.912331020226702,5829.032703397964724,98.140466879194506,560.073144049952248,34,1,888,15,EAST HONOLULU,59843784.443096183240414,70082.984033420652850,5829.032703397964724,957466.912331020226702
897,150030002001,381393,666763,646,381249.611876976094209,6251.414651152307670,31,37002002,2030,2347700,1815090.566217391751707,0,31,1,150030002001,381393,666763,646,381249.611876976094209,6251.414651152307670,129.761825560482976,902.435772699528115,35,1,896,15,EAST HONOLULU,59843784.443096183240414,70082.984033420652850,6251.414651152307670,381249.611876976094209
955,150030102051,30971746,1977581,1693,31060935.663778513669968,27015.737265564737754,15,51005031,2050,1510500,700410.885795860318467,0,15,1,150030102051,30971746,1977581,1693,31060935.663778513669968,27015.737265564737754,145.327518322450914,763.870234781952377,36,1,954,7,KOOLAULOA,150780319.856858372688293,78380.912530454326770,27015.737265564737754,31060935.663778491318226
