"","geoid","tract","block","total_hh","multi","single","owner","renter","avg_hh","less_10000","10000_14999","15000_19999","20000_24999","25000_29999","30000_34999","35000_39999","40000_44999","45000_49999","50000_59999","60000_74999","75000_99999","100000_124999","125000_149999","150000_199999","200000_inf"
"1",150030001071,1.07,1,518,465,53,439,79,4,16,15,0,5,10,0,0,18,0,7,29,34,50,72,113,149
"2",150030001072,1.07,2,425,378,47,370,55,3,9,0,0,5,0,0,6,12,0,0,23,5,32,64,90,179
"3",150030001081,1.08,1,457,374,83,374,83,2,16,0,0,0,5,0,10,9,0,23,47,89,0,23,65,170
"4",150030001082,1.08,2,355,296,59,226,129,3,75,9,0,0,0,0,0,0,0,41,33,9,19,9,57,103
"5",150030001083,1.08,3,461,414,47,342,119,3,10,0,12,0,0,0,5,0,18,4,2,32,31,26,245,76
"6",150030001101,1.1,1,456,395,61,417,39,3,0,0,0,0,0,10,26,0,0,19,25,82,71,30,53,140
"7",150030001102,1.1,2,270,253,17,225,45,3,0,2,0,0,0,9,0,0,0,0,11,27,41,55,19,106
"8",150030001103,1.1,3,533,441,92,439,94,3,0,0,26,0,31,0,7,9,9,30,10,26,80,68,56,181
"9",150030001104,1.1,4,197,156,41,180,17,3,0,0,10,0,0,0,0,0,7,9,0,16,26,23,56,50
"10",150030001141,1.14,1,168,136,32,133,35,2,4,0,7,0,0,9,0,0,0,0,6,37,8,12,12,73
"11",150030001142,1.14,2,352,272,80,279,73,3,4,0,0,0,11,25,0,0,0,0,3,4,19,20,40,226
"12",150030001151,1.15,1,579,400,179,319,260,2,13,0,0,8,0,17,12,0,17,14,63,77,120,22,153,63
"13",150030001152,1.15,2,232,188,44,232,0,3,0,0,0,0,12,0,0,11,9,0,0,36,10,0,23,131
"14",150030001153,1.15,3,97,80,17,97,0,3,0,0,0,0,0,0,0,0,0,9,0,0,17,0,11,60
"15",150030001161,1.16,1,1121,739,382,854,267,2,13,0,46,37,42,59,7,19,14,48,84,155,70,170,165,192
"16",150030001171,1.17,1,608,457,151,388,220,3,9,20,0,36,20,0,10,0,30,0,54,13,79,40,140,157
"17",150030001181,1.18,1,679,614,65,607,72,3,0,0,20,13,0,0,0,0,0,25,37,62,167,52,129,174
"18",150030001191,1.19,1,322,284,38,280,42,4,0,0,0,11,0,14,8,0,0,0,0,27,79,10,88,85
"19",150030001192,1.19,2,345,316,29,327,18,4,0,0,0,0,13,0,10,0,0,3,8,58,45,13,126,69
"20",150030001193,1.19,3,156,148,8,147,9,3,0,0,0,0,0,0,0,0,15,9,0,21,9,6,9,87
"21",150030001201,1.2,1,271,240,31,199,72,3,0,0,7,0,0,23,0,0,0,22,6,14,33,7,59,100
"22",150030001202,1.2,2,201,193,8,192,9,4,0,0,7,0,0,12,0,0,8,0,6,4,19,7,30,108
"23",150030001203,1.2,3,365,324,41,339,26,3,0,0,3,0,0,27,41,6,7,8,19,38,18,39,92,67
"24",150030001211,1.21,1,705,591,114,516,189,2,9,28,0,0,0,0,0,30,0,22,35,112,51,42,113,263
"25",150030001212,1.21,2,332,292,40,291,41,3,0,8,0,8,0,0,0,0,38,0,7,7,41,22,150,51
"26",150030001221,1.22,1,443,400,43,432,11,3,0,0,0,0,0,0,0,0,0,12,17,14,80,62,39,219
"27",150030001222,1.22,2,217,204,13,195,22,3,0,0,12,0,0,7,0,0,11,23,34,47,19,0,40,24
"28",150030001223,1.22,3,323,240,83,323,0,3,0,0,0,0,0,20,23,0,0,12,0,40,50,74,59,45
"29",150030002001,2,1,233,211,22,201,32,3,0,24,0,0,0,0,0,0,0,0,0,0,27,12,21,149
"30",150030002002,2,2,212,183,29,177,35,4,0,0,0,0,0,0,0,0,11,8,24,9,19,9,60,72
"31",150030002003,2,3,511,427,84,499,12,3,10,20,0,9,0,0,20,10,0,30,2,33,81,44,69,183
"32",150030002004,2,4,306,293,13,259,47,3,0,0,0,0,0,0,0,0,0,18,40,21,32,38,49,108
"33",150030002005,2,5,306,244,62,263,43,3,5,0,0,0,6,11,8,0,10,9,18,22,55,38,56,68
"34",150030002006,2,6,282,186,96,212,70,3,0,12,0,0,0,0,0,0,0,62,11,85,24,10,10,68
"35",150030003011,3.01,1,682,573,109,596,86,3,0,19,14,0,20,0,9,0,0,9,27,84,43,42,75,340
"36",150030003012,3.01,2,585,518,67,537,48,3,29,0,0,0,0,0,7,44,0,0,45,52,65,11,24,308
"37",150030003021,3.02,1,545,460,85,447,98,3,18,6,0,0,0,20,5,20,0,16,47,40,78,17,100,178
"38",150030003022,3.02,2,445,341,104,372,73,3,38,0,9,0,0,0,0,0,16,14,11,20,29,30,96,182
"39",150030004011,4.01,1,230,187,43,175,55,3,0,10,28,0,0,0,11,0,7,6,42,9,37,18,13,49
"40",150030004012,4.01,2,812,674,138,737,75,3,10,0,6,24,17,24,0,0,0,5,10,71,79,87,57,422
"41",150030004021,4.02,1,279,219,60,258,21,3,0,0,0,0,0,0,0,31,0,0,0,29,2,8,19,190
"42",150030004022,4.02,2,811,721,90,663,148,3,5,20,0,0,0,6,0,40,11,22,62,47,36,38,211,313
"43",150030004023,4.02,3,287,244,43,250,37,3,0,7,0,0,0,0,9,0,0,0,13,12,27,16,52,151
"44",150030005001,5,1,219,208,11,205,14,3,0,0,8,0,0,0,0,0,0,10,27,26,42,3,28,75
"45",150030005002,5,2,240,221,19,167,73,3,0,0,0,3,0,0,0,0,0,0,0,12,15,8,0,202
"46",150030005003,5,3,256,170,86,231,25,2,86,0,0,0,0,9,0,0,0,10,0,0,12,8,15,116
"47",150030005004,5,4,326,196,130,248,78,2,0,0,0,0,0,21,0,0,32,0,5,20,33,9,97,109
"48",150030005005,5,5,263,168,95,199,64,3,31,0,0,8,0,0,0,9,11,0,0,26,42,0,46,90
"49",150030006001,6,1,0,0,0,0,0,NA,0,0,0,0,0,0,0,0,0,0,0,0,0,0,0,0
"50",150030006002,6,2,440,384,56,413,27,3,16,1,6,13,0,0,0,0,0,7,67,14,38,8,76,194
"51",150030007001,7,1,278,254,24,236,42,3,0,9,0,13,0,0,0,16,0,4,35,15,7,0,71,108
"52",150030007002,7,2,184,124,60,128,56,2,0,0,0,0,0,15,13,9,11,35,34,0,0,14,23,30
"53",150030007003,7,3,277,244,33,205,72,3,0,0,0,0,25,0,39,0,0,0,5,75,37,56,0,40
"54",150030007004,7,4,295,283,12,220,75,4,7,0,0,9,0,0,0,0,0,8,43,38,0,55,26,109
"55",150030008001,8,1,470,275,195,289,181,3,9,0,9,29,0,0,31,5,0,29,71,26,41,10,65,145
"56",150030008002,8,2,470,330,140,305,165,3,8,7,0,0,0,0,27,9,13,23,29,55,24,54,97,124
"57",150030008003,8,3,379,327,52,243,136,3,17,0,0,46,4,0,0,9,0,16,31,6,64,66,35,85
"58",150030009011,9.01,1,385,267,118,278,107,3,0,0,5,26,15,0,0,0,0,19,13,93,27,18,40,129
"59",150030009012,9.01,2,537,371,166,303,234,2,0,11,8,0,7,29,41,8,0,12,62,51,83,64,46,115
"60",150030009031,9.03,1,384,269,115,216,168,2,25,0,0,0,0,0,41,21,30,9,0,57,31,2,56,112
"61",150030009032,9.03,2,550,434,116,379,171,3,0,20,0,0,38,8,0,0,1,47,29,55,35,52,94,171
"62",150030009041,9.04,1,759,665,94,572,187,4,15,0,0,0,19,6,7,13,13,23,41,46,61,57,270,188
"63",150030009051,9.05,1,402,332,70,310,92,3,0,8,0,25,0,0,6,0,0,13,19,10,23,54,34,210
"64",150030009052,9.05,2,412,357,55,355,57,3,10,0,0,13,17,0,20,24,0,17,23,75,15,14,24,160
"65",150030010001,10,1,490,394,96,354,136,3,11,0,0,0,0,25,41,6,24,81,21,0,70,47,63,101
"66",150030010002,10,2,614,358,256,582,32,2,74,0,12,23,21,0,0,29,14,64,33,39,107,17,54,127
"67",150030011011,11.01,1,262,218,44,216,46,3,15,0,0,0,10,0,0,49,5,0,20,20,12,46,19,66
"68",150030011012,11.01,2,267,196,71,47,220,4,21,18,5,0,36,24,23,7,7,22,14,41,30,0,13,6
"69",150030011021,11.02,1,379,281,98,287,92,3,47,13,0,25,0,14,0,16,13,11,5,34,14,0,48,139
"70",150030011022,11.02,2,297,203,94,159,138,4,10,5,0,12,24,0,0,14,0,68,4,5,48,24,43,40
"71",150030012011,12.01,1,409,249,160,104,305,3,0,9,0,76,0,0,0,0,6,25,7,29,99,0,92,66
"72",150030012012,12.01,2,620,564,56,357,263,3,0,0,1,10,0,0,40,0,0,4,37,106,38,136,155,93
"73",150030012021,12.02,1,641,504,137,450,191,3,30,0,11,0,14,0,0,13,37,40,19,103,112,38,89,135
"74",150030012022,12.02,2,313,238,75,202,111,4,11,19,0,0,22,10,0,0,20,36,18,24,0,41,60,52
"75",150030013001,13,1,394,334,60,236,158,3,7,0,0,16,12,0,25,0,11,18,8,14,39,28,132,84
"76",150030013002,13,2,460,408,52,219,241,3,0,9,8,0,0,0,19,0,85,0,79,42,58,55,60,45
"77",150030013003,13,3,269,250,19,145,124,4,0,0,24,0,19,0,0,0,0,13,19,13,25,66,56,34
"78",150030013004,13,4,288,157,131,103,185,2,8,15,0,30,16,0,11,8,0,10,31,16,11,80,52,0
"79",150030014001,14,1,340,289,51,264,76,3,6,0,0,0,0,11,6,4,0,17,10,45,29,10,56,146
"80",150030014002,14,2,577,483,94,357,220,3,0,6,12,0,0,17,21,12,4,28,47,81,86,49,47,167
"81",150030015011,15.01,1,672,453,219,223,449,3,8,24,0,0,0,56,37,7,33,179,25,47,45,44,56,111
"82",150030015021,15.02,1,310,249,61,219,91,3,0,0,11,13,15,17,0,0,0,0,28,0,114,51,44,17
"83",150030015022,15.02,2,490,360,130,356,134,3,31,0,0,0,14,0,0,0,0,23,71,22,79,79,43,128
"84",150030016011,16.01,1,465,350,115,147,318,2,24,0,7,24,8,11,31,12,21,10,35,94,30,51,55,52
"85",150030016012,16.01,2,198,148,50,145,53,4,0,0,0,0,7,0,17,17,22,9,12,29,19,20,7,39
"86",150030016021,16.02,1,249,198,51,199,50,3,0,9,0,0,8,14,0,35,20,9,13,14,22,33,44,28
"87",150030016022,16.02,2,259,212,47,132,127,4,15,0,7,0,0,0,0,8,0,6,12,20,29,44,60,58
"88",150030017001,17,1,617,394,223,402,215,2,22,0,21,49,9,11,12,42,29,31,18,25,84,10,75,179
"89",150030017002,17,2,434,232,202,307,127,2,35,0,10,0,0,0,0,9,21,8,0,59,37,16,80,159
"90",150030018011,18.01,1,274,89,185,86,188,1,113,0,4,7,6,0,4,0,4,24,23,10,7,43,19,10
"91",150030018012,18.01,2,239,69,170,68,171,1,38,0,2,0,0,25,0,0,10,8,43,24,48,16,24,1
"92",150030018031,18.03,1,495,249,246,220,275,1,39,24,0,7,48,41,0,32,34,36,0,17,102,0,92,23
"93",150030018032,18.03,2,165,74,91,84,81,2,72,20,0,0,17,15,0,0,10,0,0,23,0,0,8,0
"94",150030018033,18.03,3,570,296,274,124,446,2,41,26,10,79,49,12,0,16,16,29,27,106,30,93,0,36
"95",150030018034,18.03,4,426,295,131,114,312,2,29,0,25,0,0,9,0,0,33,32,7,146,110,30,0,5
"96",150030018041,18.04,1,370,155,215,224,146,2,41,12,0,0,0,12,0,8,22,9,0,151,23,5,44,43
"97",150030018042,18.04,2,500,179,321,300,200,2,19,0,5,19,43,26,44,0,0,32,98,37,51,77,39,10
"98",150030019011,19.01,1,278,175,103,181,97,2,11,11,6,22,0,4,9,6,11,6,16,18,22,54,22,60
"99",150030019051,19.05,1,267,194,73,177,90,2,0,0,0,46,0,0,0,0,0,9,5,24,59,0,7,117
"100",150030019052,19.05,2,597,253,344,197,400,2,0,53,21,33,0,0,0,24,44,74,60,33,47,104,60,44
"101",150030019061,19.06,1,512,71,441,120,392,1,13,31,89,29,22,9,75,0,38,27,11,48,45,5,9,61
"102",150030019062,19.06,2,485,401,84,294,191,2,31,46,0,0,7,23,16,0,37,0,56,42,59,58,4,106
"103",150030019063,19.06,3,735,343,392,413,322,2,62,27,0,54,73,35,0,0,0,39,68,74,97,60,56,90
"104",150030019071,19.07,1,760,367,393,327,433,2,23,10,50,13,28,0,0,0,0,95,61,187,59,83,77,74
"105",150030019072,19.07,2,164,57,107,125,39,2,15,13,0,0,12,0,0,0,0,0,20,10,0,0,85,9
"106",150030019073,19.07,3,638,265,373,235,403,2,35,0,120,22,0,10,10,16,0,27,73,67,76,61,50,71
"107",150030020031,20.03,1,502,251,251,223,279,2,16,23,30,27,0,10,2,35,0,27,73,76,57,26,49,51
"108",150030020032,20.03,2,868,141,727,245,623,1,92,43,46,70,0,63,18,93,62,28,115,92,75,64,7,0
"109",150030020041,20.04,1,319,135,184,158,161,2,30,11,1,11,7,0,0,6,11,9,70,49,45,38,8,23
"110",150030020042,20.04,2,495,210,285,90,405,2,45,30,36,18,15,0,7,45,36,31,117,59,12,17,27,0
"111",150030020051,20.05,1,572,199,373,203,369,1,60,10,27,0,10,11,0,14,49,29,174,102,9,46,11,20
"112",150030020052,20.05,2,556,220,336,160,396,2,122,0,0,12,10,0,30,35,18,41,153,56,34,21,0,24
"113",150030020061,20.06,1,488,252,236,207,281,2,25,13,2,39,4,0,38,0,42,86,37,51,68,58,7,18
"114",150030020062,20.06,2,731,324,407,223,508,2,38,16,117,34,21,0,18,7,0,78,117,52,67,41,62,63
"115",150030021011,21.01,1,179,101,78,30,149,2,0,0,19,15,0,0,0,19,7,32,22,40,14,11,0,0
"116",150030021012,21.01,2,262,207,55,134,128,3,29,0,0,48,0,0,57,8,9,0,11,13,4,14,38,31
"117",150030021013,21.01,3,496,182,314,149,347,2,33,100,0,19,18,8,7,0,3,34,101,55,72,11,18,17
"118",150030021021,21.02,1,258,125,133,47,211,1,14,30,0,37,0,0,0,13,13,0,68,52,16,0,15,0
"119",150030021022,21.02,2,577,381,196,218,359,2,35,0,3,45,29,24,26,5,50,42,90,46,46,61,33,42
"120",150030022031,22.03,1,836,446,390,478,358,2,87,40,0,15,26,0,23,50,0,32,80,151,95,59,99,79
"121",150030022041,22.04,1,712,381,331,287,425,2,68,21,16,14,11,12,7,14,39,134,15,75,71,122,59,34
"122",150030022051,22.05,1,890,517,373,368,522,2,17,7,21,18,13,39,6,0,45,29,281,45,21,87,66,195
"123",150030022061,22.06,1,555,262,293,113,442,2,83,0,0,0,8,30,6,41,53,61,45,170,29,13,9,7
"124",150030022062,22.06,2,414,289,125,86,328,3,28,6,31,26,8,10,39,21,51,12,35,29,24,34,32,28
"125",150030023011,23.01,1,309,234,75,101,208,2,37,0,27,10,0,68,0,18,0,22,19,26,21,26,26,9
"126",150030023012,23.01,2,620,396,224,298,322,2,12,18,10,0,32,0,0,33,17,57,123,106,34,9,70,99
"127",150030023013,23.01,3,766,321,445,398,368,2,140,63,53,36,13,34,0,11,0,56,47,177,70,32,27,7
"128",150030023021,23.02,1,656,347,309,283,373,2,15,0,15,50,41,27,51,0,23,77,81,192,46,19,13,6
"129",150030023022,23.02,2,332,229,103,92,240,2,30,0,0,35,0,0,7,0,8,58,45,42,71,7,0,29
"130",150030024011,24.01,1,275,170,105,8,267,3,24,0,10,0,0,18,11,10,0,40,48,37,33,9,19,16
"131",150030024012,24.01,2,382,276,106,79,303,2,17,0,0,0,0,47,13,34,0,21,29,64,54,23,32,48
"132",150030024013,24.01,3,365,165,200,170,195,2,9,46,0,0,42,18,0,0,10,58,75,35,10,35,16,11
"133",150030024014,24.01,4,195,116,79,37,158,4,14,36,0,0,0,0,0,18,10,0,13,2,68,10,0,24
"134",150030024031,24.03,1,361,285,76,77,284,2,14,13,13,8,0,17,0,58,0,84,8,28,106,5,7,0
"135",150030024032,24.03,2,397,181,216,71,326,2,0,0,20,0,10,18,0,0,23,27,153,29,40,37,35,5
"136",150030024041,24.04,1,310,77,233,39,271,2,34,28,48,5,22,12,0,33,29,10,20,6,12,24,6,21
"137",150030024042,24.04,2,405,287,118,162,243,2,0,11,9,6,5,11,38,0,19,15,64,59,92,27,48,1
"138",150030025001,25,1,1143,553,590,427,716,2,96,15,23,18,46,75,46,0,112,33,38,166,242,99,39,95
"139",150030025002,25,2,476,252,224,74,402,2,44,51,47,23,0,16,29,17,0,27,41,42,30,49,28,32
"140",150030025003,25,3,270,63,207,66,204,1,34,16,12,55,0,0,17,19,0,12,19,26,14,0,24,22
"141",150030026001,26,1,530,226,304,289,241,2,50,40,24,9,20,0,25,0,23,41,65,78,37,40,38,40
"142",150030026002,26,2,325,105,220,141,184,2,54,40,7,0,0,22,4,4,6,23,82,29,54,0,0,0
"143",150030026003,26,3,419,180,239,122,297,2,12,39,56,54,0,6,9,33,26,21,15,56,27,9,32,24
"144",150030026004,26,4,562,382,180,47,515,3,25,27,25,9,67,8,14,3,73,49,56,64,20,91,0,31
"145",150030027011,27.01,1,110,74,36,61,49,3,0,0,2,4,0,0,0,2,0,8,10,0,24,3,3,54
"146",150030027012,27.01,2,547,291,256,143,404,2,56,0,19,7,9,3,53,0,43,26,74,150,14,3,44,46
"147",150030027013,27.01,3,133,52,81,0,133,2,21,0,0,18,0,0,0,15,0,27,10,40,0,2,0,0
"148",150030027021,27.02,1,289,256,33,167,122,2,33,26,0,0,0,20,0,0,0,8,27,32,46,32,38,27
"149",150030027022,27.02,2,452,240,212,305,147,2,0,0,0,0,0,0,0,0,24,62,14,187,40,24,47,54
"150",150030027023,27.02,3,850,487,363,286,564,2,0,0,15,66,24,29,12,10,21,62,121,166,104,0,88,132
"151",150030027024,27.02,4,512,343,169,339,173,2,21,0,13,0,0,22,10,0,15,24,33,48,63,31,100,132
"152",150030028011,28.01,1,609,444,165,448,161,3,44,5,6,12,0,19,0,14,12,46,28,64,61,47,83,168
"153",150030028021,28.02,1,270,140,130,200,70,2,11,0,0,0,0,10,20,0,2,7,84,10,26,7,23,70
"154",150030028022,28.02,2,679,457,222,425,254,2,21,6,0,0,50,0,0,0,0,43,113,111,21,39,55,220
"155",150030029001,29,1,897,618,279,504,393,3,6,15,0,15,6,0,6,5,0,29,23,144,228,58,125,237
"156",150030030001,30,1,386,284,102,326,60,2,0,0,9,0,2,0,0,0,9,0,11,31,25,8,47,244
"157",150030030002,30,2,401,307,94,292,109,3,6,15,0,0,0,0,11,11,0,18,23,22,34,66,8,187
"158",150030030003,30,3,430,408,22,347,83,3,0,0,0,6,0,8,0,0,4,33,5,104,34,28,25,183
"159",150030030004,30,4,449,308,141,314,135,2,19,0,12,18,40,0,0,0,21,0,0,65,6,22,51,195
"160",150030031021,31.02,1,960,657,303,904,56,3,46,27,11,9,10,22,12,30,101,45,41,61,8,78,107,352
"161",150030031022,31.02,2,381,286,95,314,67,3,0,0,0,15,0,0,0,10,10,10,19,93,54,28,61,81
"162",150030031031,31.03,1,533,404,129,368,165,3,22,0,0,22,16,0,0,17,11,61,10,34,29,73,67,171
"163",150030031041,31.04,1,853,699,154,680,173,3,34,10,0,21,0,0,0,11,0,41,63,37,79,52,74,431
"164",150030034041,34.04,1,1052,611,441,766,286,2,17,15,17,20,15,15,0,131,53,28,81,245,0,264,55,96
"165",150030034042,34.04,2,356,173,183,235,121,2,0,0,0,0,25,0,0,24,10,111,71,0,77,0,22,16
"166",150030034043,34.04,3,128,60,68,99,29,2,0,0,0,0,17,0,0,0,0,41,14,0,14,0,0,42
"167",150030034044,34.04,4,743,501,242,188,555,2,39,0,0,74,20,25,0,41,71,49,15,141,70,64,96,38
"168",150030034081,34.08,1,621,241,380,350,271,2,28,0,29,0,0,38,58,0,20,76,143,43,109,6,60,11
"169",150030034082,34.08,2,482,336,146,122,360,2,12,0,43,48,10,39,0,0,0,20,46,179,39,20,26,0
"170",150030034091,34.09,1,579,372,207,273,306,2,12,8,0,0,7,0,8,19,0,50,8,152,145,58,67,45
"171",150030034092,34.09,2,400,148,252,102,298,1,0,0,0,17,12,0,12,8,50,91,70,50,6,47,37,0
"172",150030034101,34.1,1,809,588,221,199,610,3,32,0,0,25,0,0,140,19,140,4,65,193,78,13,52,48
"173",150030034111,34.11,1,637,315,322,429,208,2,11,7,28,14,0,11,7,31,15,35,43,184,64,27,120,40
"174",150030034121,34.12,1,901,580,321,561,340,2,30,17,29,8,22,15,0,26,31,25,96,127,96,56,171,152
"175",150030034131,34.13,1,706,327,379,146,560,2,102,14,0,7,0,57,0,0,55,107,101,127,51,24,22,39
"176",150030034132,34.13,2,633,247,386,233,400,2,64,25,108,76,31,18,24,0,18,57,31,68,47,28,4,34
"177",150030034141,34.14,1,288,181,107,65,223,2,0,38,0,0,7,29,0,0,0,14,31,39,41,0,18,71
"178",150030034142,34.14,2,784,410,374,108,676,2,113,64,40,8,29,16,79,22,0,21,55,149,91,36,13,48
"179",150030034143,34.14,3,812,458,354,186,626,2,39,0,0,61,19,27,93,8,123,72,42,76,100,72,52,28
"180",150030034144,34.14,4,512,225,287,216,296,2,32,9,26,6,5,0,8,7,4,27,44,39,64,77,51,113
"181",150030035011,35.01,1,380,205,175,166,214,2,64,0,15,0,9,20,29,14,0,58,72,32,64,0,0,3
"182",150030035012,35.01,2,865,456,409,404,461,2,116,24,0,15,5,0,82,67,25,35,141,31,47,35,132,110
"183",150030035031,35.03,1,661,323,338,78,583,2,86,58,15,27,106,26,0,0,0,38,50,150,96,0,0,9
"184",150030035041,35.04,1,358,200,158,156,202,2,37,30,0,11,14,48,10,28,7,12,55,3,42,13,41,7
"185",150030035042,35.04,2,1147,702,445,609,538,2,139,87,19,21,0,0,32,18,9,75,47,164,174,29,213,120
"186",150030036031,36.03,1,769,315,454,543,226,2,45,5,17,8,0,16,23,25,11,133,80,93,124,104,37,48
"187",150030036032,36.03,2,940,396,544,150,790,2,217,76,120,54,18,34,64,23,17,75,111,63,14,9,15,30
"188",150030036033,36.03,3,117,77,40,58,59,3,10,17,0,0,5,0,24,0,0,0,24,0,8,0,0,29
"189",150030036041,36.04,1,532,222,310,221,311,2,54,0,47,44,20,73,39,13,4,8,60,84,13,6,67,0
"190",150030036042,36.04,2,709,294,415,197,512,2,48,29,10,36,25,17,46,18,46,53,67,87,114,40,29,44
"191",150030036051,36.05,1,501,171,330,60,441,2,48,0,14,0,7,0,110,35,27,87,33,58,15,13,4,50
"192",150030036061,36.06,1,631,355,276,156,475,2,55,30,8,62,13,33,16,61,11,40,24,48,34,7,149,40
"193",150030036062,36.06,2,749,520,229,398,351,2,58,16,0,44,69,0,4,28,9,22,43,20,145,32,112,147
"194",150030037011,37.01,1,312,108,204,124,188,1,0,19,0,17,15,54,23,33,13,8,0,50,39,12,29,0
"195",150030037012,37.01,2,375,319,56,160,215,2,46,12,0,0,0,3,0,0,0,31,0,26,13,26,81,137
"196",150030037013,37.01,3,598,358,240,488,110,2,7,46,0,145,0,31,0,0,96,50,17,83,20,0,42,61
"197",150030037014,37.01,4,0,0,0,0,0,NA,0,0,0,0,0,0,0,0,0,0,0,0,0,0,0,0
"198",150030037021,37.02,1,253,192,61,124,129,2,93,0,13,0,0,0,34,0,13,0,44,1,0,15,40,0
"199",150030037022,37.02,2,789,522,267,423,366,2,24,0,4,0,48,0,0,24,0,0,20,95,76,190,132,176
"200",150030037023,37.02,3,1000,487,513,478,522,2,26,144,23,0,0,24,11,39,22,102,117,109,140,51,52,140
"201",150030037024,37.02,4,72,54,18,42,30,2,0,0,18,0,0,0,0,0,0,0,0,0,9,30,0,15
"202",150030037031,37.03,1,721,355,366,525,196,2,34,0,0,0,0,12,0,133,0,0,23,127,21,0,220,151
"203",150030037032,37.03,2,260,260,0,260,0,2,215,0,0,0,0,0,0,0,0,0,0,0,0,0,0,45
"204",150030037033,37.03,3,471,316,155,212,259,2,32,0,37,0,24,26,2,23,0,5,27,22,68,16,3,186
"205",150030037034,37.03,4,0,0,0,0,0,NA,0,0,0,0,0,0,0,0,0,0,0,0,0,0,0,0
"206",150030037035,37.03,5,260,239,21,178,82,2,8,0,0,0,0,11,0,0,0,0,11,0,109,0,55,66
"207",150030038011,38.01,1,1099,487,612,273,826,2,164,83,25,85,103,26,23,10,85,82,36,97,78,54,56,92
"208",150030038012,38.01,2,477,370,107,368,109,2,0,41,0,0,0,0,0,0,5,1,42,67,66,171,32,52
"209",150030038013,38.01,3,0,0,0,0,0,NA,0,0,0,0,0,0,0,0,0,0,0,0,0,0,0,0
"210",150030038014,38.01,4,1066,782,284,701,365,2,65,0,0,0,0,0,0,40,5,211,56,157,50,174,136,172
"211",150030038015,38.01,5,0,0,0,0,0,NA,0,0,0,0,0,0,0,0,0,0,0,0,0,0,0,0
"212",150030038021,38.02,1,206,108,98,83,123,2,0,0,0,98,0,11,0,0,0,25,0,28,0,0,0,44
"213",150030038022,38.02,2,1322,873,449,698,624,2,31,0,0,64,0,0,0,0,23,122,141,204,261,232,122,122
"214",150030038023,38.02,3,440,251,189,397,43,2,19,0,0,36,0,0,0,0,36,45,0,0,55,0,63,186
"215",150030038024,38.02,4,0,0,0,0,0,NA,0,0,0,0,0,0,0,0,0,0,0,0,0,0,0,0
"216",150030038025,38.02,5,758,384,374,484,274,2,23,21,0,25,14,0,0,0,0,28,82,135,125,97,115,93
"217",150030039001,39,1,252,16,236,55,197,1,24,20,79,24,20,9,10,0,12,9,8,0,9,15,8,5
"218",150030040001,40,1,643,272,371,258,385,2,31,3,4,22,0,0,95,25,35,46,29,107,52,32,17,145
"219",150030040002,40,2,233,111,122,99,134,2,7,24,13,0,8,0,4,10,14,18,12,63,6,24,18,12
"220",150030041011,41.01,1,406,197,209,203,203,2,15,5,8,29,6,3,0,28,0,102,0,78,116,0,0,16
"221",150030041012,41.01,2,397,169,228,103,294,2,50,75,14,16,84,0,0,0,29,10,21,47,5,12,24,10
"222",150030041021,41.02,1,497,240,257,265,232,2,0,73,0,50,0,23,21,0,32,85,52,30,67,34,17,13
"223",150030041022,41.02,2,527,218,309,137,390,2,41,0,100,49,12,12,19,16,22,30,39,13,58,40,53,23
"224",150030041023,41.02,3,250,96,154,90,160,2,0,51,0,0,0,0,90,0,13,14,7,45,17,13,0,0
"225",150030042011,42.01,1,419,178,241,183,236,2,36,13,0,16,17,12,15,19,12,80,8,66,47,27,29,22
"226",150030042012,42.01,2,540,219,321,227,313,2,14,0,24,0,8,18,0,5,37,51,13,54,160,53,78,25
"227",150030042021,42.02,1,435,315,120,370,65,2,35,0,0,0,0,0,44,0,0,0,17,26,67,10,47,189
"228",150030042022,42.02,2,518,184,334,305,213,1,29,27,81,27,46,33,18,0,8,10,24,60,38,19,57,41
"229",150030043011,43.01,1,310,164,146,119,191,2,48,14,40,40,0,24,0,0,10,0,20,35,14,11,25,29
"230",150030043012,43.01,2,651,492,159,372,279,3,60,0,0,0,88,0,17,11,8,12,31,93,42,59,87,143
"231",150030043021,43.02,1,326,184,142,102,224,3,0,0,15,90,12,0,0,0,13,25,14,45,74,16,0,22
"232",150030043022,43.02,2,358,205,153,0,358,3,5,41,0,59,22,43,22,0,18,19,8,22,26,0,0,73
"233",150030043023,43.02,3,318,246,72,137,181,2,0,14,0,0,15,24,0,0,33,31,81,17,27,9,25,42
"234",150030044011,44.01,1,252,188,64,153,99,2,9,5,0,11,0,0,10,7,12,14,24,22,68,0,15,55
"235",150030044012,44.01,2,288,274,14,191,97,4,6,0,0,0,0,23,0,0,7,31,32,23,15,8,67,76
"236",150030044013,44.01,3,296,215,81,186,110,3,10,0,6,18,0,6,7,0,0,56,13,43,16,29,36,56
"237",150030044021,44.02,1,432,349,83,384,48,4,16,30,11,8,6,3,15,4,4,8,49,30,50,39,70,89
"238",150030044022,44.02,2,435,300,135,373,62,2,28,7,0,0,11,6,18,0,0,10,14,20,24,54,70,173
"239",150030045001,45,1,558,331,227,512,46,3,0,0,0,145,0,21,55,17,21,0,22,40,33,21,36,147
"240",150030045002,45,2,367,289,78,292,75,3,14,0,0,0,21,15,17,16,0,15,16,10,24,18,66,135
"241",150030045003,45,3,950,350,600,477,473,2,102,0,0,0,14,0,0,19,62,162,41,72,112,126,84,156
"242",150030045004,45,4,311,279,32,277,34,3,19,0,0,11,0,0,0,15,0,0,17,0,0,18,47,184
"243",150030046001,46,1,306,271,35,257,49,3,0,0,0,0,0,0,0,0,0,0,24,13,11,8,84,166
"244",150030046002,46,2,239,184,55,202,37,3,0,0,0,10,7,10,0,0,0,7,0,13,39,4,17,132
"245",150030046003,46,3,364,300,64,264,100,3,0,0,0,0,8,0,0,38,0,24,37,47,35,9,71,95
"246",150030046004,46,4,174,155,19,142,32,5,0,10,0,0,0,0,8,0,0,0,21,22,9,32,47,25
"247",150030047011,47.01,1,427,391,36,347,80,3,6,0,0,6,0,15,16,8,0,6,66,14,45,31,117,97
"248",150030047012,47.01,2,394,309,85,322,72,3,0,0,0,12,0,8,26,0,0,0,15,121,8,76,40,88
"249",150030047021,47.02,1,267,249,18,234,33,3,0,0,7,0,0,0,6,0,11,13,14,22,10,4,95,85
"250",150030047022,47.02,2,239,206,33,150,89,3,0,0,23,0,0,11,0,0,0,58,9,6,9,6,53,64
"251",150030047023,47.02,3,353,278,75,178,175,3,0,24,0,0,0,0,13,4,0,28,26,29,50,52,34,93
"252",150030048011,48.01,1,194,148,46,169,25,2,0,0,0,0,0,20,12,0,11,34,29,18,0,17,45,8
"253",150030048012,48.01,2,244,199,45,118,126,3,0,30,0,4,0,0,15,0,0,34,6,3,21,11,18,102
"254",150030048013,48.01,3,510,226,284,409,101,2,12,0,0,7,8,0,35,6,7,16,35,231,8,15,59,71
"255",150030048021,48.02,1,526,508,18,372,154,4,8,0,0,0,0,7,23,8,0,25,31,99,37,26,167,95
"256",150030048022,48.02,2,238,141,97,92,146,2,0,38,12,0,8,2,0,0,0,7,0,67,8,16,36,44
"257",150030048023,48.02,3,271,254,17,111,160,5,38,0,0,23,0,46,8,0,0,0,22,25,0,0,21,88
"258",150030049001,49,1,336,303,33,172,164,4,0,0,0,0,5,9,0,13,14,81,7,39,20,31,70,47
"259",150030049002,49,2,413,366,47,80,333,3,6,5,0,28,8,0,33,20,0,28,74,78,59,11,48,15
"260",150030049003,49,3,318,200,118,189,129,2,0,9,0,0,0,12,10,4,11,29,62,102,43,13,13,10
"261",150030050001,50,1,504,259,245,201,303,2,19,51,0,44,18,37,5,14,7,60,82,32,50,4,14,67
"262",150030050002,50,2,370,298,72,275,95,3,0,6,0,0,0,7,0,51,15,26,42,62,111,3,36,11
"263",150030050003,50,3,220,137,83,149,71,2,8,14,7,12,0,11,0,4,6,23,76,35,0,0,24,0
"264",150030050004,50,4,406,180,226,34,372,2,14,7,8,0,10,0,30,105,8,19,25,163,8,0,0,9
"265",150030051001,51,1,912,506,406,556,356,2,31,0,0,7,21,11,17,0,7,28,209,93,130,98,113,147
"266",150030051002,51,2,656,388,268,20,636,2,61,112,42,114,43,36,60,55,7,31,39,3,13,40,0,0
"267",150030052001,52,1,453,218,235,0,453,2,47,47,16,40,12,48,0,21,0,61,9,100,30,0,22,0
"268",150030052002,52,2,898,419,479,0,898,2,94,299,41,78,54,34,33,38,26,53,25,39,63,10,11,0
"269",150030053001,53,1,1025,885,140,0,1025,4,73,42,19,57,36,128,0,0,0,84,84,114,50,157,172,9
"270",150030053002,53,2,447,232,215,96,351,2,42,149,30,0,22,7,12,26,17,15,27,40,0,0,32,28
"271",150030054001,54,1,398,347,51,0,398,4,65,49,18,5,15,16,1,91,5,47,10,33,15,15,11,2
"272",150030055001,55,1,582,529,53,275,307,4,15,61,49,3,34,33,10,0,19,48,42,48,48,23,85,64
"273",150030056011,56.01,1,412,170,242,15,397,3,64,169,44,0,17,11,0,0,0,4,4,18,0,21,30,30
"274",150030056012,56.01,2,292,263,29,138,154,4,0,0,0,45,0,0,0,0,0,42,33,30,48,35,14,45
"275",150030056021,56.02,1,206,174,32,202,4,5,0,0,17,0,21,0,15,0,0,0,0,27,0,13,32,81
"276",150030056022,56.02,2,264,131,133,95,169,3,11,46,0,0,0,13,25,25,12,44,13,57,0,10,8,0
"277",150030056023,56.02,3,577,485,92,197,380,4,39,11,0,0,54,33,0,10,0,13,30,134,107,59,30,57
"278",150030057001,57,1,594,471,123,162,432,2,22,40,0,32,9,35,21,59,38,0,112,48,19,60,49,50
"279",150030057002,57,2,445,210,235,0,445,2,23,10,20,24,88,19,0,80,0,35,54,24,21,12,10,25
"280",150030058001,58,1,339,283,56,27,312,3,12,14,0,32,35,22,12,53,12,59,10,16,29,0,33,0
"281",150030058002,58,2,687,555,132,470,217,3,10,111,13,0,5,31,44,2,34,33,66,84,85,11,147,11
"282",150030059001,59,1,640,537,103,48,592,3,51,26,11,36,6,15,5,9,30,59,117,116,63,34,22,40
"283",150030059002,59,2,0,0,0,0,0,NA,0,0,0,0,0,0,0,0,0,0,0,0,0,0,0,0
"284",150030060001,60,1,424,395,29,237,187,5,16,8,0,16,8,0,28,21,16,37,67,23,24,22,66,72
"285",150030060002,60,2,333,333,0,179,154,5,0,0,0,35,0,0,0,35,0,19,0,71,27,0,55,91
"286",150030060003,60,3,440,420,20,111,329,4,0,25,0,0,10,0,0,39,8,22,49,61,52,93,10,71
"287",150030061001,61,1,374,319,55,171,203,4,7,1,0,0,6,23,5,9,19,28,3,58,37,35,63,80
"288",150030061002,61,2,444,410,34,279,165,6,22,0,3,0,0,0,0,5,0,9,15,18,22,94,123,133
"289",150030062021,62.02,1,367,261,106,48,319,5,22,40,0,20,29,0,15,57,1,53,5,28,8,0,20,69
"290",150030062022,62.02,2,235,139,96,0,235,3,59,24,5,0,22,34,17,13,34,0,21,0,6,0,0,0
"291",150030062031,62.03,1,898,792,106,422,476,4,55,32,99,0,0,12,36,63,18,70,42,175,59,65,40,132
"292",150030062032,62.03,2,414,360,54,176,238,4,48,0,11,0,21,13,0,10,0,9,46,64,34,13,44,101
"293",150030063011,63.01,1,283,252,31,216,67,4,9,0,0,5,23,0,4,7,6,4,40,37,6,27,45,70
"294",150030063012,63.01,2,295,267,28,217,78,5,12,0,5,0,0,0,12,5,11,0,30,23,45,30,20,102
"295",150030063013,63.01,3,247,221,26,196,51,5,5,13,0,0,6,0,0,0,8,0,39,46,32,12,8,78
"296",150030063021,63.02,1,107,94,13,57,50,5,0,0,0,0,0,0,0,0,22,4,4,15,4,18,14,26
"297",150030063022,63.02,2,503,475,28,36,467,5,91,35,39,17,38,9,22,0,44,97,62,24,13,3,9,0
"298",150030064011,64.01,1,439,416,23,315,124,5,5,11,5,6,23,0,19,2,6,7,55,30,5,51,52,162
"299",150030064021,64.02,1,335,303,32,299,36,3,0,0,13,0,11,0,0,0,20,0,23,20,25,25,69,129
"300",150030064022,64.02,2,308,258,50,247,61,4,0,14,0,0,0,0,0,0,18,13,29,54,10,0,48,122
"301",150030064023,64.02,3,528,493,35,515,13,5,18,0,0,0,7,0,50,0,9,7,0,33,65,48,93,198
"302",150030064024,64.02,4,313,313,0,250,63,6,0,0,0,0,0,0,0,0,0,11,0,10,10,21,101,160
"303",150030065001,65,1,785,705,80,664,121,4,0,0,0,0,9,0,0,0,53,12,12,154,88,125,55,277
"304",150030065002,65,2,284,261,23,225,59,4,0,0,17,5,6,0,0,39,0,45,0,62,0,16,13,81
"305",150030067031,67.03,1,506,465,41,274,232,3,3,0,34,0,0,37,14,3,27,16,5,47,51,47,129,93
"306",150030067041,67.04,1,1200,714,486,0,1200,2,15,0,0,112,43,28,57,117,191,35,78,285,76,16,76,71
"307",150030067042,67.04,2,257,90,167,80,177,1,0,0,0,11,0,32,13,22,0,21,32,58,30,19,0,19
"308",150030067043,67.04,3,346,301,45,306,40,3,0,0,0,0,11,24,0,0,0,0,32,32,0,32,45,170
"309",150030067044,67.04,4,249,210,39,189,60,3,0,0,0,0,0,0,15,0,27,10,0,11,21,11,66,88
"310",150030067045,67.04,5,720,563,157,663,57,3,16,27,18,28,10,0,0,61,28,28,37,65,11,103,46,242
"311",150030068061,68.06,1,274,247,27,253,21,3,4,5,3,4,4,0,0,4,16,5,0,12,40,13,91,73
"312",150030068062,68.06,2,264,204,60,236,28,3,8,0,5,14,5,0,9,0,0,0,16,35,5,27,72,68
"313",150030068101,68.1,1,561,561,0,0,561,4,0,0,0,8,10,21,39,63,15,39,23,77,63,107,58,38
"314",150030068102,68.1,2,299,258,41,0,299,3,31,0,0,0,0,17,11,7,0,43,65,59,33,32,0,1
"315",150030068111,68.11,1,331,331,0,14,317,4,40,0,0,0,18,12,0,6,0,45,42,65,24,35,0,44
"316",150030068121,68.12,1,602,456,146,368,234,2,45,0,0,0,18,52,0,9,15,89,6,58,67,46,108,89
"317",150030068131,68.13,1,960,701,259,778,182,2,0,54,0,0,0,57,0,32,13,57,39,113,71,146,244,134
"318",150030068132,68.13,2,33,33,0,33,0,4,0,0,0,0,0,0,0,0,0,0,0,0,0,5,21,7
"319",150030068133,68.13,3,636,317,319,183,453,2,10,0,0,0,15,28,0,109,73,0,22,96,119,9,69,86
"320",150030068134,68.13,4,456,405,51,386,70,3,0,0,0,0,0,0,0,0,27,20,0,50,76,39,0,244
"321",150030068141,68.14,1,406,344,62,318,88,3,0,0,0,9,79,5,9,0,19,14,9,49,76,65,47,25
"322",150030068142,68.14,2,441,310,131,203,238,2,12,15,0,59,7,5,0,4,11,45,33,68,67,0,93,22
"323",150030068151,68.15,1,841,616,225,351,490,3,58,0,6,15,32,0,19,14,18,158,16,181,72,64,133,55
"324",150030068152,68.15,2,214,200,14,94,120,3,0,22,6,21,0,0,0,0,0,0,17,74,28,0,17,29
"325",150030068161,68.16,1,514,416,98,381,133,4,17,0,12,13,9,0,5,11,0,91,50,39,5,34,48,180
"326",150030068171,68.17,1,466,426,40,323,143,3,25,0,0,8,0,28,0,0,0,34,33,81,121,8,20,108
"327",150030068172,68.17,2,284,274,10,240,44,6,0,0,0,0,0,0,0,6,0,10,4,14,76,61,0,113
"328",150030068173,68.17,3,201,175,26,191,10,4,0,0,0,0,0,18,0,0,0,13,17,10,27,0,57,59
"329",150030068181,68.18,1,721,465,256,408,313,2,51,0,9,0,4,11,42,19,50,54,53,107,137,79,27,78
"330",150030068191,68.19,1,475,232,243,176,299,2,13,36,28,15,0,0,0,20,0,53,36,140,42,83,9,0
"331",150030068192,68.19,2,759,499,260,471,288,2,25,24,7,11,49,31,8,64,28,40,37,220,89,37,60,29
"332",150030069001,69,1,306,296,10,0,306,3,0,3,0,0,6,0,45,84,7,37,5,27,36,28,13,15
"333",150030069002,69,2,445,445,0,0,445,5,5,0,0,0,0,0,0,38,4,0,65,88,28,177,36,4
"334",150030069003,69,3,310,310,0,0,310,4,4,0,0,0,0,7,0,12,14,51,7,38,51,7,105,14
"335",150030070011,70.01,1,629,378,251,0,629,2,24,0,0,1,0,0,0,44,24,35,100,160,135,66,28,12
"336",150030070012,70.01,2,206,161,45,8,198,2,8,0,0,8,0,0,18,25,63,0,47,0,7,20,10,0
"337",150030070021,70.02,1,231,231,0,0,231,3,6,67,0,0,0,0,0,13,0,50,0,39,16,35,5,0
"338",150030070022,70.02,2,762,547,215,0,762,2,13,0,0,0,6,13,6,0,24,182,199,84,40,107,34,54
"339",150030071001,71,1,559,549,10,8,551,3,0,0,17,0,0,0,26,6,44,16,185,32,36,123,32,42
"340",150030071002,71,2,531,481,50,0,531,4,4,0,0,0,0,0,0,0,9,5,97,82,57,127,49,101
"341",150030073021,73.02,1,262,233,29,0,262,4,9,0,0,0,0,21,38,0,0,24,0,11,17,23,90,29
"342",150030073022,73.02,2,251,251,0,0,251,4,0,0,0,0,0,0,0,0,0,5,6,25,55,45,58,57
"343",150030073023,73.02,3,524,489,35,0,524,3,0,0,8,12,0,0,0,0,0,94,35,10,92,102,82,89
"344",150030073024,73.02,4,597,414,183,0,597,3,0,0,0,9,11,24,48,28,75,37,79,74,80,117,8,7
"345",150030074001,74,1,452,316,136,15,437,2,0,0,0,0,0,0,20,26,5,23,96,29,11,116,37,89
"346",150030074002,74,2,452,451,1,4,448,4,14,0,0,0,22,0,0,0,0,102,18,32,96,33,103,32
"347",150030075041,75.04,1,381,265,116,112,269,3,36,6,0,28,29,19,15,18,15,22,6,38,59,11,23,56
"348",150030075042,75.04,2,581,451,130,172,409,3,52,20,57,23,15,63,63,17,16,67,26,88,7,5,0,62
"349",150030075071,75.07,1,492,380,112,293,199,3,8,0,0,0,27,0,12,10,19,43,50,29,72,65,18,139
"350",150030075072,75.07,2,0,0,0,0,0,NA,0,0,0,0,0,0,0,0,0,0,0,0,0,0,0,0
"351",150030075073,75.07,3,752,522,230,656,96,3,0,0,16,0,21,0,24,0,0,63,62,169,66,14,79,238
"352",150030075074,75.07,4,680,557,123,597,83,3,0,0,39,31,0,0,9,65,0,17,0,110,26,51,90,242
"353",150030075081,75.08,1,318,318,0,0,318,5,56,0,0,0,0,0,0,0,0,6,10,11,42,35,67,91
"354",150030075082,75.08,2,247,165,82,189,58,3,10,0,0,0,0,0,0,0,41,29,9,9,21,16,58,54
"355",150030075083,75.08,3,241,191,50,233,8,3,0,0,0,19,30,0,0,51,0,20,14,0,26,0,19,62
"356",150030075084,75.08,4,825,743,82,684,141,3,58,0,0,58,18,32,0,0,25,13,32,92,148,91,51,207
"357",150030075085,75.08,5,602,395,207,339,263,2,24,0,0,40,34,0,19,3,29,10,41,52,195,55,83,17
"358",150030077011,77.01,1,447,320,127,401,46,3,36,0,0,0,0,49,0,18,43,0,20,25,15,78,56,107
"359",150030077012,77.01,2,377,328,49,312,65,4,0,0,0,10,0,0,0,11,0,28,57,39,45,58,21,108
"360",150030077013,77.01,3,306,221,85,76,230,3,7,0,0,11,0,0,28,0,0,10,18,42,46,8,47,89
"361",150030077021,77.02,1,287,228,59,241,46,4,0,11,28,10,11,0,0,0,0,11,10,10,39,13,53,91
"362",150030077022,77.02,2,418,307,111,381,37,2,0,0,0,10,89,8,12,0,3,0,0,33,68,46,29,120
"363",150030077023,77.02,3,542,468,74,448,94,3,0,0,0,0,0,0,0,10,25,17,0,69,22,89,115,195
"364",150030077024,77.02,4,490,378,112,352,138,3,10,0,5,25,58,21,0,0,0,11,11,65,56,56,69,103
"365",150030078041,78.04,1,312,241,71,288,24,3,4,25,7,4,4,5,12,8,0,14,14,40,23,47,51,54
"366",150030078042,78.04,2,322,288,34,274,48,4,4,0,0,0,19,7,4,10,3,8,4,45,41,28,90,59
"367",150030078071,78.07,1,540,389,151,368,172,2,15,0,0,35,0,0,0,0,51,42,142,27,87,29,79,33
"368",150030078072,78.07,2,531,272,259,186,345,2,109,11,0,0,0,67,0,62,18,0,15,92,58,40,48,11
"369",150030078073,78.07,3,646,235,411,396,250,2,70,0,0,31,62,57,14,16,35,0,104,153,44,14,14,32
"370",150030078074,78.07,4,398,177,221,214,184,2,16,0,0,0,32,30,0,19,0,70,15,71,83,46,0,16
"371",150030078075,78.07,5,621,480,141,317,304,2,38,0,0,0,0,0,0,17,0,53,111,57,204,18,123,0
"372",150030078081,78.08,1,422,327,95,210,212,4,19,0,10,0,13,18,0,18,0,43,20,111,47,0,72,51
"373",150030078082,78.08,2,385,336,49,82,303,3,36,24,9,0,0,7,0,11,0,0,60,81,57,36,24,40
"374",150030078083,78.08,3,309,161,148,205,104,2,11,0,0,0,0,10,10,0,28,44,35,31,103,19,8,10
"375",150030078091,78.09,1,418,263,155,350,68,2,27,8,0,0,0,0,0,20,0,9,0,36,66,22,42,188
"376",150030078092,78.09,2,456,355,101,356,100,2,0,0,0,0,0,0,0,0,17,8,80,101,77,52,67,54
"377",150030078093,78.09,3,219,204,15,155,64,4,0,0,0,0,8,10,0,0,0,0,0,7,0,8,25,161
"378",150030078121,78.12,1,312,221,91,239,73,2,0,6,0,14,30,9,12,0,15,0,12,23,96,23,35,37
"379",150030078122,78.12,2,521,412,109,325,196,3,11,6,0,0,0,25,9,9,0,69,41,75,109,50,70,47
"380",150030078131,78.13,1,350,330,20,288,62,4,0,0,0,0,12,17,0,0,0,45,31,51,7,26,64,97
"381",150030078132,78.13,2,317,266,51,249,68,3,8,0,0,0,0,0,0,9,0,10,20,83,36,39,37,75
"382",150030078133,78.13,3,208,203,5,208,0,4,0,0,0,0,0,9,0,0,0,5,0,17,7,41,73,56
"383",150030078141,78.14,1,832,735,97,706,126,3,27,0,9,30,0,0,9,0,8,8,19,46,173,115,157,231
"384",150030078142,78.14,2,350,320,30,323,27,3,0,0,0,0,0,0,0,0,0,0,11,21,39,33,116,130
"385",150030078151,78.15,1,760,657,103,601,159,3,6,18,0,0,0,9,0,0,6,8,18,67,103,39,288,198
"386",150030078161,78.16,1,158,113,45,131,27,2,26,0,0,0,0,10,0,0,0,0,9,10,10,0,10,83
"387",150030078162,78.16,2,301,237,64,255,46,3,0,0,0,0,8,43,0,0,19,8,26,30,39,31,54,43
"388",150030078163,78.16,3,868,579,289,776,92,2,19,41,0,22,66,0,0,32,23,0,106,145,185,65,63,101
"389",150030078171,78.17,1,335,243,92,231,104,3,7,8,0,16,0,0,13,8,38,0,27,45,21,16,21,115
"390",150030078172,78.17,2,372,338,34,275,97,3,0,15,0,0,0,8,8,8,0,0,0,38,22,22,15,236
"391",150030080011,80.01,1,729,416,313,175,554,3,64,65,18,54,48,37,47,61,9,38,34,82,6,64,40,62
"392",150030080012,80.01,2,200,141,59,99,101,3,4,8,0,1,0,8,10,8,0,5,12,43,14,38,39,10
"393",150030080021,80.02,1,454,337,117,313,141,4,24,0,7,0,0,0,0,5,16,6,64,46,53,31,53,149
"394",150030080022,80.02,2,343,248,95,304,39,3,25,7,0,0,5,0,10,6,24,11,41,61,20,39,28,66
"395",150030080051,80.05,1,816,630,186,767,49,3,53,0,43,0,0,0,108,13,12,18,25,69,66,209,81,119
"396",150030080052,80.05,2,510,380,130,398,112,2,0,22,0,13,10,0,12,0,0,0,16,209,0,59,36,133
"397",150030080053,80.05,3,286,190,96,286,0,2,0,0,0,70,14,0,0,0,0,0,51,43,0,50,19,39
"398",150030080054,80.05,4,579,507,72,556,23,3,47,0,0,0,0,0,0,0,0,12,43,106,63,35,61,212
"399",150030080081,80.08,1,270,191,79,102,168,3,0,6,0,0,0,0,17,10,0,14,0,68,13,41,52,49
"400",150030080082,80.08,2,204,181,23,0,204,3,13,0,6,0,0,0,10,23,17,12,32,50,0,17,8,16
"401",150030080091,80.09,1,366,197,169,151,215,3,50,25,8,35,23,14,0,0,0,38,10,23,53,66,0,21
"402",150030080092,80.09,2,934,456,478,478,456,2,0,37,0,0,20,61,83,74,128,60,128,97,153,51,26,16
"403",150030080101,80.1,1,280,183,97,222,58,3,27,13,9,2,0,0,7,0,0,7,17,55,14,40,68,21
"404",150030080102,80.1,2,408,374,34,388,20,4,6,0,0,8,20,0,0,0,0,0,22,74,16,50,111,101
"405",150030080111,80.11,1,812,716,96,663,149,4,22,0,7,0,8,26,0,0,41,17,127,23,130,95,101,215
"406",150030080121,80.12,1,371,322,49,313,58,3,26,0,0,0,14,0,11,0,0,10,34,40,30,97,46,63
"407",150030080122,80.12,2,444,382,62,345,99,4,10,0,5,3,0,0,11,17,19,26,42,73,48,50,42,98
"408",150030080131,80.13,1,347,302,45,265,82,3,0,5,0,0,0,0,6,6,9,12,0,50,46,58,66,89
"409",150030080132,80.13,2,406,388,18,386,20,3,12,0,6,18,10,0,26,0,0,15,14,72,15,25,81,112
"410",150030083011,83.01,1,0,0,0,0,0,NA,0,0,0,0,0,0,0,0,0,0,0,0,0,0,0,0
"411",150030083012,83.01,2,690,580,110,0,690,4,35,0,0,0,0,0,33,21,13,33,29,61,182,68,127,88
"412",150030083013,83.01,3,320,264,56,0,320,4,0,0,0,0,18,0,9,0,0,0,0,38,66,47,32,110
"413",150030083014,83.01,4,432,391,41,0,432,4,0,0,0,0,16,0,13,0,0,23,61,138,25,25,57,74
"414",150030083021,83.02,1,468,437,31,370,98,5,20,0,55,0,0,0,0,0,11,0,46,89,31,74,34,108
"415",150030083022,83.02,2,436,385,51,349,87,5,0,0,41,0,0,0,0,31,10,11,27,83,93,20,21,99
"416",150030083023,83.02,3,475,460,15,381,94,5,0,0,0,0,0,49,0,0,15,9,40,55,57,80,67,103
"417",150030084051,84.05,1,458,446,12,404,54,4,0,0,0,0,0,0,0,0,6,18,8,92,89,121,100,24
"418",150030084052,84.05,2,306,306,0,174,132,3,0,0,0,0,0,0,0,0,0,0,108,29,32,16,98,23
"419",150030084053,84.05,3,615,615,0,446,169,4,10,0,25,45,0,11,0,0,0,38,61,73,18,85,63,186
"420",150030084071,84.07,1,710,642,68,601,109,4,5,15,0,0,0,0,0,0,8,60,18,130,114,42,202,116
"421",150030084072,84.07,2,471,433,38,409,62,3,59,0,0,0,0,0,12,0,0,0,42,49,20,59,78,152
"422",150030084081,84.08,1,625,529,96,365,260,2,0,15,0,0,0,0,0,0,25,18,51,54,267,39,106,50
"423",150030084082,84.08,2,1504,1402,102,1200,304,3,0,18,0,25,0,0,48,77,16,0,37,49,190,535,171,338
"424",150030084083,84.08,3,1229,1083,146,906,323,3,0,0,52,0,0,20,9,20,71,0,36,61,58,191,340,371
"425",150030084101,84.1,1,468,456,12,459,9,4,0,0,0,0,0,12,0,0,0,9,48,33,27,94,80,165
"426",150030084102,84.1,2,1601,1446,155,1445,156,3,27,11,0,0,0,12,0,40,0,23,130,140,164,250,361,443
"427",150030084111,84.11,1,260,237,23,238,22,3,8,9,0,9,0,0,8,0,0,0,10,27,15,68,52,54
"428",150030084112,84.11,2,563,378,185,134,429,2,18,0,0,0,0,0,0,9,9,9,101,109,81,183,34,10
"429",150030084113,84.11,3,395,355,40,311,84,3,0,0,0,9,0,0,58,5,25,19,10,18,24,174,16,37
"430",150030084131,84.13,1,344,337,7,295,49,5,0,0,0,0,0,7,23,7,0,7,0,79,22,61,50,88
"431",150030084132,84.13,2,393,347,46,317,76,3,0,0,0,41,19,6,8,0,28,4,18,35,17,27,136,54
"432",150030084141,84.14,1,699,686,13,641,58,3,0,0,0,0,0,0,7,6,0,0,11,134,44,132,142,223
"433",150030084151,84.15,1,485,471,14,375,110,5,0,0,0,0,0,0,0,0,0,0,0,31,171,62,91,130
"434",150030084152,84.15,2,640,525,115,618,22,3,10,0,0,8,66,0,0,0,12,27,38,19,86,112,141,121
"435",150030084161,84.16,1,296,259,37,208,88,4,0,0,0,0,0,6,0,0,25,0,16,43,65,38,44,59
"436",150030084162,84.16,2,547,421,126,459,88,4,0,0,0,0,0,0,0,39,0,10,112,46,49,93,25,173
"437",150030084171,84.17,1,495,284,211,323,172,2,10,11,10,13,0,37,0,0,69,58,17,75,113,13,30,39
"438",150030084172,84.17,2,596,438,158,396,200,3,26,0,66,7,0,45,0,20,21,11,85,69,50,47,76,73
"439",150030084173,84.17,3,259,193,66,241,18,2,0,0,0,0,9,0,0,0,0,22,48,0,12,72,49,47
"440",150030084181,84.18,1,724,674,50,385,339,3,0,0,28,0,11,12,0,27,40,0,62,63,149,178,82,72
"441",150030084182,84.18,2,364,332,32,318,46,5,0,0,14,0,0,0,18,0,0,9,0,42,65,9,45,162
"442",150030084183,84.18,3,272,246,26,157,115,4,0,0,0,0,0,24,0,0,0,21,16,33,11,71,20,76
"443",150030085021,85.02,1,844,529,315,0,844,3,43,10,27,43,9,8,20,37,32,76,79,106,92,79,122,61
"444",150030086091,86.09,1,704,524,180,412,292,3,15,13,6,19,51,8,28,11,99,20,52,99,43,101,63,76
"445",150030086101,86.1,1,439,330,109,308,131,2,5,0,6,4,5,0,17,4,0,10,5,66,93,70,67,87
"446",150030086111,86.11,1,4,4,0,4,0,6,0,0,0,0,0,0,0,0,0,0,0,0,0,0,0,4
"447",150030086231,86.23,1,433,420,13,404,29,4,13,0,0,0,16,0,0,10,11,0,11,18,41,45,52,216
"448",150030086232,86.23,2,319,226,93,246,73,3,11,0,0,9,0,85,10,0,0,0,0,60,83,9,10,42
"449",150030086233,86.23,3,588,563,25,588,0,4,0,0,0,4,5,0,0,5,3,3,43,29,134,65,120,177
"450",150030086234,86.23,4,0,0,0,0,0,NA,0,0,0,0,0,0,0,0,0,0,0,0,0,0,0,0
"451",150030086241,86.24,1,461,430,31,332,129,4,6,0,6,0,14,12,21,39,19,12,6,54,14,51,48,159
"452",150030086242,86.24,2,329,308,21,270,59,5,0,5,6,0,0,0,5,0,0,8,52,6,51,24,77,95
"453",150030086251,86.25,1,272,185,87,185,87,4,0,87,0,0,0,0,0,10,0,0,44,17,26,21,11,56
"454",150030086252,86.25,2,703,486,217,454,249,3,45,0,0,67,42,91,0,13,31,0,21,168,147,20,20,38
"455",150030086261,86.26,1,588,469,119,299,289,3,9,142,6,28,36,12,56,11,14,17,29,80,18,9,20,101
"456",150030086262,86.26,2,408,332,76,301,107,4,0,0,36,18,0,0,31,32,0,9,0,12,114,33,9,114
"457",150030086271,86.27,1,277,277,0,15,262,6,0,0,0,0,0,0,0,36,0,0,0,141,0,85,0,15
"458",150030086272,86.27,2,437,413,24,354,83,4,0,0,0,0,0,0,0,0,0,0,16,11,107,35,66,202
"459",150030086273,86.27,3,281,264,17,227,54,3,0,0,0,0,0,0,0,0,0,19,40,37,16,32,50,87
"460",150030086274,86.27,4,780,713,67,184,596,4,0,0,0,0,20,63,0,0,70,112,47,119,140,85,73,51
"461",150030086275,86.27,5,995,896,99,683,312,3,0,0,0,0,0,18,53,19,0,0,36,199,153,191,171,155
"462",150030086281,86.28,1,603,603,0,580,23,4,0,0,0,0,0,0,0,0,63,17,0,84,50,162,63,164
"463",150030086282,86.28,2,459,399,60,359,100,3,0,15,12,10,23,0,0,0,19,7,10,53,43,72,92,103
"464",150030086291,86.29,1,723,656,67,535,188,3,9,44,7,8,0,0,0,70,8,20,12,151,71,156,126,41
"465",150030086301,86.3,1,519,484,35,403,116,4,10,21,16,0,0,0,0,0,0,0,117,85,18,32,146,74
"466",150030086302,86.3,2,399,389,10,305,94,4,0,0,0,10,0,0,0,10,0,21,62,28,51,48,67,102
"467",150030086311,86.31,1,546,430,116,468,78,3,0,0,0,9,0,8,30,9,0,15,67,97,123,44,83,61
"468",150030086312,86.31,2,607,400,207,470,137,2,9,0,0,9,0,0,70,26,25,42,65,31,22,85,68,155
"469",150030086321,86.32,1,214,181,33,200,14,3,11,0,8,0,0,0,9,0,0,0,25,37,39,16,31,38
"470",150030086322,86.32,2,732,617,115,652,80,4,10,34,0,42,27,0,10,9,0,9,27,68,144,58,163,131
"471",150030086323,86.32,3,219,163,56,181,38,4,0,0,11,4,0,0,0,0,0,16,38,51,18,16,41,24
"472",150030086324,86.32,4,241,232,9,222,19,5,0,0,16,0,0,0,0,0,0,19,25,21,17,0,81,62
"473",150030086331,86.33,1,957,888,69,817,140,3,17,0,11,6,0,0,6,15,22,42,95,86,320,57,74,206
"474",150030086341,86.34,1,313,301,12,152,161,3,12,29,0,0,0,0,0,65,0,0,33,30,6,37,40,61
"475",150030086342,86.34,2,319,276,43,278,41,3,0,36,0,0,0,0,15,7,5,0,0,6,48,69,49,84
"476",150030086343,86.34,3,385,344,41,212,173,3,0,0,0,0,0,0,17,0,10,38,25,120,58,48,69,0
"477",150030087021,87.02,1,840,456,384,434,406,3,19,178,26,28,50,18,29,15,17,9,94,100,106,38,72,41
"478",150030087022,87.02,2,404,339,65,209,195,4,12,24,14,8,0,13,6,0,17,11,54,72,110,29,16,18
"479",150030087023,87.02,3,239,239,0,131,108,5,0,0,0,0,0,0,0,38,0,0,15,21,98,0,52,15
"480",150030087041,87.04,1,189,167,22,87,102,3,7,0,4,0,0,0,0,0,0,0,33,39,23,13,60,10
"481",150030087042,87.04,2,468,389,79,364,104,5,0,16,0,65,0,0,22,0,0,33,26,52,53,22,56,123
"482",150030087051,87.05,1,479,447,32,44,435,4,55,16,0,118,11,7,0,38,11,43,18,63,43,25,31,0
"483",150030087052,87.05,2,342,313,29,60,282,4,26,0,0,21,0,0,60,0,0,36,0,101,44,20,28,6
"484",150030087061,87.06,1,283,274,9,253,30,4,0,0,0,0,0,5,6,0,0,0,0,35,73,17,85,62
"485",150030087062,87.06,2,319,276,43,13,306,4,66,51,0,11,26,74,17,0,0,0,47,14,0,13,0,0
"486",150030087063,87.06,3,482,456,26,299,183,3,7,0,0,25,0,0,23,0,68,18,14,35,77,38,125,52
"487",150030087071,87.07,1,394,384,10,201,193,4,36,0,0,10,29,0,0,0,0,47,40,101,30,36,19,46
"488",150030087072,87.07,2,247,204,43,227,20,3,0,0,0,0,0,0,0,0,8,8,0,20,19,131,10,51
"489",150030087073,87.07,3,295,276,19,235,60,6,0,9,0,0,0,0,0,23,10,18,0,60,64,0,8,103
"490",150030087074,87.07,4,388,282,106,126,262,4,8,0,69,0,8,0,0,0,37,29,48,64,26,0,54,45
"491",150030088011,88.01,1,380,272,108,281,99,5,3,27,24,0,50,0,0,14,0,22,0,35,14,44,58,89
"492",150030088012,88.01,2,463,316,147,415,48,4,0,0,0,3,0,0,0,0,0,11,117,55,23,82,33,139
"493",150030088021,88.02,1,349,330,19,327,22,4,0,0,0,0,0,0,0,0,0,0,0,19,11,48,149,122
"494",150030088022,88.02,2,523,512,11,463,60,4,0,0,0,77,10,0,0,0,19,21,12,23,10,90,85,176
"495",150030088023,88.02,3,298,298,0,179,119,4,35,11,32,0,0,13,0,0,0,39,22,39,11,36,38,22
"496",150030089061,89.06,1,420,370,50,320,100,3,0,9,0,0,0,0,0,0,12,0,23,23,59,98,88,108
"497",150030089062,89.06,2,629,499,130,437,192,3,0,0,0,0,0,15,79,0,20,71,27,134,144,32,46,61
"498",150030089063,89.06,3,319,250,69,237,82,3,10,0,0,0,0,0,5,15,0,26,0,16,61,25,107,54
"499",150030089091,89.09,1,362,331,31,345,17,3,31,0,0,0,0,0,9,9,0,10,28,8,44,55,107,61
"500",150030089092,89.09,2,663,550,113,565,98,2,9,0,0,28,9,0,10,0,18,17,54,64,187,51,123,93
"501",150030089093,89.09,3,386,334,52,342,44,3,28,0,0,0,0,0,10,9,0,7,9,77,28,36,114,68
"502",150030089121,89.12,1,265,217,48,252,13,6,18,7,6,6,0,0,0,5,32,0,6,16,9,21,41,98
"503",150030089122,89.12,2,321,284,37,299,22,4,0,0,0,0,0,0,7,40,19,22,29,40,0,19,33,112
"504",150030089131,89.13,1,283,278,5,283,0,6,5,0,0,0,0,0,20,0,0,16,5,28,16,35,58,100
"505",150030089132,89.13,2,202,193,9,171,31,6,0,4,0,0,0,0,0,9,0,6,10,10,49,16,59,39
"506",150030089133,89.13,3,272,267,5,169,103,5,0,0,0,0,5,0,0,10,0,5,29,43,36,11,64,69
"507",150030089171,89.17,1,297,263,34,297,0,3,16,0,0,0,0,0,0,0,0,0,29,52,32,18,60,90
"508",150030089172,89.17,2,249,215,34,216,33,2,0,0,25,0,0,0,0,0,0,11,27,46,18,34,33,55
"509",150030089173,89.17,3,578,312,266,555,23,2,0,0,0,0,0,0,0,0,10,28,52,25,26,54,231,152
"510",150030089174,89.17,4,371,251,120,247,124,2,9,0,10,0,9,0,0,0,9,84,31,66,38,0,46,69
"511",150030089175,89.17,5,295,235,60,222,73,3,0,0,0,0,0,0,0,10,7,32,19,30,55,12,38,92
"512",150030089181,89.18,1,346,318,28,335,11,3,10,0,0,0,0,10,0,0,0,9,21,28,20,10,77,161
"513",150030089182,89.18,2,500,437,63,415,85,3,28,0,0,8,0,0,0,27,0,0,22,91,118,44,47,115
"514",150030089183,89.18,3,278,244,34,241,37,3,0,0,0,9,0,0,11,0,0,8,16,49,49,37,58,41
"515",150030089184,89.18,4,451,282,169,398,53,2,17,0,0,12,0,0,52,11,11,44,17,78,56,73,19,61
"516",150030089185,89.18,5,250,178,72,217,33,3,0,0,8,0,0,9,0,0,29,0,19,51,42,12,61,19
"517",150030089211,89.21,1,350,304,46,308,42,4,9,9,0,19,6,0,0,0,5,13,30,13,65,4,36,141
"518",150030089212,89.21,2,233,212,21,218,15,5,6,0,0,0,0,0,0,0,5,5,4,42,40,12,75,44
"519",150030089261,89.26,1,786,545,241,525,261,2,5,0,19,39,0,7,0,5,67,0,173,134,87,45,118,87
"520",150030089281,89.28,1,521,489,32,446,75,3,8,0,0,0,0,9,0,7,31,6,15,0,93,86,153,113
"521",150030089282,89.28,2,744,656,88,622,122,3,12,23,8,25,6,35,10,0,19,0,8,0,52,95,127,324
"522",150030089291,89.29,1,304,271,33,239,65,3,16,0,0,0,0,0,20,0,0,26,0,0,41,126,19,56
"523",150030089292,89.29,2,612,472,140,491,121,3,0,0,38,0,0,0,13,0,31,16,92,85,70,51,44,172
"524",150030089293,89.29,3,381,314,67,341,40,3,0,0,0,0,0,29,0,18,20,0,29,42,17,79,75,72
"525",150030089294,89.29,4,267,249,18,189,78,3,0,0,0,0,0,0,58,0,0,10,18,28,16,48,39,50
"526",150030089295,89.29,5,593,366,227,262,331,2,22,0,16,65,0,17,0,0,52,53,18,201,128,21,0,0
"527",150030089301,89.3,1,328,282,46,297,31,3,0,0,0,0,0,0,6,11,0,6,11,38,36,44,75,101
"528",150030089302,89.3,2,527,451,76,450,77,3,6,0,23,0,0,0,0,0,0,15,24,57,58,27,165,152
"529",150030089311,89.31,1,0,0,0,0,0,NA,0,0,0,0,0,0,0,0,0,0,0,0,0,0,0,0
"530",150030089312,89.31,2,386,354,32,325,61,4,21,0,0,0,0,0,0,0,0,0,0,22,17,26,123,177
"531",150030089313,89.31,3,391,374,17,377,14,4,0,0,5,0,0,13,0,0,0,5,16,24,20,11,92,205
"532",150030089321,89.32,1,237,191,46,205,32,3,7,0,5,0,0,15,0,34,0,9,11,16,17,33,31,59
"533",150030089322,89.32,2,530,497,33,501,29,3,5,0,6,6,0,0,0,0,0,28,19,82,20,80,136,148
"534",150030089331,89.33,1,808,723,85,754,54,3,0,0,9,26,20,0,68,0,0,10,88,95,77,52,124,239
"535",150030089332,89.33,2,357,339,18,308,49,3,10,0,0,0,0,21,0,0,19,9,22,18,66,29,90,73
"536",150030089341,89.34,1,436,420,16,357,79,3,0,0,0,0,0,0,0,0,0,0,86,10,56,64,121,99
"537",150030089342,89.34,2,429,419,10,387,42,3,0,0,0,0,0,0,0,0,10,0,8,20,13,44,202,132
"538",150030089343,89.34,3,235,204,31,175,60,3,0,0,0,6,0,0,0,0,0,0,0,35,58,23,40,73
"539",150030089351,89.35,1,305,297,8,140,165,4,9,0,0,0,0,0,0,0,0,22,14,78,19,10,82,71
"540",150030089352,89.35,2,897,732,165,545,352,3,12,13,0,11,28,45,15,74,178,59,32,73,56,85,122,94
"541",150030089361,89.36,1,354,341,13,308,46,3,0,0,0,0,0,0,4,10,0,27,50,41,63,64,80,15
"542",150030089362,89.36,2,425,322,103,357,68,3,0,0,12,16,13,0,31,0,0,5,107,40,30,9,127,35
"543",150030089371,89.37,1,512,480,32,190,322,4,0,0,8,8,0,0,9,32,0,27,41,121,117,0,117,32
"544",150030089381,89.38,1,303,220,83,7,296,3,41,29,0,17,0,0,32,0,17,0,49,34,61,23,0,0
"545",150030089382,89.38,2,394,350,44,262,132,6,17,0,0,0,0,0,30,6,12,18,56,51,36,17,43,108
"546",150030089391,89.39,1,0,0,0,0,0,NA,0,0,0,0,0,0,0,0,0,0,0,0,0,0,0,0
"547",150030089392,89.39,2,530,386,144,363,167,3,21,8,8,0,0,7,0,59,20,27,37,115,58,44,82,44
"548",150030089393,89.39,3,406,259,147,297,109,2,0,0,4,8,30,33,0,0,0,7,56,48,65,66,39,50
"549",150030089401,89.4,1,568,415,153,477,91,3,5,0,0,9,17,15,25,15,0,78,72,86,119,0,42,85
"550",150030089402,89.4,2,284,254,30,284,0,3,5,0,0,0,0,7,0,0,0,8,23,68,40,57,42,34
"551",150030089411,89.41,1,702,607,95,525,177,3,37,8,0,0,0,11,7,7,0,56,44,42,102,74,107,207
"552",150030089421,89.42,1,455,411,44,297,158,4,16,0,12,10,9,10,10,34,32,0,17,64,61,37,38,105
"553",150030089422,89.42,2,277,214,63,77,200,3,0,0,9,0,0,28,31,9,15,44,56,59,14,0,12,0
"554",150030089431,89.43,1,403,358,45,353,50,3,11,6,0,0,0,0,0,0,6,0,16,24,11,61,81,187
"555",150030089441,89.44,1,289,257,32,131,158,3,0,12,10,0,0,30,0,14,9,11,32,20,23,11,83,34
"556",150030089442,89.44,2,523,482,41,491,32,3,0,0,0,0,0,0,0,0,0,0,24,54,42,26,75,302
"557",150030089443,89.44,3,523,416,107,280,243,2,60,0,0,13,0,19,11,14,23,0,10,93,132,56,57,35
"558",150030089451,89.45,1,610,504,106,320,290,3,20,0,0,0,10,29,84,9,0,37,56,129,6,104,62,64
"559",150030089461,89.46,1,470,377,93,363,107,2,60,0,0,0,0,10,83,0,0,15,8,70,47,55,34,88
"560",150030089462,89.46,2,346,270,76,223,123,2,0,0,11,8,10,28,0,9,34,38,0,39,25,20,45,79
"561",150030089463,89.46,3,381,248,133,365,16,3,10,0,7,0,8,0,0,7,8,0,41,47,78,58,44,73
"562",150030089471,89.47,1,606,462,144,422,184,2,12,0,0,14,10,14,17,42,22,23,87,87,102,27,61,88
"563",150030089481,89.48,1,481,375,106,311,170,2,25,30,0,8,12,9,9,0,7,18,31,41,43,44,69,135
"564",150030089482,89.48,2,223,195,28,185,38,3,13,0,0,0,8,0,0,0,0,20,9,29,36,31,10,67
"565",150030089483,89.48,3,433,268,165,339,94,2,0,0,0,27,0,0,11,0,0,77,61,91,50,10,47,59
"566",150030089491,89.49,1,692,617,75,573,119,3,54,0,0,17,0,5,0,0,34,0,12,102,84,65,172,147
"567",150030089501,89.5,1,485,455,30,448,37,3,0,7,0,0,0,0,0,7,7,0,14,30,152,72,81,115
"568",150030089511,89.51,1,271,251,20,263,8,4,0,7,7,0,0,0,0,0,0,6,21,61,0,35,55,79
"569",150030089512,89.51,2,298,281,17,287,11,3,0,0,0,0,0,0,0,0,0,8,23,30,60,121,10,46
"570",150030089521,89.52,1,712,544,168,383,329,2,0,16,15,0,0,0,27,0,0,69,0,170,163,42,113,97
"571",150030089522,89.52,2,581,550,31,464,117,3,13,25,0,0,15,0,50,0,0,0,31,52,26,65,137,167
"572",150030089523,89.52,3,1026,691,335,673,353,2,39,13,0,0,0,0,17,27,27,25,126,140,221,128,143,120
"573",150030090001,90,1,388,365,23,0,388,3,7,0,4,3,0,13,59,18,27,18,27,77,71,24,37,3
"574",150030090002,90,2,396,316,80,0,396,2,0,3,0,3,10,3,27,21,22,14,21,106,57,47,57,5
"575",150030091001,91,1,202,190,12,181,21,4,0,0,0,0,0,7,0,0,6,0,14,24,35,29,54,33
"576",150030091002,91,2,616,491,125,358,258,3,17,6,17,6,4,5,14,38,47,29,72,172,120,23,16,30
"577",150030091003,91,3,291,250,41,206,85,5,22,5,0,0,0,13,0,0,9,24,35,11,74,0,44,54
"578",150030092011,92.01,1,248,217,31,217,31,3,0,0,0,22,0,0,18,0,0,0,14,42,0,9,107,36
"579",150030092012,92.01,2,568,412,156,327,241,2,30,0,19,0,22,106,0,0,39,10,29,102,39,12,10,150
"580",150030092013,92.01,3,221,156,65,180,41,3,0,11,0,0,0,0,18,15,0,21,27,0,40,0,67,22
"581",150030092021,92.02,1,256,162,94,160,96,2,0,0,0,5,0,0,0,0,0,12,54,48,71,23,0,43
"582",150030092022,92.02,2,587,500,87,449,138,4,12,15,0,5,0,0,0,0,18,27,78,33,75,163,88,73
"583",150030092031,92.03,1,788,698,90,473,315,3,27,7,6,0,0,6,136,22,0,7,68,256,36,73,66,78
"584",150030093011,93.01,1,483,322,161,59,424,3,41,6,7,51,17,51,33,0,24,120,22,2,33,27,0,49
"585",150030093021,93.02,1,439,309,130,284,155,3,0,15,34,0,0,0,0,7,0,58,42,56,74,14,31,108
"586",150030093022,93.02,2,243,88,155,71,172,2,107,9,8,31,0,0,0,0,0,0,19,0,5,0,19,45
"587",150030093023,93.02,3,463,377,86,343,120,3,37,0,30,19,19,0,0,0,14,0,16,14,0,125,82,107
"588",150030094011,94.01,1,495,312,183,289,206,3,40,24,20,11,9,7,0,21,39,6,5,91,59,38,49,76
"589",150030094021,94.02,1,410,350,60,100,310,3,28,20,16,49,6,8,23,8,0,25,33,78,14,22,0,80
"590",150030094022,94.02,2,389,225,164,183,206,3,37,38,39,31,11,11,8,9,0,8,35,21,67,10,42,22
"591",150030094023,94.02,3,383,232,151,37,346,2,47,28,21,9,16,37,8,14,13,9,50,66,8,57,0,0
"592",150030095071,95.07,1,317,258,59,0,317,2,12,5,0,8,2,8,8,55,27,16,77,81,18,0,0,0
"593",150030095072,95.07,2,0,0,0,0,0,NA,0,0,0,0,0,0,0,0,0,0,0,0,0,0,0,0
"594",150030095081,95.08,1,638,423,215,0,638,2,0,0,0,12,9,63,0,78,23,50,127,86,29,25,0,136
"595",150030095091,95.09,1,403,328,75,0,403,3,0,0,0,0,62,19,10,27,6,0,102,66,19,41,51,0
"596",150030095092,95.09,2,502,495,7,0,502,4,0,0,9,6,14,0,23,0,39,11,98,139,61,49,35,18
"597",150030095101,95.1,1,279,212,67,0,279,3,0,0,0,0,0,14,0,15,0,0,13,58,107,72,0,0
"598",150030095102,95.1,2,131,131,0,0,131,3,0,0,8,0,0,0,0,0,14,16,0,11,71,0,11,0
"599",150030095111,95.11,1,550,495,55,9,541,3,9,14,0,0,23,35,0,25,26,35,115,189,20,59,0,0
"600",150030095112,95.11,2,464,441,23,0,464,3,0,23,0,0,0,13,20,28,56,36,73,76,63,38,29,9
"601",150030095121,95.12,1,395,308,87,0,395,3,13,0,0,0,4,16,0,6,22,12,132,67,9,35,38,41
"602",150030095122,95.12,2,0,0,0,0,0,NA,0,0,0,0,0,0,0,0,0,0,0,0,0,0,0,0
"603",150030095123,95.12,3,204,204,0,0,204,3,0,0,0,4,21,7,0,0,39,56,7,25,10,13,3,19
"604",150030096081,96.08,1,344,302,42,177,167,3,61,0,0,0,0,0,8,7,17,45,26,116,17,8,0,39
"605",150030096082,96.08,2,267,176,91,150,117,3,43,0,24,24,0,39,0,0,27,2,0,25,9,46,7,21
"606",150030096083,96.08,3,352,334,18,159,193,5,5,1,3,128,0,0,0,2,2,14,18,27,9,16,35,92
"607",150030096084,96.08,4,348,323,25,247,101,4,7,3,3,9,2,2,8,6,7,21,34,60,84,30,34,38
"608",150030096091,96.09,1,687,636,51,598,89,4,0,0,10,0,69,0,0,0,107,0,56,39,129,58,77,142
"609",150030096092,96.09,2,183,183,0,183,0,4,10,0,0,0,0,0,0,0,0,9,10,15,59,38,19,23
"610",150030096093,96.09,3,529,502,27,432,97,4,70,0,0,0,0,0,0,11,0,32,35,115,89,102,61,14
"611",150030096101,96.1,1,222,186,36,101,121,5,0,0,0,76,0,21,0,12,0,21,9,16,37,0,9,21
"612",150030096102,96.1,2,525,454,71,454,71,4,42,0,0,9,0,0,0,7,10,51,0,20,113,82,123,68
"613",150030096103,96.1,3,180,163,17,92,88,2,0,0,0,0,0,9,0,0,0,47,10,9,0,86,10,9
"614",150030096104,96.1,4,258,242,16,106,152,3,0,0,34,0,0,45,0,16,0,0,0,0,65,57,19,22
"615",150030096105,96.1,5,509,381,128,262,247,4,0,0,22,30,0,0,0,94,0,7,85,45,49,0,177,0
"616",150030097041,97.04,1,372,355,17,258,114,4,34,16,11,15,0,33,18,6,0,18,15,58,27,29,0,92
"617",150030097042,97.04,2,322,255,67,307,15,4,8,2,5,9,7,6,2,25,13,5,30,58,15,18,60,59
"618",150030097051,97.05,1,294,275,19,294,0,2,0,0,0,0,0,0,10,8,0,16,21,31,61,116,8,23
"619",150030097052,97.05,2,290,230,60,195,95,3,0,7,0,0,0,9,0,0,0,51,43,33,65,42,6,34
"620",150030097053,97.05,3,381,293,88,144,237,3,10,75,21,7,7,23,43,6,42,15,0,28,18,32,19,35
"621",150030097061,97.06,1,220,189,31,204,16,5,13,3,0,2,8,0,3,11,7,37,10,40,21,7,19,39
"622",150030097062,97.06,2,230,209,21,131,99,4,0,0,12,6,11,0,0,0,11,0,6,74,15,73,9,13
"623",150030097063,97.06,3,313,285,28,306,7,5,14,0,4,3,0,9,2,3,9,18,5,73,34,41,51,47
"624",150030097071,97.07,1,553,443,110,211,342,3,26,74,54,34,0,64,0,4,11,37,58,120,40,7,0,24
"625",150030097072,97.07,2,503,255,248,104,399,2,110,53,0,22,10,31,0,55,0,71,5,64,26,14,0,42
"626",150030097073,97.07,3,622,450,172,279,343,3,44,46,0,54,115,4,34,0,0,21,35,61,5,29,120,54
"627",150030097074,97.07,4,234,210,24,192,42,5,0,0,0,0,9,8,0,8,1,8,26,34,73,40,0,27
"628",150030098011,98.01,1,202,133,69,181,21,3,4,4,0,0,0,9,1,10,0,9,2,48,14,1,38,62
"629",150030098012,98.01,2,925,534,391,411,514,2,117,117,15,87,20,30,11,21,54,30,56,156,121,39,18,33
"630",150030098031,98.03,1,238,238,0,77,161,6,12,0,0,0,0,29,0,7,0,28,74,7,28,27,0,26
"631",150030098032,98.03,2,303,176,127,69,234,3,12,12,0,0,0,0,0,0,25,0,24,28,43,97,49,13
"632",150030098033,98.03,3,321,192,129,149,172,4,0,0,14,0,0,129,21,14,36,0,28,26,14,27,12,0
"633",150030098041,98.04,1,217,198,19,178,39,3,0,10,0,0,0,0,29,5,0,5,10,113,17,1,27,0
"634",150030098042,98.04,2,365,218,147,63,302,4,142,32,29,0,0,0,15,0,0,17,20,24,47,14,13,12
"635",150030098043,98.04,3,266,193,73,183,83,4,7,0,0,16,10,12,17,0,4,0,23,46,46,21,17,47
"636",150030099021,99.02,1,220,93,127,78,142,2,50,25,0,0,0,45,0,0,0,0,56,10,0,15,10,9
"637",150030099022,99.02,2,443,351,92,269,174,3,26,8,24,51,0,0,0,8,0,0,46,111,42,62,31,34
"638",150030099023,99.02,3,311,295,16,211,100,4,0,0,8,0,0,0,0,8,37,17,9,67,40,46,17,62
"639",150030099024,99.02,4,174,157,17,122,52,4,14,0,0,0,0,0,0,0,0,0,17,38,27,9,25,44
"640",150030099051,99.05,1,270,210,60,112,158,3,8,16,14,0,26,0,0,36,0,19,20,36,46,0,26,23
"641",150030099052,99.05,2,283,203,80,180,103,3,31,30,4,0,14,15,16,0,0,0,0,37,31,22,57,26
"642",150030099053,99.05,3,448,380,68,309,139,3,0,0,9,59,16,0,7,0,13,37,31,31,83,68,21,73
"643",150030099061,99.06,1,596,330,266,303,293,2,9,15,17,51,3,16,20,17,13,24,91,42,52,62,36,128
"644",150030099062,99.06,2,179,123,56,118,61,3,23,11,0,0,3,0,0,0,12,15,14,20,10,7,40,24
"645",150030099063,99.06,3,11,0,11,0,11,NA,0,0,0,0,0,0,0,0,0,11,0,0,0,0,0,0
"646",150030100001,100,1,422,282,140,230,192,2,0,0,12,0,0,0,0,0,47,10,66,20,43,25,18,181
"647",150030100002,100,2,359,260,99,31,328,2,27,0,14,1,0,52,41,11,14,19,27,92,25,19,10,7
"648",150030100003,100,3,877,667,210,0,877,3,0,0,0,0,23,7,40,23,0,42,118,335,104,54,57,74
"649",150030101011,101.01,1,377,287,90,170,207,3,0,0,0,14,0,0,0,4,30,34,36,92,75,13,13,66
"650",150030101012,101.01,2,466,356,110,168,298,3,41,0,39,7,0,0,13,0,0,23,24,113,77,42,55,32
"651",150030101021,101.02,1,588,502,86,459,129,3,12,0,101,5,12,6,13,0,0,0,44,70,32,73,40,180
"652",150030101022,101.02,2,220,203,17,124,96,4,0,6,0,0,0,0,0,0,33,0,23,49,6,47,21,35
"653",150030101031,101.03,1,179,94,85,139,40,2,14,1,2,6,0,5,2,4,6,8,38,25,16,8,29,15
"654",150030101032,101.03,2,608,480,128,353,255,4,58,13,33,0,5,9,16,9,11,47,128,58,55,42,60,64
"655",150030102021,102.02,1,240,220,20,123,117,4,15,0,0,8,5,5,0,0,0,15,25,15,32,30,76,14
"656",150030102022,102.02,2,188,143,45,89,99,4,0,0,0,6,0,18,0,0,19,11,30,52,4,28,13,7
"657",150030102023,102.02,3,494,425,69,221,273,5,14,13,0,0,0,0,0,0,34,79,7,9,88,97,69,84
"658",150030102024,102.02,4,336,309,27,130,206,4,9,13,15,0,0,0,16,0,0,43,32,60,35,24,27,62
"659",150030102031,102.03,1,318,204,114,164,154,3,6,40,17,3,0,7,0,11,0,3,42,46,10,15,50,68
"660",150030102041,102.04,1,193,152,41,122,71,3,0,0,0,0,0,0,0,0,0,11,5,0,54,81,26,16
"661",150030102042,102.04,2,437,365,72,201,236,4,14,20,0,0,31,0,13,23,5,44,19,71,69,12,58,58
"662",150030102051,102.05,1,556,433,123,395,161,3,24,0,11,9,35,2,26,14,26,33,35,40,36,104,58,103
"663",150030103031,103.03,1,425,355,70,248,177,3,0,43,0,10,0,0,0,0,10,0,44,73,20,86,21,118
"664",150030103032,103.03,2,680,587,93,500,180,4,0,0,0,0,0,12,53,5,12,27,19,62,91,123,95,181
"665",150030103033,103.03,3,311,171,140,200,111,3,33,3,2,21,3,15,3,0,0,0,70,41,20,42,5,53
"666",150030103051,103.05,1,593,573,20,525,68,3,12,0,0,0,0,0,0,0,0,20,82,84,66,52,95,182
"667",150030103052,103.05,2,345,308,37,184,161,3,11,28,10,0,5,50,13,0,25,13,34,57,0,33,30,36
"668",150030103053,103.05,3,714,582,132,509,205,3,0,10,0,0,14,34,18,29,0,12,67,123,64,94,121,128
"669",150030103081,103.08,1,557,484,73,451,106,3,64,18,0,10,0,0,0,33,9,7,17,39,44,50,119,147
"670",150030103082,103.08,2,608,561,47,587,21,3,0,9,0,0,0,0,0,7,0,32,51,21,52,37,149,250
"671",150030103083,103.08,3,0,0,0,0,0,NA,0,0,0,0,0,0,0,0,0,0,0,0,0,0,0,0
"672",150030103091,103.09,1,429,385,44,391,38,3,0,15,0,0,0,0,0,0,0,0,16,10,42,101,37,208
"673",150030103092,103.09,2,714,611,103,589,125,3,22,13,0,37,16,31,9,10,0,31,45,81,41,15,131,232
"674",150030103093,103.09,3,292,250,42,267,25,3,0,10,0,0,0,6,5,0,0,0,9,8,44,21,49,140
"675",150030103101,103.1,1,605,515,90,474,131,3,13,0,5,0,0,0,0,0,19,5,44,31,24,117,217,130
"676",150030103102,103.1,2,307,147,160,232,75,2,6,0,0,0,0,0,22,0,0,6,20,84,51,79,39,0
"677",150030105031,105.03,1,0,0,0,0,0,NA,0,0,0,0,0,0,0,0,0,0,0,0,0,0,0,0
"678",150030105032,105.03,2,543,472,71,357,186,4,7,18,12,5,13,26,0,6,0,6,70,65,67,59,27,162
"679",150030105051,105.05,1,298,265,33,280,18,4,0,0,0,0,0,0,10,8,0,25,10,9,35,25,30,146
"680",150030105052,105.05,2,450,387,63,411,39,3,15,10,0,26,0,0,0,0,21,22,8,60,43,39,48,158
"681",150030105053,105.05,3,286,257,29,269,17,3,34,0,0,6,0,0,0,8,0,7,8,33,30,8,8,144
"682",150030105071,105.07,1,748,543,205,398,350,3,34,48,12,44,0,18,23,13,48,12,48,104,73,164,35,72
"683",150030105072,105.07,2,278,236,42,66,212,5,0,46,0,0,0,19,43,23,13,0,31,28,29,0,34,12
"684",150030105073,105.07,3,322,231,91,256,66,3,0,0,0,0,0,0,0,0,46,0,25,56,61,16,86,32
"685",150030105074,105.07,4,387,377,10,387,0,3,0,0,0,0,0,0,0,0,21,16,21,13,40,45,115,116
"686",150030105081,105.08,1,214,193,21,152,62,4,9,0,0,0,0,17,0,0,0,13,17,18,0,27,25,88
"687",150030105082,105.08,2,780,498,282,518,262,2,24,32,0,31,0,9,0,28,42,48,53,96,42,63,94,218
"688",150030105091,105.09,1,280,193,87,126,154,2,34,0,0,36,10,27,0,0,0,43,0,30,15,8,77,0
"689",150030105092,105.09,2,232,167,65,180,52,3,21,16,0,0,9,0,0,0,13,21,9,19,16,17,22,69
"690",150030105101,105.1,1,645,471,174,513,132,3,0,11,10,0,99,6,0,0,19,0,14,75,89,58,115,149
"691",150030105102,105.1,2,372,372,0,335,37,3,16,0,11,0,0,0,0,16,11,15,48,80,32,23,45,75
"692",150030106011,106.01,1,321,261,60,285,36,3,0,0,0,0,0,0,0,0,0,0,19,45,73,8,88,88
"693",150030106012,106.01,2,434,300,134,181,253,2,34,19,0,57,0,0,0,11,44,10,11,16,20,61,51,100
"694",150030106013,106.01,3,311,256,55,271,40,4,0,0,0,19,0,0,0,0,11,30,0,66,47,10,18,110
"695",150030106021,106.02,1,506,414,92,445,61,3,27,0,9,10,8,0,0,0,0,27,0,39,121,64,103,98
"696",150030106022,106.02,2,740,614,126,541,199,3,0,0,0,0,0,20,33,49,16,54,11,24,150,60,135,188
"697",150030106023,106.02,3,577,497,80,531,46,3,10,9,0,0,0,0,48,0,0,9,6,43,103,31,104,214
"698",150030107011,107.01,1,559,425,134,424,135,2,30,0,9,8,9,8,48,21,4,0,37,36,70,34,62,183
"699",150030107012,107.01,2,325,253,72,265,60,2,0,0,0,10,0,0,0,0,0,8,0,71,32,15,91,98
"700",150030107013,107.01,3,471,386,85,382,89,3,9,0,0,0,9,0,0,5,11,0,52,62,44,18,72,189
"701",150030107021,107.02,1,493,288,205,324,169,2,10,0,29,10,0,11,19,0,22,11,24,94,74,29,121,39
"702",150030107022,107.02,2,361,286,75,326,35,3,0,0,10,8,0,10,0,38,0,8,32,50,58,37,29,81
"703",150030107023,107.02,3,381,304,77,317,64,4,9,10,0,0,0,0,0,9,9,32,36,71,29,10,116,50
"704",150030109011,109.01,1,236,207,29,227,9,3,0,0,12,0,8,0,0,0,0,0,8,28,19,25,44,92
"705",150030109012,109.01,2,669,560,109,509,160,4,12,0,0,10,26,24,0,0,6,39,12,32,19,80,137,272
"706",150030109031,109.03,1,872,725,147,583,289,3,30,0,19,21,32,0,9,0,2,0,77,110,67,134,96,275
"707",150030109032,109.03,2,220,118,102,36,184,2,4,0,33,0,0,9,11,9,0,19,39,0,72,0,0,24
"708",150030109033,109.03,3,391,364,27,192,199,3,0,0,0,0,0,0,22,11,16,18,49,19,47,89,33,87
"709",150030109041,109.04,1,203,197,6,151,52,4,0,0,12,0,0,13,0,0,0,10,9,30,15,41,19,54
"710",150030109042,109.04,2,279,246,33,263,16,3,0,0,0,5,5,0,0,5,0,31,43,50,0,17,13,110
"711",150030109043,109.04,3,375,375,0,267,108,5,0,0,0,13,11,0,0,0,0,0,0,0,52,21,34,244
"712",150030109044,109.04,4,266,156,110,179,87,3,75,0,0,0,0,17,20,0,0,15,0,18,60,32,0,29
"713",150030109051,109.05,1,418,207,211,222,196,2,10,13,30,0,17,4,3,21,30,13,19,53,60,17,87,41
"714",150030109052,109.05,2,511,360,151,413,98,3,25,0,0,6,4,23,0,0,3,21,26,103,57,43,65,135
"715",150030110001,110,1,700,626,74,634,66,3,5,0,0,2,5,11,0,17,8,22,48,52,42,42,120,326
"716",150030110002,110,2,517,428,89,382,135,3,7,7,0,2,0,0,8,0,34,0,7,51,143,18,68,172
"717",150030111031,111.03,1,961,824,137,855,106,3,9,0,16,9,0,0,0,25,3,15,25,90,89,112,262,306
"718",150030111032,111.03,2,311,239,72,247,64,2,0,0,0,0,0,0,13,0,12,0,13,50,101,37,34,51
"719",150030111041,111.04,1,539,489,50,518,21,3,0,0,25,0,5,0,8,9,0,0,9,8,124,38,117,196
"720",150030111042,111.04,2,307,186,121,208,99,3,0,15,0,0,0,0,0,3,0,7,11,64,20,17,19,151
"721",150030111043,111.04,3,474,366,108,371,103,3,19,24,0,8,8,0,16,9,10,0,0,32,32,52,104,160
"722",150030111044,111.04,4,331,266,65,320,11,3,24,0,0,0,0,0,0,0,31,15,13,24,9,23,92,100
"723",150030111051,111.05,1,307,263,44,241,66,3,0,0,0,0,10,0,9,15,0,0,21,37,17,16,91,91
"724",150030111052,111.05,2,766,605,161,483,283,2,14,5,8,0,24,12,12,0,10,44,18,95,62,214,75,173
"725",150030111053,111.05,3,358,197,161,126,232,2,14,0,8,6,0,3,18,0,29,0,0,64,51,17,43,105
"726",150030111061,111.06,1,422,410,12,382,40,4,10,4,19,15,0,8,0,0,0,18,8,15,65,41,64,155
"727",150030111062,111.06,2,369,246,123,353,16,3,0,0,6,16,0,0,9,15,0,90,14,9,23,33,19,135
"728",150030111063,111.06,3,444,427,17,387,57,3,8,0,0,0,0,21,0,0,0,17,0,17,63,22,126,170
"729",150030111064,111.06,4,334,302,32,197,137,3,0,8,0,0,0,0,16,0,0,8,0,138,59,23,51,31
"730",150030111065,111.06,5,325,253,72,254,71,3,14,30,0,0,0,0,0,0,0,0,0,19,10,9,109,134
"731",150030112011,112.01,1,464,401,63,318,146,3,0,0,0,0,10,9,0,10,0,20,17,34,83,9,70,202
"732",150030112012,112.01,2,294,208,86,284,10,2,0,0,0,0,11,0,26,50,0,10,0,9,9,9,25,145
"733",150030112013,112.01,3,300,274,26,146,154,3,0,9,0,7,0,9,0,0,0,0,22,0,9,9,23,212
"734",150030112014,112.01,4,336,257,79,255,81,3,0,0,0,0,0,0,0,0,0,0,138,15,28,16,35,104
"735",150030112015,112.01,5,325,267,58,298,27,3,19,0,0,12,0,0,0,11,0,0,67,7,30,36,28,115
"736",150030112021,112.02,1,315,250,65,226,89,3,6,5,0,0,0,0,0,7,6,38,6,21,5,28,67,126
"737",150030112022,112.02,2,413,296,117,274,139,2,22,0,0,15,21,0,0,17,0,22,35,96,12,0,22,151
"738",150030113001,113,1,202,120,82,136,66,4,0,0,0,21,0,0,30,0,0,0,10,9,53,0,8,71
"739",150030113002,113,2,425,328,97,339,86,3,21,0,0,0,32,13,11,52,8,3,35,14,20,12,51,153
"740",150030113003,113,3,692,639,53,505,187,5,26,9,27,12,9,0,26,35,34,0,21,104,48,58,120,163
"741",150030114011,114.01,1,212,117,95,0,212,2,7,0,0,0,0,7,8,6,0,71,50,43,0,12,0,8
"742",150030114012,114.01,2,597,492,105,0,597,2,35,7,0,0,0,37,6,66,22,4,33,82,107,83,72,43
"743",150030115001,115,1,633,573,60,463,170,3,3,27,0,21,0,38,3,15,8,21,52,141,37,99,81,87
"744",150030115002,115,2,468,384,84,400,68,3,19,0,0,0,5,6,16,0,20,26,27,54,120,75,22,78
"745",150030115003,115,3,636,560,76,548,88,4,9,5,6,5,4,2,0,14,2,10,38,40,36,80,199,186
"746",150030115004,115,4,1487,1285,202,1258,229,3,16,56,0,0,20,0,16,0,0,79,68,209,143,188,150,542
"747",150030115005,115,5,530,268,262,0,530,2,0,32,18,20,0,0,16,19,0,9,0,124,189,19,0,84
"748",150030116001,116,1,279,182,97,235,44,3,5,0,21,0,0,12,0,0,0,7,8,35,20,0,27,144
"749",150030116002,116,2,452,403,49,386,66,3,3,0,2,0,2,8,6,8,3,14,5,27,104,40,43,187
"750",150039400031,9400.03,1,652,561,91,556,96,4,18,0,0,7,14,0,16,30,34,15,70,82,76,53,90,147
"751",150039400041,9400.04,1,534,460,74,438,96,4,17,10,15,19,22,7,19,16,10,16,32,45,32,46,101,127
"752",150039400051,9400.05,1,575,549,26,561,14,4,28,0,0,0,0,7,5,6,22,21,34,89,52,45,128,138
"753",150039400061,9400.06,1,617,573,44,507,110,4,35,18,7,15,20,53,14,7,36,31,71,71,48,42,74,75
"754",150039400071,9400.07,1,495,393,102,168,327,4,53,11,0,58,5,9,29,8,9,61,33,92,28,59,40,0
"755",150039800001,9800,1,0,0,0,0,0,NA,0,0,0,0,0,0,0,0,0,0,0,0,0,0,0,0
"756",150039802001,9802,1,0,0,0,0,0,NA,0,0,0,0,0,0,0,0,0,0,0,0,0,0,0,0
"757",150039803001,9803,1,0,0,0,0,0,NA,0,0,0,0,0,0,0,0,0,0,0,0,0,0,0,0
"758",150039806001,9806,1,20,20,0,0,20,5,0,0,0,0,0,0,0,0,20,0,0,0,0,0,0,0
"759",150039807001,9807,1,0,0,0,0,0,NA,0,0,0,0,0,0,0,0,0,0,0,0,0,0,0,0
"760",150039808001,9808,1,0,0,0,0,0,NA,0,0,0,0,0,0,0,0,0,0,0,0,0,0,0,0
"761",150039810001,9810,1,0,0,0,0,0,NA,0,0,0,0,0,0,0,0,0,0,0,0,0,0,0,0
"762",150039811001,9811,1,3,3,0,0,3,2,0,0,0,0,0,0,0,0,0,0,0,0,0,0,0,3
"763",150039812001,9812,1,0,0,0,0,0,NA,0,0,0,0,0,0,0,0,0,0,0,0,0,0,0,0
"764",150039813001,9813,1,46,46,0,0,46,4,0,0,0,0,0,0,5,0,0,0,13,28,0,0,0,0
"765",150039814001,9814,1,7,7,0,0,7,4,0,0,0,0,0,0,0,0,0,0,0,0,0,7,0,0
"766",150039817001,9817,1,733,634,99,8,725,3,54,0,8,14,24,19,50,18,20,249,42,75,61,0,36,63
"767",150039818011,9818.01,1,985,963,22,17,968,3,38,29,16,0,14,35,0,34,12,156,126,274,137,58,5,51
"768",150039818021,9818.02,1,419,398,21,4,415,3,14,0,0,0,5,0,0,0,0,27,57,15,67,55,62,117
"769",150039818031,9818.03,1,365,347,18,16,349,2,13,0,8,0,34,29,72,21,35,50,32,28,27,16,0,0
"770",150039819001,9819,1,0,0,0,0,0,NA,0,0,0,0,0,0,0,0,0,0,0,0,0,0,0,0
"771",150039820001,9820,1,192,192,0,0,192,4,0,0,0,0,0,0,0,0,0,0,0,60,29,13,39,51
"772",150039821001,9821,1,0,0,0,0,0,NA,0,0,0,0,0,0,0,0,0,0,0,0,0,0,0,0
"773",150039822001,9822,1,0,0,0,0,0,NA,0,0,0,0,0,0,0,0,0,0,0,0,0,0,0,0
"774",150039900010,9900.01,0,0,0,0,0,0,NA,0,0,0,0,0,0,0,0,0,0,0,0,0,0,0,0
