"","geoid","tract","block","total_hh","multi","single","owner","renter","avg_hh","less_10000","10000_14999","15000_19999","20000_24999","25000_29999","30000_34999","35000_39999","40000_44999","45000_49999","50000_59999","60000_74999","75000_99999","100000_124999","125000_149999","150000_199999","200000_inf","alice1","alice2","alice3","alice4","alice5","alice_pct"
"1",150030001071,1.07,1,518,465,53,439,79,4,16,15,0,5,10,0,0,18,0,7,29,34,50,72,113,149,46,71,100,134,184,0.258687258687259
"2",150030001072,1.07,2,425,378,47,370,55,3,9,0,0,5,0,0,6,12,0,0,23,5,32,64,90,179,20,32,55,60,92,0.129411764705882
"3",150030001081,1.08,1,457,374,83,374,83,2,16,0,0,0,5,0,10,9,0,23,47,89,0,23,65,170,31,63,110,199,199,0.137855579868709
"4",150030001082,1.08,2,355,296,59,226,129,3,75,9,0,0,0,0,0,0,0,41,33,9,19,9,57,103,84,125,158,167,186,0.445070422535211
"5",150030001083,1.08,3,461,414,47,342,119,3,10,0,12,0,0,0,5,0,18,4,2,32,31,26,245,76,27,49,51,83,114,0.110629067245119
"6",150030001101,1.1,1,456,395,61,417,39,3,0,0,0,0,0,10,26,0,0,19,25,82,71,30,53,140,36,55,80,162,233,0.175438596491228
"7",150030001102,1.1,2,270,253,17,225,45,3,0,2,0,0,0,9,0,0,0,0,11,27,41,55,19,106,11,11,22,49,90,0.0814814814814815
"8",150030001103,1.1,3,533,441,92,439,94,3,0,0,26,0,31,0,7,9,9,30,10,26,80,68,56,181,64,112,122,148,228,0.228893058161351
"9",150030001104,1.1,4,197,156,41,180,17,3,0,0,10,0,0,0,0,0,7,9,0,16,26,23,56,50,10,26,26,42,68,0.131979695431472
"10",150030001141,1.14,1,168,136,32,133,35,2,4,0,7,0,0,9,0,0,0,0,6,37,8,12,12,73,20,20,26,63,71,0.119047619047619
"11",150030001142,1.14,2,352,272,80,279,73,3,4,0,0,0,11,25,0,0,0,0,3,4,19,20,40,226,40,40,43,47,66,0.122159090909091
"12",150030001151,1.15,1,579,400,179,319,260,2,13,0,0,8,0,17,12,0,17,14,63,77,120,22,153,63,50,81,144,221,341,0.139896373056995
"13",150030001152,1.15,2,232,188,44,232,0,3,0,0,0,0,12,0,0,11,9,0,0,36,10,0,23,131,12,32,32,68,78,0.137931034482759
"14",150030001153,1.15,3,97,80,17,97,0,3,0,0,0,0,0,0,0,0,0,9,0,0,17,0,11,60,0,9,9,9,26,0.0927835051546392
"15",150030001161,1.16,1,1121,739,382,854,267,2,13,0,46,37,42,59,7,19,14,48,84,155,70,170,165,192,204,285,369,524,594,0.254237288135593
"16",150030001171,1.17,1,608,457,151,388,220,3,9,20,0,36,20,0,10,0,30,0,54,13,79,40,140,157,95,125,179,192,271,0.294407894736842
"17",150030001181,1.18,1,679,614,65,607,72,3,0,0,20,13,0,0,0,0,0,25,37,62,167,52,129,174,33,58,95,157,324,0.139911634756996
"18",150030001191,1.19,1,322,284,38,280,42,4,0,0,0,11,0,14,8,0,0,0,0,27,79,10,88,85,33,33,33,60,139,0.186335403726708
"19",150030001192,1.19,2,345,316,29,327,18,4,0,0,0,0,13,0,10,0,0,3,8,58,45,13,126,69,23,26,34,92,137,0.266666666666667
"20",150030001193,1.19,3,156,148,8,147,9,3,0,0,0,0,0,0,0,0,15,9,0,21,9,6,9,87,0,24,24,45,54,0.153846153846154
"21",150030001201,1.2,1,271,240,31,199,72,3,0,0,7,0,0,23,0,0,0,22,6,14,33,7,59,100,30,52,58,72,105,0.214022140221402
"22",150030001202,1.2,2,201,193,8,192,9,4,0,0,7,0,0,12,0,0,8,0,6,4,19,7,30,108,19,27,33,37,56,0.18407960199005
"23",150030001203,1.2,3,365,324,41,339,26,3,0,0,3,0,0,27,41,6,7,8,19,38,18,39,92,67,71,92,111,149,167,0.304109589041096
"24",150030001211,1.21,1,705,591,114,516,189,2,9,28,0,0,0,0,0,30,0,22,35,112,51,42,113,263,37,89,124,236,287,0.126241134751773
"25",150030001212,1.21,2,332,292,40,291,41,3,0,8,0,8,0,0,0,0,38,0,7,7,41,22,150,51,16,54,61,68,109,0.183734939759036
"26",150030001221,1.22,1,443,400,43,432,11,3,0,0,0,0,0,0,0,0,0,12,17,14,80,62,39,219,0,12,29,43,123,0.0654627539503386
"27",150030001222,1.22,2,217,204,13,195,22,3,0,0,12,0,0,7,0,0,11,23,34,47,19,0,40,24,19,53,87,134,153,0.400921658986175
"28",150030001223,1.22,3,323,240,83,323,0,3,0,0,0,0,0,20,23,0,0,12,0,40,50,74,59,45,43,55,55,95,145,0.170278637770898
"29",150030002001,2,1,233,211,22,201,32,3,0,24,0,0,0,0,0,0,0,0,0,0,27,12,21,149,24,24,24,24,51,0.103004291845494
"30",150030002002,2,2,212,183,29,177,35,4,0,0,0,0,0,0,0,0,11,8,24,9,19,9,60,72,0,19,43,52,71,0.245283018867925
"31",150030002003,2,3,511,427,84,499,12,3,10,20,0,9,0,0,20,10,0,30,2,33,81,44,69,183,59,99,101,134,215,0.197651663405088
"32",150030002004,2,4,306,293,13,259,47,3,0,0,0,0,0,0,0,0,0,18,40,21,32,38,49,108,0,18,58,79,111,0.189542483660131
"33",150030002005,2,5,306,244,62,263,43,3,5,0,0,0,6,11,8,0,10,9,18,22,55,38,56,68,30,49,67,89,144,0.218954248366013
"34",150030002006,2,6,282,186,96,212,70,3,0,12,0,0,0,0,0,0,0,62,11,85,24,10,10,68,12,74,85,170,194,0.301418439716312
"35",150030003011,3.01,1,682,573,109,596,86,3,0,19,14,0,20,0,9,0,0,9,27,84,43,42,75,340,62,71,98,182,225,0.143695014662757
"36",150030003012,3.01,2,585,518,67,537,48,3,29,0,0,0,0,0,7,44,0,0,45,52,65,11,24,308,36,80,125,177,242,0.213675213675214
"37",150030003021,3.02,1,545,460,85,447,98,3,18,6,0,0,0,20,5,20,0,16,47,40,78,17,100,178,49,85,132,172,250,0.242201834862385
"38",150030003022,3.02,2,445,341,104,372,73,3,38,0,9,0,0,0,0,0,16,14,11,20,29,30,96,182,47,77,88,108,137,0.197752808988764
"39",150030004011,4.01,1,230,187,43,175,55,3,0,10,28,0,0,0,11,0,7,6,42,9,37,18,13,49,49,62,104,113,150,0.452173913043478
"40",150030004012,4.01,2,812,674,138,737,75,3,10,0,6,24,17,24,0,0,0,5,10,71,79,87,57,422,81,86,96,167,246,0.118226600985222
"41",150030004021,4.02,1,279,219,60,258,21,3,0,0,0,0,0,0,0,31,0,0,0,29,2,8,19,190,0,31,31,60,62,0.111111111111111
"42",150030004022,4.02,2,811,721,90,663,148,3,5,20,0,0,0,6,0,40,11,22,62,47,36,38,211,313,31,104,166,213,249,0.204685573366215
"43",150030004023,4.02,3,287,244,43,250,37,3,0,7,0,0,0,0,9,0,0,0,13,12,27,16,52,151,16,16,29,41,68,0.101045296167247
"44",150030005001,5,1,219,208,11,205,14,3,0,0,8,0,0,0,0,0,0,10,27,26,42,3,28,75,8,18,45,71,113,0.205479452054795
"45",150030005002,5,2,240,221,19,167,73,3,0,0,0,3,0,0,0,0,0,0,0,12,15,8,0,202,3,3,3,15,30,0.0125
"46",150030005003,5,3,256,170,86,231,25,2,86,0,0,0,0,9,0,0,0,10,0,0,12,8,15,116,95,105,105,105,117,0.41015625
"47",150030005004,5,4,326,196,130,248,78,2,0,0,0,0,0,21,0,0,32,0,5,20,33,9,97,109,21,53,58,78,111,0.162576687116564
"48",150030005005,5,5,263,168,95,199,64,3,31,0,0,8,0,0,0,9,11,0,0,26,42,0,46,90,39,59,59,85,127,0.224334600760456
"49",150030006001,6,1,0,0,0,0,0,NA,0,0,0,0,0,0,0,0,0,0,0,0,0,0,0,0,0,0,0,0,0,NA
"50",150030006002,6,2,440,384,56,413,27,3,16,1,6,13,0,0,0,0,0,7,67,14,38,8,76,194,36,43,110,124,162,0.25
"51",150030007001,7,1,278,254,24,236,42,3,0,9,0,13,0,0,0,16,0,4,35,15,7,0,71,108,22,42,77,92,99,0.276978417266187
"52",150030007002,7,2,184,124,60,128,56,2,0,0,0,0,0,15,13,9,11,35,34,0,0,14,23,30,28,83,117,117,117,0.451086956521739
"53",150030007003,7,3,277,244,33,205,72,3,0,0,0,0,25,0,39,0,0,0,5,75,37,56,0,40,64,64,69,144,181,0.249097472924188
"54",150030007004,7,4,295,283,12,220,75,4,7,0,0,9,0,0,0,0,0,8,43,38,0,55,26,109,16,24,67,105,105,0.355932203389831
"55",150030008001,8,1,470,275,195,289,181,3,9,0,9,29,0,0,31,5,0,29,71,26,41,10,65,145,78,112,183,209,250,0.38936170212766
"56",150030008002,8,2,470,330,140,305,165,3,8,7,0,0,0,0,27,9,13,23,29,55,24,54,97,124,42,87,116,171,195,0.246808510638298
"57",150030008003,8,3,379,327,52,243,136,3,17,0,0,46,4,0,0,9,0,16,31,6,64,66,35,85,67,92,123,129,193,0.324538258575198
"58",150030009011,9.01,1,385,267,118,278,107,3,0,0,5,26,15,0,0,0,0,19,13,93,27,18,40,129,46,65,78,171,198,0.202597402597403
"59",150030009012,9.01,2,537,371,166,303,234,2,0,11,8,0,7,29,41,8,0,12,62,51,83,64,46,115,96,116,178,229,312,0.216014897579143
"60",150030009031,9.03,1,384,269,115,216,168,2,25,0,0,0,0,0,41,21,30,9,0,57,31,2,56,112,66,126,126,183,214,0.328125
"61",150030009032,9.03,2,550,434,116,379,171,3,0,20,0,0,38,8,0,0,1,47,29,55,35,52,94,171,66,114,143,198,233,0.26
"62",150030009041,9.04,1,759,665,94,572,187,4,15,0,0,0,19,6,7,13,13,23,41,46,61,57,270,188,47,96,137,183,244,0.241106719367589
"63",150030009051,9.05,1,402,332,70,310,92,3,0,8,0,25,0,0,6,0,0,13,19,10,23,54,34,210,39,52,71,81,104,0.176616915422886
"64",150030009052,9.05,2,412,357,55,355,57,3,10,0,0,13,17,0,20,24,0,17,23,75,15,14,24,160,60,101,124,199,214,0.300970873786408
"65",150030010001,10,1,490,394,96,354,136,3,11,0,0,0,0,25,41,6,24,81,21,0,70,47,63,101,77,188,209,209,279,0.426530612244898
"66",150030010002,10,2,614,358,256,582,32,2,74,0,12,23,21,0,0,29,14,64,33,39,107,17,54,127,130,237,270,309,416,0.38599348534202
"67",150030011011,11.01,1,262,218,44,216,46,3,15,0,0,0,10,0,0,49,5,0,20,20,12,46,19,66,25,79,99,119,131,0.377862595419847
"68",150030011012,11.01,2,267,196,71,47,220,4,21,18,5,0,36,24,23,7,7,22,14,41,30,0,13,6,127,163,177,218,248,0.816479400749064
"69",150030011021,11.02,1,379,281,98,287,92,3,47,13,0,25,0,14,0,16,13,11,5,34,14,0,48,139,99,139,144,178,192,0.379947229551451
"70",150030011022,11.02,2,297,203,94,159,138,4,10,5,0,12,24,0,0,14,0,68,4,5,48,24,43,40,51,133,137,142,190,0.478114478114478
"71",150030012011,12.01,1,409,249,160,104,305,3,0,9,0,76,0,0,0,0,6,25,7,29,99,0,92,66,85,116,123,152,251,0.300733496332518
"72",150030012012,12.01,2,620,564,56,357,263,3,0,0,1,10,0,0,40,0,0,4,37,106,38,136,155,93,51,55,92,198,236,0.148387096774194
"73",150030012021,12.02,1,641,504,137,450,191,3,30,0,11,0,14,0,0,13,37,40,19,103,112,38,89,135,55,145,164,267,379,0.25585023400936
"74",150030012022,12.02,2,313,238,75,202,111,4,11,19,0,0,22,10,0,0,20,36,18,24,0,41,60,52,62,118,136,160,160,0.511182108626198
"75",150030013001,13,1,394,334,60,236,158,3,7,0,0,16,12,0,25,0,11,18,8,14,39,28,132,84,60,89,97,111,150,0.246192893401015
"76",150030013002,13,2,460,408,52,219,241,3,0,9,8,0,0,0,19,0,85,0,79,42,58,55,60,45,36,121,200,242,300,0.434782608695652
"77",150030013003,13,3,269,250,19,145,124,4,0,0,24,0,19,0,0,0,0,13,19,13,25,66,56,34,43,56,75,88,113,0.327137546468401
"78",150030013004,13,4,288,157,131,103,185,2,8,15,0,30,16,0,11,8,0,10,31,16,11,80,52,0,80,98,129,145,156,0.340277777777778
"79",150030014001,14,1,340,289,51,264,76,3,6,0,0,0,0,11,6,4,0,17,10,45,29,10,56,146,23,44,54,99,128,0.158823529411765
"80",150030014002,14,2,577,483,94,357,220,3,0,6,12,0,0,17,21,12,4,28,47,81,86,49,47,167,56,100,147,228,314,0.254766031195841
"81",150030015011,15.01,1,672,453,219,223,449,3,8,24,0,0,0,56,37,7,33,179,25,47,45,44,56,111,125,344,369,416,461,0.549107142857143
"82",150030015021,15.02,1,310,249,61,219,91,3,0,0,11,13,15,17,0,0,0,0,28,0,114,51,44,17,56,56,84,84,198,0.270967741935484
"83",150030015022,15.02,2,490,360,130,356,134,3,31,0,0,0,14,0,0,0,0,23,71,22,79,79,43,128,45,68,139,161,240,0.283673469387755
"84",150030016011,16.01,1,465,350,115,147,318,2,24,0,7,24,8,11,31,12,21,10,35,94,30,51,55,52,105,148,183,277,307,0.318279569892473
"85",150030016012,16.01,2,198,148,50,145,53,4,0,0,0,0,7,0,17,17,22,9,12,29,19,20,7,39,24,72,84,113,132,0.570707070707071
"86",150030016021,16.02,1,249,198,51,199,50,3,0,9,0,0,8,14,0,35,20,9,13,14,22,33,44,28,31,95,108,122,144,0.433734939759036
"87",150030016022,16.02,2,259,212,47,132,127,4,15,0,7,0,0,0,0,8,0,6,12,20,29,44,60,58,22,36,48,68,97,0.262548262548263
"88",150030017001,17,1,617,394,223,402,215,2,22,0,21,49,9,11,12,42,29,31,18,25,84,10,75,179,124,226,244,269,353,0.366288492706645
"89",150030017002,17,2,434,232,202,307,127,2,35,0,10,0,0,0,0,9,21,8,0,59,37,16,80,159,45,83,83,142,179,0.191244239631336
"90",150030018011,18.01,1,274,89,185,86,188,1,113,0,4,7,6,0,4,0,4,24,23,10,7,43,19,10,134,162,185,195,202,0.489051094890511
"91",150030018012,18.01,2,239,69,170,68,171,1,38,0,2,0,0,25,0,0,10,8,43,24,48,16,24,1,65,83,126,150,198,0.271966527196653
"92",150030018031,18.03,1,495,249,246,220,275,1,39,24,0,7,48,41,0,32,34,36,0,17,102,0,92,23,159,261,261,278,380,0.321212121212121
"93",150030018032,18.03,2,165,74,91,84,81,2,72,20,0,0,17,15,0,0,10,0,0,23,0,0,8,0,124,134,134,157,157,0.812121212121212
"94",150030018033,18.03,3,570,296,274,124,446,2,41,26,10,79,49,12,0,16,16,29,27,106,30,93,0,36,217,278,305,411,441,0.487719298245614
"95",150030018034,18.03,4,426,295,131,114,312,2,29,0,25,0,0,9,0,0,33,32,7,146,110,30,0,5,63,128,135,281,391,0.300469483568075
"96",150030018041,18.04,1,370,155,215,224,146,2,41,12,0,0,0,12,0,8,22,9,0,151,23,5,44,43,65,104,104,255,278,0.281081081081081
"97",150030018042,18.04,2,500,179,321,300,200,2,19,0,5,19,43,26,44,0,0,32,98,37,51,77,39,10,156,188,286,323,374,0.376
"98",150030019011,19.01,1,278,175,103,181,97,2,11,11,6,22,0,4,9,6,11,6,16,18,22,54,22,60,63,86,102,120,142,0.309352517985612
"99",150030019051,19.05,1,267,194,73,177,90,2,0,0,0,46,0,0,0,0,0,9,5,24,59,0,7,117,46,55,60,84,143,0.205992509363296
"100",150030019052,19.05,2,597,253,344,197,400,2,0,53,21,33,0,0,0,24,44,74,60,33,47,104,60,44,107,249,309,342,389,0.417085427135678
"101",150030019061,19.06,1,512,71,441,120,392,1,13,31,89,29,22,9,75,0,38,27,11,48,45,5,9,61,268,333,344,392,437,0.5234375
"102",150030019062,19.06,2,485,401,84,294,191,2,31,46,0,0,7,23,16,0,37,0,56,42,59,58,4,106,123,160,216,258,317,0.329896907216495
"103",150030019063,19.06,3,735,343,392,413,322,2,62,27,0,54,73,35,0,0,0,39,68,74,97,60,56,90,251,290,358,432,529,0.394557823129252
"104",150030019071,19.07,1,760,367,393,327,433,2,23,10,50,13,28,0,0,0,0,95,61,187,59,83,77,74,124,219,280,467,526,0.288157894736842
"105",150030019072,19.07,2,164,57,107,125,39,2,15,13,0,0,12,0,0,0,0,0,20,10,0,0,85,9,40,40,60,70,70,0.24390243902439
"106",150030019073,19.07,3,638,265,373,235,403,2,35,0,120,22,0,10,10,16,0,27,73,67,76,61,50,71,197,240,313,380,456,0.376175548589342
"107",150030020031,20.03,1,502,251,251,223,279,2,16,23,30,27,0,10,2,35,0,27,73,76,57,26,49,51,108,170,243,319,376,0.338645418326693
"108",150030020032,20.03,2,868,141,727,245,623,1,92,43,46,70,0,63,18,93,62,28,115,92,75,64,7,0,332,515,630,722,797,0.382488479262673
"109",150030020041,20.04,1,319,135,184,158,161,2,30,11,1,11,7,0,0,6,11,9,70,49,45,38,8,23,60,86,156,205,250,0.269592476489028
"110",150030020042,20.04,2,495,210,285,90,405,2,45,30,36,18,15,0,7,45,36,31,117,59,12,17,27,0,151,263,380,439,451,0.531313131313131
"111",150030020051,20.05,1,572,199,373,203,369,1,60,10,27,0,10,11,0,14,49,29,174,102,9,46,11,20,118,210,384,486,495,0.206293706293706
"112",150030020052,20.05,2,556,220,336,160,396,2,122,0,0,12,10,0,30,35,18,41,153,56,34,21,0,24,174,268,421,477,511,0.482014388489209
"113",150030020061,20.06,1,488,252,236,207,281,2,25,13,2,39,4,0,38,0,42,86,37,51,68,58,7,18,121,249,286,337,405,0.510245901639344
"114",150030020062,20.06,2,731,324,407,223,508,2,38,16,117,34,21,0,18,7,0,78,117,52,67,41,62,63,244,329,446,498,565,0.450068399452804
"115",150030021011,21.01,1,179,101,78,30,149,2,0,0,19,15,0,0,0,19,7,32,22,40,14,11,0,0,34,92,114,154,168,0.513966480446927
"116",150030021012,21.01,2,262,207,55,134,128,3,29,0,0,48,0,0,57,8,9,0,11,13,4,14,38,31,134,151,162,175,179,0.618320610687023
"117",150030021013,21.01,3,496,182,314,149,347,2,33,100,0,19,18,8,7,0,3,34,101,55,72,11,18,17,185,222,323,378,450,0.44758064516129
"118",150030021021,21.02,1,258,125,133,47,211,1,14,30,0,37,0,0,0,13,13,0,68,52,16,0,15,0,81,107,175,227,243,0.313953488372093
"119",150030021022,21.02,2,577,381,196,218,359,2,35,0,3,45,29,24,26,5,50,42,90,46,46,61,33,42,162,259,349,395,441,0.448873483535529
"120",150030022031,22.03,1,836,446,390,478,358,2,87,40,0,15,26,0,23,50,0,32,80,151,95,59,99,79,191,273,353,504,599,0.326555023923445
"121",150030022041,22.04,1,712,381,331,287,425,2,68,21,16,14,11,12,7,14,39,134,15,75,71,122,59,34,149,336,351,426,497,0.471910112359551
"122",150030022051,22.05,1,890,517,373,368,522,2,17,7,21,18,13,39,6,0,45,29,281,45,21,87,66,195,121,195,476,521,542,0.219101123595506
"123",150030022061,22.06,1,555,262,293,113,442,2,83,0,0,0,8,30,6,41,53,61,45,170,29,13,9,7,127,282,327,497,526,0.508108108108108
"124",150030022062,22.06,2,414,289,125,86,328,3,28,6,31,26,8,10,39,21,51,12,35,29,24,34,32,28,148,232,267,296,320,0.644927536231884
"125",150030023011,23.01,1,309,234,75,101,208,2,37,0,27,10,0,68,0,18,0,22,19,26,21,26,26,9,142,182,201,227,248,0.588996763754045
"126",150030023012,23.01,2,620,396,224,298,322,2,12,18,10,0,32,0,0,33,17,57,123,106,34,9,70,99,72,179,302,408,442,0.288709677419355
"127",150030023013,23.01,3,766,321,445,398,368,2,140,63,53,36,13,34,0,11,0,56,47,177,70,32,27,7,339,406,453,630,700,0.530026109660574
"128",150030023021,23.02,1,656,347,309,283,373,2,15,0,15,50,41,27,51,0,23,77,81,192,46,19,13,6,199,299,380,572,618,0.455792682926829
"129",150030023022,23.02,2,332,229,103,92,240,2,30,0,0,35,0,0,7,0,8,58,45,42,71,7,0,29,72,138,183,225,296,0.41566265060241
"130",150030024011,24.01,1,275,170,105,8,267,3,24,0,10,0,0,18,11,10,0,40,48,37,33,9,19,16,63,113,161,198,231,0.585454545454545
"131",150030024012,24.01,2,382,276,106,79,303,2,17,0,0,0,0,47,13,34,0,21,29,64,54,23,32,48,77,132,161,225,279,0.345549738219895
"132",150030024013,24.01,3,365,165,200,170,195,2,9,46,0,0,42,18,0,0,10,58,75,35,10,35,16,11,115,183,258,293,303,0.501369863013699
"133",150030024014,24.01,4,195,116,79,37,158,4,14,36,0,0,0,0,0,18,10,0,13,2,68,10,0,24,50,78,91,93,161,0.476923076923077
"134",150030024031,24.03,1,361,285,76,77,284,2,14,13,13,8,0,17,0,58,0,84,8,28,106,5,7,0,65,207,215,243,349,0.573407202216066
"135",150030024032,24.03,2,397,181,216,71,326,2,0,0,20,0,10,18,0,0,23,27,153,29,40,37,35,5,48,98,251,280,320,0.246851385390428
"136",150030024041,24.04,1,310,77,233,39,271,2,34,28,48,5,22,12,0,33,29,10,20,6,12,24,6,21,149,221,241,247,259,0.712903225806452
"137",150030024042,24.04,2,405,287,118,162,243,2,0,11,9,6,5,11,38,0,19,15,64,59,92,27,48,1,80,114,178,237,329,0.281481481481481
"138",150030025001,25,1,1143,553,590,427,716,2,96,15,23,18,46,75,46,0,112,33,38,166,242,99,39,95,319,464,502,668,910,0.405949256342957
"139",150030025002,25,2,476,252,224,74,402,2,44,51,47,23,0,16,29,17,0,27,41,42,30,49,28,32,210,254,295,337,367,0.533613445378151
"140",150030025003,25,3,270,63,207,66,204,1,34,16,12,55,0,0,17,19,0,12,19,26,14,0,24,22,134,165,184,210,224,0.496296296296296
"141",150030026001,26,1,530,226,304,289,241,2,50,40,24,9,20,0,25,0,23,41,65,78,37,40,38,40,168,232,297,375,412,0.437735849056604
"142",150030026002,26,2,325,105,220,141,184,2,54,40,7,0,0,22,4,4,6,23,82,29,54,0,0,0,127,160,242,271,325,0.492307692307692
"143",150030026003,26,3,419,180,239,122,297,2,12,39,56,54,0,6,9,33,26,21,15,56,27,9,32,24,176,256,271,327,354,0.610978520286396
"144",150030026004,26,4,562,382,180,47,515,3,25,27,25,9,67,8,14,3,73,49,56,64,20,91,0,31,175,300,356,420,440,0.633451957295374
"145",150030027011,27.01,1,110,74,36,61,49,3,0,0,2,4,0,0,0,2,0,8,10,0,24,3,3,54,6,16,26,26,50,0.236363636363636
"146",150030027012,27.01,2,547,291,256,143,404,2,56,0,19,7,9,3,53,0,43,26,74,150,14,3,44,46,147,216,290,440,454,0.394881170018282
"147",150030027013,27.01,3,133,52,81,0,133,2,21,0,0,18,0,0,0,15,0,27,10,40,0,2,0,0,39,81,91,131,131,0.609022556390977
"148",150030027021,27.02,1,289,256,33,167,122,2,33,26,0,0,0,20,0,0,0,8,27,32,46,32,38,27,79,87,114,146,192,0.301038062283737
"149",150030027022,27.02,2,452,240,212,305,147,2,0,0,0,0,0,0,0,0,24,62,14,187,40,24,47,54,0,86,100,287,327,0.190265486725664
"150",150030027023,27.02,3,850,487,363,286,564,2,0,0,15,66,24,29,12,10,21,62,121,166,104,0,88,132,146,239,360,526,630,0.281176470588235
"151",150030027024,27.02,4,512,343,169,339,173,2,21,0,13,0,0,22,10,0,15,24,33,48,63,31,100,132,66,105,138,186,249,0.205078125
"152",150030028011,28.01,1,609,444,165,448,161,3,44,5,6,12,0,19,0,14,12,46,28,64,61,47,83,168,86,158,186,250,311,0.305418719211823
"153",150030028021,28.02,1,270,140,130,200,70,2,11,0,0,0,0,10,20,0,2,7,84,10,26,7,23,70,41,50,134,144,170,0.185185185185185
"154",150030028022,28.02,2,679,457,222,425,254,2,21,6,0,0,50,0,0,0,0,43,113,111,21,39,55,220,77,120,233,344,365,0.176730486008837
"155",150030029001,29,1,897,618,279,504,393,3,6,15,0,15,6,0,6,5,0,29,23,144,228,58,125,237,48,82,105,249,477,0.117056856187291
"156",150030030001,30,1,386,284,102,326,60,2,0,0,9,0,2,0,0,0,9,0,11,31,25,8,47,244,11,20,31,62,87,0.0518134715025907
"157",150030030002,30,2,401,307,94,292,109,3,6,15,0,0,0,0,11,11,0,18,23,22,34,66,8,187,32,61,84,106,140,0.209476309226933
"158",150030030003,30,3,430,408,22,347,83,3,0,0,0,6,0,8,0,0,4,33,5,104,34,28,25,183,14,51,56,160,194,0.130232558139535
"159",150030030004,30,4,449,308,141,314,135,2,19,0,12,18,40,0,0,0,21,0,0,65,6,22,51,195,89,110,110,175,181,0.244988864142539
"160",150030031021,31.02,1,960,657,303,904,56,3,46,27,11,9,10,22,12,30,101,45,41,61,8,78,107,352,137,313,354,415,423,0.36875
"161",150030031022,31.02,2,381,286,95,314,67,3,0,0,0,15,0,0,0,10,10,10,19,93,54,28,61,81,15,45,64,157,211,0.167979002624672
"162",150030031031,31.03,1,533,404,129,368,165,3,22,0,0,22,16,0,0,17,11,61,10,34,29,73,67,171,60,149,159,193,222,0.298311444652908
"163",150030031041,31.04,1,853,699,154,680,173,3,34,10,0,21,0,0,0,11,0,41,63,37,79,52,74,431,65,117,180,217,296,0.211019929660023
"164",150030034041,34.04,1,1052,611,441,766,286,2,17,15,17,20,15,15,0,131,53,28,81,245,0,264,55,96,99,311,392,637,637,0.295627376425856
"165",150030034042,34.04,2,356,173,183,235,121,2,0,0,0,0,25,0,0,24,10,111,71,0,77,0,22,16,25,170,241,241,318,0.47752808988764
"166",150030034043,34.04,3,128,60,68,99,29,2,0,0,0,0,17,0,0,0,0,41,14,0,14,0,0,42,17,58,72,72,86,0.453125
"167",150030034044,34.04,4,743,501,242,188,555,2,39,0,0,74,20,25,0,41,71,49,15,141,70,64,96,38,158,319,334,475,545,0.429340511440108
"168",150030034081,34.08,1,621,241,380,350,271,2,28,0,29,0,0,38,58,0,20,76,143,43,109,6,60,11,153,249,392,435,544,0.400966183574879
"169",150030034082,34.08,2,482,336,146,122,360,2,12,0,43,48,10,39,0,0,0,20,46,179,39,20,26,0,152,172,218,397,436,0.356846473029046
"170",150030034091,34.09,1,579,372,207,273,306,2,12,8,0,0,7,0,8,19,0,50,8,152,145,58,67,45,35,104,112,264,409,0.179620034542314
"171",150030034092,34.09,2,400,148,252,102,298,1,0,0,0,17,12,0,12,8,50,91,70,50,6,47,37,0,41,190,260,310,316,0.1025
"172",150030034101,34.1,1,809,588,221,199,610,3,32,0,0,25,0,0,140,19,140,4,65,193,78,13,52,48,197,360,425,618,696,0.525339925834363
"173",150030034111,34.11,1,637,315,322,429,208,2,11,7,28,14,0,11,7,31,15,35,43,184,64,27,120,40,78,159,202,386,450,0.249607535321821
"174",150030034121,34.12,1,901,580,321,561,340,2,30,17,29,8,22,15,0,26,31,25,96,127,96,56,171,152,121,203,299,426,522,0.225305216426193
"175",150030034131,34.13,1,706,327,379,146,560,2,102,14,0,7,0,57,0,0,55,107,101,127,51,24,22,39,180,342,443,570,621,0.484419263456091
"176",150030034132,34.13,2,633,247,386,233,400,2,64,25,108,76,31,18,24,0,18,57,31,68,47,28,4,34,346,421,452,520,567,0.665086887835703
"177",150030034141,34.14,1,288,181,107,65,223,2,0,38,0,0,7,29,0,0,0,14,31,39,41,0,18,71,74,88,119,158,199,0.305555555555556
"178",150030034142,34.14,2,784,410,374,108,676,2,113,64,40,8,29,16,79,22,0,21,55,149,91,36,13,48,349,392,447,596,687,0.5
"179",150030034143,34.14,3,812,458,354,186,626,2,39,0,0,61,19,27,93,8,123,72,42,76,100,72,52,28,239,442,484,560,660,0.544334975369458
"180",150030034144,34.14,4,512,225,287,216,296,2,32,9,26,6,5,0,8,7,4,27,44,39,64,77,51,113,86,124,168,207,271,0.2421875
"181",150030035011,35.01,1,380,205,175,166,214,2,64,0,15,0,9,20,29,14,0,58,72,32,64,0,0,3,137,209,281,313,377,0.55
"182",150030035012,35.01,2,865,456,409,404,461,2,116,24,0,15,5,0,82,67,25,35,141,31,47,35,132,110,242,369,510,541,588,0.426589595375723
"183",150030035031,35.03,1,661,323,338,78,583,2,86,58,15,27,106,26,0,0,0,38,50,150,96,0,0,9,318,356,406,556,652,0.53857791225416
"184",150030035041,35.04,1,358,200,158,156,202,2,37,30,0,11,14,48,10,28,7,12,55,3,42,13,41,7,150,197,252,255,297,0.550279329608939
"185",150030035042,35.04,2,1147,702,445,609,538,2,139,87,19,21,0,0,32,18,9,75,47,164,174,29,213,120,298,400,447,611,785,0.3487358326068
"186",150030036031,36.03,1,769,315,454,543,226,2,45,5,17,8,0,16,23,25,11,133,80,93,124,104,37,48,114,283,363,456,580,0.368010403120936
"187",150030036032,36.03,2,940,396,544,150,790,2,217,76,120,54,18,34,64,23,17,75,111,63,14,9,15,30,583,698,809,872,886,0.742553191489362
"188",150030036033,36.03,3,117,77,40,58,59,3,10,17,0,0,5,0,24,0,0,0,24,0,8,0,0,29,56,56,80,80,88,0.683760683760684
"189",150030036041,36.04,1,532,222,310,221,311,2,54,0,47,44,20,73,39,13,4,8,60,84,13,6,67,0,277,302,362,446,459,0.567669172932331
"190",150030036042,36.04,2,709,294,415,197,512,2,48,29,10,36,25,17,46,18,46,53,67,87,114,40,29,44,211,328,395,482,596,0.46262341325811
"191",150030036051,36.05,1,501,171,330,60,441,2,48,0,14,0,7,0,110,35,27,87,33,58,15,13,4,50,179,328,361,419,434,0.654690618762475
"192",150030036061,36.06,1,631,355,276,156,475,2,55,30,8,62,13,33,16,61,11,40,24,48,34,7,149,40,217,329,353,401,435,0.521394611727417
"193",150030036062,36.06,2,749,520,229,398,351,2,58,16,0,44,69,0,4,28,9,22,43,20,145,32,112,147,191,250,293,313,458,0.333778371161549
"194",150030037011,37.01,1,312,108,204,124,188,1,0,19,0,17,15,54,23,33,13,8,0,50,39,12,29,0,128,182,182,232,271,0.41025641025641
"195",150030037012,37.01,2,375,319,56,160,215,2,46,12,0,0,0,3,0,0,0,31,0,26,13,26,81,137,61,92,92,118,131,0.245333333333333
"196",150030037013,37.01,3,598,358,240,488,110,2,7,46,0,145,0,31,0,0,96,50,17,83,20,0,42,61,229,375,392,475,495,0.627090301003345
"197",150030037014,37.01,4,0,0,0,0,0,NA,0,0,0,0,0,0,0,0,0,0,0,0,0,0,0,0,0,0,0,0,0,NA
"198",150030037021,37.02,1,253,192,61,124,129,2,93,0,13,0,0,0,34,0,13,0,44,1,0,15,40,0,140,153,197,198,198,0.604743083003953
"199",150030037022,37.02,2,789,522,267,423,366,2,24,0,4,0,48,0,0,24,0,0,20,95,76,190,132,176,76,100,120,215,291,0.126742712294043
"200",150030037023,37.02,3,1000,487,513,478,522,2,26,144,23,0,0,24,11,39,22,102,117,109,140,51,52,140,228,391,508,617,757,0.391
"201",150030037024,37.02,4,72,54,18,42,30,2,0,0,18,0,0,0,0,0,0,0,0,0,9,30,0,15,18,18,18,18,27,0.25
"202",150030037031,37.03,1,721,355,366,525,196,2,34,0,0,0,0,12,0,133,0,0,23,127,21,0,220,151,46,179,202,329,350,0.248266296809986
"203",150030037032,37.03,2,260,260,0,260,0,2,215,0,0,0,0,0,0,0,0,0,0,0,0,0,0,45,215,215,215,215,215,0.826923076923077
"204",150030037033,37.03,3,471,316,155,212,259,2,32,0,37,0,24,26,2,23,0,5,27,22,68,16,3,186,121,149,176,198,266,0.316348195329087
"205",150030037034,37.03,4,0,0,0,0,0,NA,0,0,0,0,0,0,0,0,0,0,0,0,0,0,0,0,0,0,0,0,0,NA
"206",150030037035,37.03,5,260,239,21,178,82,2,8,0,0,0,0,11,0,0,0,0,11,0,109,0,55,66,19,19,30,30,139,0.0730769230769231
"207",150030038011,38.01,1,1099,487,612,273,826,2,164,83,25,85,103,26,23,10,85,82,36,97,78,54,56,92,509,686,722,819,897,0.624203821656051
"208",150030038012,38.01,2,477,370,107,368,109,2,0,41,0,0,0,0,0,0,5,1,42,67,66,171,32,52,41,47,89,156,222,0.0985324947589098
"209",150030038013,38.01,3,0,0,0,0,0,NA,0,0,0,0,0,0,0,0,0,0,0,0,0,0,0,0,0,0,0,0,0,NA
"210",150030038014,38.01,4,1066,782,284,701,365,2,65,0,0,0,0,0,0,40,5,211,56,157,50,174,136,172,65,321,377,534,584,0.301125703564728
"211",150030038015,38.01,5,0,0,0,0,0,NA,0,0,0,0,0,0,0,0,0,0,0,0,0,0,0,0,0,0,0,0,0,NA
"212",150030038021,38.02,1,206,108,98,83,123,2,0,0,0,98,0,11,0,0,0,25,0,28,0,0,0,44,109,134,134,162,162,0.650485436893204
"213",150030038022,38.02,2,1322,873,449,698,624,2,31,0,0,64,0,0,0,0,23,122,141,204,261,232,122,122,95,240,381,585,846,0.181543116490166
"214",150030038023,38.02,3,440,251,189,397,43,2,19,0,0,36,0,0,0,0,36,45,0,0,55,0,63,186,55,136,136,136,191,0.309090909090909
"215",150030038024,38.02,4,0,0,0,0,0,NA,0,0,0,0,0,0,0,0,0,0,0,0,0,0,0,0,0,0,0,0,0,NA
"216",150030038025,38.02,5,758,384,374,484,274,2,23,21,0,25,14,0,0,0,0,28,82,135,125,97,115,93,83,111,193,328,453,0.146437994722955
"217",150030039001,39,1,252,16,236,55,197,1,24,20,79,24,20,9,10,0,12,9,8,0,9,15,8,5,186,207,215,215,224,0.738095238095238
"218",150030040001,40,1,643,272,371,258,385,2,31,3,4,22,0,0,95,25,35,46,29,107,52,32,17,145,155,261,290,397,449,0.405909797822706
"219",150030040002,40,2,233,111,122,99,134,2,7,24,13,0,8,0,4,10,14,18,12,63,6,24,18,12,56,98,110,173,179,0.420600858369099
"220",150030041011,41.01,1,406,197,209,203,203,2,15,5,8,29,6,3,0,28,0,102,0,78,116,0,0,16,66,196,196,274,390,0.482758620689655
"221",150030041012,41.01,2,397,169,228,103,294,2,50,75,14,16,84,0,0,0,29,10,21,47,5,12,24,10,239,278,299,346,351,0.700251889168766
"222",150030041021,41.02,1,497,240,257,265,232,2,0,73,0,50,0,23,21,0,32,85,52,30,67,34,17,13,167,284,336,366,433,0.571428571428571
"223",150030041022,41.02,2,527,218,309,137,390,2,41,0,100,49,12,12,19,16,22,30,39,13,58,40,53,23,233,301,340,353,411,0.571157495256167
"224",150030041023,41.02,3,250,96,154,90,160,2,0,51,0,0,0,0,90,0,13,14,7,45,17,13,0,0,141,168,175,220,237,0.672
"225",150030042011,42.01,1,419,178,241,183,236,2,36,13,0,16,17,12,15,19,12,80,8,66,47,27,29,22,109,220,228,294,341,0.525059665871122
"226",150030042012,42.01,2,540,219,321,227,313,2,14,0,24,0,8,18,0,5,37,51,13,54,160,53,78,25,64,157,170,224,384,0.290740740740741
"227",150030042021,42.02,1,435,315,120,370,65,2,35,0,0,0,0,0,44,0,0,0,17,26,67,10,47,189,79,79,96,122,189,0.181609195402299
"228",150030042022,42.02,2,518,184,334,305,213,1,29,27,81,27,46,33,18,0,8,10,24,60,38,19,57,41,261,279,303,363,401,0.503861003861004
"229",150030043011,43.01,1,310,164,146,119,191,2,48,14,40,40,0,24,0,0,10,0,20,35,14,11,25,29,166,176,196,231,245,0.567741935483871
"230",150030043012,43.01,2,651,492,159,372,279,3,60,0,0,0,88,0,17,11,8,12,31,93,42,59,87,143,165,196,227,320,362,0.348694316436252
"231",150030043021,43.02,1,326,184,142,102,224,3,0,0,15,90,12,0,0,0,13,25,14,45,74,16,0,22,117,155,169,214,288,0.51840490797546
"232",150030043022,43.02,2,358,205,153,0,358,3,5,41,0,59,22,43,22,0,18,19,8,22,26,0,0,73,192,229,237,259,285,0.662011173184358
"233",150030043023,43.02,3,318,246,72,137,181,2,0,14,0,0,15,24,0,0,33,31,81,17,27,9,25,42,53,117,198,215,242,0.367924528301887
"234",150030044011,44.01,1,252,188,64,153,99,2,9,5,0,11,0,0,10,7,12,14,24,22,68,0,15,55,35,68,92,114,182,0.26984126984127
"235",150030044012,44.01,2,288,274,14,191,97,4,6,0,0,0,0,23,0,0,7,31,32,23,15,8,67,76,29,67,99,122,137,0.423611111111111
"236",150030044013,44.01,3,296,215,81,186,110,3,10,0,6,18,0,6,7,0,0,56,13,43,16,29,36,56,47,103,116,159,175,0.391891891891892
"237",150030044021,44.02,1,432,349,83,384,48,4,16,30,11,8,6,3,15,4,4,8,49,30,50,39,70,89,89,105,154,184,234,0.425925925925926
"238",150030044022,44.02,2,435,300,135,373,62,2,28,7,0,0,11,6,18,0,0,10,14,20,24,54,70,173,70,80,94,114,138,0.183908045977011
"239",150030045001,45,1,558,331,227,512,46,3,0,0,0,145,0,21,55,17,21,0,22,40,33,21,36,147,221,259,281,321,354,0.503584229390681
"240",150030045002,45,2,367,289,78,292,75,3,14,0,0,0,21,15,17,16,0,15,16,10,24,18,66,135,67,98,114,124,148,0.310626702997275
"241",150030045003,45,3,950,350,600,477,473,2,102,0,0,0,14,0,0,19,62,162,41,72,112,126,84,156,116,359,400,472,584,0.377894736842105
"242",150030045004,45,4,311,279,32,277,34,3,19,0,0,11,0,0,0,15,0,0,17,0,0,18,47,184,30,45,62,62,62,0.19935691318328
"243",150030046001,46,1,306,271,35,257,49,3,0,0,0,0,0,0,0,0,0,0,24,13,11,8,84,166,0,0,24,37,48,0.0784313725490196
"244",150030046002,46,2,239,184,55,202,37,3,0,0,0,10,7,10,0,0,0,7,0,13,39,4,17,132,27,34,34,47,86,0.142259414225941
"245",150030046003,46,3,364,300,64,264,100,3,0,0,0,0,8,0,0,38,0,24,37,47,35,9,71,95,8,70,107,154,189,0.293956043956044
"246",150030046004,46,4,174,155,19,142,32,5,0,10,0,0,0,0,8,0,0,0,21,22,9,32,47,25,18,18,39,61,70,0.402298850574713
"247",150030047011,47.01,1,427,391,36,347,80,3,6,0,0,6,0,15,16,8,0,6,66,14,45,31,117,97,43,57,123,137,182,0.288056206088993
"248",150030047012,47.01,2,394,309,85,322,72,3,0,0,0,12,0,8,26,0,0,0,15,121,8,76,40,88,46,46,61,182,190,0.154822335025381
"249",150030047021,47.02,1,267,249,18,234,33,3,0,0,7,0,0,0,6,0,11,13,14,22,10,4,95,85,13,37,51,73,83,0.191011235955056
"250",150030047022,47.02,2,239,206,33,150,89,3,0,0,23,0,0,11,0,0,0,58,9,6,9,6,53,64,34,92,101,107,116,0.422594142259414
"251",150030047023,47.02,3,353,278,75,178,175,3,0,24,0,0,0,0,13,4,0,28,26,29,50,52,34,93,37,69,95,124,174,0.269121813031161
"252",150030048011,48.01,1,194,148,46,169,25,2,0,0,0,0,0,20,12,0,11,34,29,18,0,17,45,8,32,77,106,124,124,0.396907216494845
"253",150030048012,48.01,2,244,199,45,118,126,3,0,30,0,4,0,0,15,0,0,34,6,3,21,11,18,102,49,83,89,92,113,0.364754098360656
"254",150030048013,48.01,3,510,226,284,409,101,2,12,0,0,7,8,0,35,6,7,16,35,231,8,15,59,71,62,91,126,357,365,0.17843137254902
"255",150030048021,48.02,1,526,508,18,372,154,4,8,0,0,0,0,7,23,8,0,25,31,99,37,26,167,95,38,71,102,201,238,0.38212927756654
"256",150030048022,48.02,2,238,141,97,92,146,2,0,38,12,0,8,2,0,0,0,7,0,67,8,16,36,44,60,67,67,134,142,0.281512605042017
"257",150030048023,48.02,3,271,254,17,111,160,5,38,0,0,23,0,46,8,0,0,0,22,25,0,0,21,88,115,115,137,162,162,0.597785977859779
"258",150030049001,49,1,336,303,33,172,164,4,0,0,0,0,5,9,0,13,14,81,7,39,20,31,70,47,14,122,129,168,188,0.5
"259",150030049002,49,2,413,366,47,80,333,3,6,5,0,28,8,0,33,20,0,28,74,78,59,11,48,15,80,128,202,280,339,0.48910411622276
"260",150030049003,49,3,318,200,118,189,129,2,0,9,0,0,0,12,10,4,11,29,62,102,43,13,13,10,31,75,137,239,282,0.235849056603774
"261",150030050001,50,1,504,259,245,201,303,2,19,51,0,44,18,37,5,14,7,60,82,32,50,4,14,67,174,255,337,369,419,0.505952380952381
"262",150030050002,50,2,370,298,72,275,95,3,0,6,0,0,0,7,0,51,15,26,42,62,111,3,36,11,13,105,147,209,320,0.397297297297297
"263",150030050003,50,3,220,137,83,149,71,2,8,14,7,12,0,11,0,4,6,23,76,35,0,0,24,0,52,85,161,196,196,0.386363636363636
"264",150030050004,50,4,406,180,226,34,372,2,14,7,8,0,10,0,30,105,8,19,25,163,8,0,0,9,69,201,226,389,397,0.495073891625616
"265",150030051001,51,1,912,506,406,556,356,2,31,0,0,7,21,11,17,0,7,28,209,93,130,98,113,147,87,122,331,424,554,0.133771929824561
"266",150030051002,51,2,656,388,268,20,636,2,61,112,42,114,43,36,60,55,7,31,39,3,13,40,0,0,468,561,600,603,616,0.855182926829268
"267",150030052001,52,1,453,218,235,0,453,2,47,47,16,40,12,48,0,21,0,61,9,100,30,0,22,0,210,292,301,401,431,0.644591611479029
"268",150030052002,52,2,898,419,479,0,898,2,94,299,41,78,54,34,33,38,26,53,25,39,63,10,11,0,633,750,775,814,877,0.835189309576837
"269",150030053001,53,1,1025,885,140,0,1025,4,73,42,19,57,36,128,0,0,0,84,84,114,50,157,172,9,355,439,523,637,687,0.621463414634146
"270",150030053002,53,2,447,232,215,96,351,2,42,149,30,0,22,7,12,26,17,15,27,40,0,0,32,28,262,320,347,387,387,0.715883668903803
"271",150030054001,54,1,398,347,51,0,398,4,65,49,18,5,15,16,1,91,5,47,10,33,15,15,11,2,169,312,322,355,370,0.891959798994975
"272",150030055001,55,1,582,529,53,275,307,4,15,61,49,3,34,33,10,0,19,48,42,48,48,23,85,64,205,272,314,362,410,0.621993127147766
"273",150030056011,56.01,1,412,170,242,15,397,3,64,169,44,0,17,11,0,0,0,4,4,18,0,21,30,30,305,309,313,331,331,0.759708737864078
"274",150030056012,56.01,2,292,263,29,138,154,4,0,0,0,45,0,0,0,0,0,42,33,30,48,35,14,45,45,87,120,150,198,0.513698630136986
"275",150030056021,56.02,1,206,174,32,202,4,5,0,0,17,0,21,0,15,0,0,0,0,27,0,13,32,81,53,53,53,80,80,0.388349514563107
"276",150030056022,56.02,2,264,131,133,95,169,3,11,46,0,0,0,13,25,25,12,44,13,57,0,10,8,0,95,176,189,246,246,0.715909090909091
"277",150030056023,56.02,3,577,485,92,197,380,4,39,11,0,0,54,33,0,10,0,13,30,134,107,59,30,57,137,160,190,324,431,0.561525129982669
"278",150030057001,57,1,594,471,123,162,432,2,22,40,0,32,9,35,21,59,38,0,112,48,19,60,49,50,159,256,368,416,435,0.430976430976431
"279",150030057002,57,2,445,210,235,0,445,2,23,10,20,24,88,19,0,80,0,35,54,24,21,12,10,25,184,299,353,377,398,0.671910112359551
"280",150030058001,58,1,339,283,56,27,312,3,12,14,0,32,35,22,12,53,12,59,10,16,29,0,33,0,127,251,261,277,306,0.769911504424779
"281",150030058002,58,2,687,555,132,470,217,3,10,111,13,0,5,31,44,2,34,33,66,84,85,11,147,11,214,283,349,433,518,0.508005822416303
"282",150030059001,59,1,640,537,103,48,592,3,51,26,11,36,6,15,5,9,30,59,117,116,63,34,22,40,150,248,365,481,544,0.5703125
"283",150030059002,59,2,0,0,0,0,0,NA,0,0,0,0,0,0,0,0,0,0,0,0,0,0,0,0,0,0,0,0,0,NA
"284",150030060001,60,1,424,395,29,237,187,5,16,8,0,16,8,0,28,21,16,37,67,23,24,22,66,72,76,150,217,240,264,0.622641509433962
"285",150030060002,60,2,333,333,0,179,154,5,0,0,0,35,0,0,0,35,0,19,0,71,27,0,55,91,35,89,89,160,187,0.561561561561562
"286",150030060003,60,3,440,420,20,111,329,4,0,25,0,0,10,0,0,39,8,22,49,61,52,93,10,71,35,104,153,214,266,0.486363636363636
"287",150030061001,61,1,374,319,55,171,203,4,7,1,0,0,6,23,5,9,19,28,3,58,37,35,63,80,42,98,101,159,196,0.425133689839572
"288",150030061002,61,2,444,410,34,279,165,6,22,0,3,0,0,0,0,5,0,9,15,18,22,94,123,133,25,39,54,72,94,0.211711711711712
"289",150030062021,62.02,1,367,261,106,48,319,5,22,40,0,20,29,0,15,57,1,53,5,28,8,0,20,69,126,237,242,270,278,0.757493188010899
"290",150030062022,62.02,2,235,139,96,0,235,3,59,24,5,0,22,34,17,13,34,0,21,0,6,0,0,0,161,208,229,229,235,0.974468085106383
"291",150030062031,62.03,1,898,792,106,422,476,4,55,32,99,0,0,12,36,63,18,70,42,175,59,65,40,132,234,385,427,602,661,0.670378619153675
"292",150030062032,62.03,2,414,360,54,176,238,4,48,0,11,0,21,13,0,10,0,9,46,64,34,13,44,101,93,112,158,222,256,0.536231884057971
"293",150030063011,63.01,1,283,252,31,216,67,4,9,0,0,5,23,0,4,7,6,4,40,37,6,27,45,70,41,58,98,135,141,0.477031802120141
"294",150030063012,63.01,2,295,267,28,217,78,5,12,0,5,0,0,0,12,5,11,0,30,23,45,30,20,102,29,45,75,98,143,0.484745762711864
"295",150030063013,63.01,3,247,221,26,196,51,5,5,13,0,0,6,0,0,0,8,0,39,46,32,12,8,78,24,32,71,117,149,0.603238866396761
"296",150030063021,63.02,1,107,94,13,57,50,5,0,0,0,0,0,0,0,0,22,4,4,15,4,18,14,26,0,26,30,45,49,0.457943925233645
"297",150030063022,63.02,2,503,475,28,36,467,5,91,35,39,17,38,9,22,0,44,97,62,24,13,3,9,0,251,392,454,478,491,0.976143141153082
"298",150030064011,64.01,1,439,416,23,315,124,5,5,11,5,6,23,0,19,2,6,7,55,30,5,51,52,162,69,84,139,169,174,0.396355353075171
"299",150030064021,64.02,1,335,303,32,299,36,3,0,0,13,0,11,0,0,0,20,0,23,20,25,25,69,129,24,44,67,87,112,0.2
"300",150030064022,64.02,2,308,258,50,247,61,4,0,14,0,0,0,0,0,0,18,13,29,54,10,0,48,122,14,45,74,128,138,0.415584415584416
"301",150030064023,64.02,3,528,493,35,515,13,5,18,0,0,0,7,0,50,0,9,7,0,33,65,48,93,198,75,91,91,124,189,0.357954545454545
"302",150030064024,64.02,4,313,313,0,250,63,6,0,0,0,0,0,0,0,0,0,11,0,10,10,21,101,160,0,11,11,21,31,0.0990415335463259
"303",150030065001,65,1,785,705,80,664,121,4,0,0,0,0,9,0,0,0,53,12,12,154,88,125,55,277,9,74,86,240,328,0.305732484076433
"304",150030065002,65,2,284,261,23,225,59,4,0,0,17,5,6,0,0,39,0,45,0,62,0,16,13,81,28,112,112,174,174,0.612676056338028
"305",150030067031,67.03,1,506,465,41,274,232,3,3,0,34,0,0,37,14,3,27,16,5,47,51,47,129,93,88,134,139,186,237,0.274703557312253
"306",150030067041,67.04,1,1200,714,486,0,1200,2,15,0,0,112,43,28,57,117,191,35,78,285,76,16,76,71,255,598,676,961,1037,0.498333333333333
"307",150030067042,67.04,2,257,90,167,80,177,1,0,0,0,11,0,32,13,22,0,21,32,58,30,19,0,19,56,99,131,189,219,0.217898832684825
"308",150030067043,67.04,3,346,301,45,306,40,3,0,0,0,0,11,24,0,0,0,0,32,32,0,32,45,170,35,35,67,99,99,0.19364161849711
"309",150030067044,67.04,4,249,210,39,189,60,3,0,0,0,0,0,0,15,0,27,10,0,11,21,11,66,88,15,52,52,63,84,0.208835341365462
"310",150030067045,67.04,5,720,563,157,663,57,3,16,27,18,28,10,0,0,61,28,28,37,65,11,103,46,242,99,216,253,318,329,0.351388888888889
"311",150030068061,68.06,1,274,247,27,253,21,3,4,5,3,4,4,0,0,4,16,5,0,12,40,13,91,73,20,45,45,57,97,0.164233576642336
"312",150030068062,68.06,2,264,204,60,236,28,3,8,0,5,14,5,0,9,0,0,0,16,35,5,27,72,68,41,41,57,92,97,0.215909090909091
"313",150030068101,68.1,1,561,561,0,0,561,4,0,0,0,8,10,21,39,63,15,39,23,77,63,107,58,38,78,195,218,295,358,0.525846702317291
"314",150030068102,68.1,2,299,258,41,0,299,3,31,0,0,0,0,17,11,7,0,43,65,59,33,32,0,1,59,109,174,233,266,0.581939799331104
"315",150030068111,68.11,1,331,331,0,14,317,4,40,0,0,0,18,12,0,6,0,45,42,65,24,35,0,44,70,121,163,228,252,0.688821752265861
"316",150030068121,68.12,1,602,456,146,368,234,2,45,0,0,0,18,52,0,9,15,89,6,58,67,46,108,89,115,228,234,292,359,0.378737541528239
"317",150030068131,68.13,1,960,701,259,778,182,2,0,54,0,0,0,57,0,32,13,57,39,113,71,146,244,134,111,213,252,365,436,0.221875
"318",150030068132,68.13,2,33,33,0,33,0,4,0,0,0,0,0,0,0,0,0,0,0,0,0,5,21,7,0,0,0,0,0,0
"319",150030068133,68.13,3,636,317,319,183,453,2,10,0,0,0,15,28,0,109,73,0,22,96,119,9,69,86,53,235,257,353,472,0.369496855345912
"320",150030068134,68.13,4,456,405,51,386,70,3,0,0,0,0,0,0,0,0,27,20,0,50,76,39,0,244,0,47,47,97,173,0.103070175438596
"321",150030068141,68.14,1,406,344,62,318,88,3,0,0,0,9,79,5,9,0,19,14,9,49,76,65,47,25,102,135,144,193,269,0.354679802955665
"322",150030068142,68.14,2,441,310,131,203,238,2,12,15,0,59,7,5,0,4,11,45,33,68,67,0,93,22,98,158,191,259,326,0.35827664399093
"323",150030068151,68.15,1,841,616,225,351,490,3,58,0,6,15,32,0,19,14,18,158,16,181,72,64,133,55,130,320,336,517,589,0.399524375743163
"324",150030068152,68.15,2,214,200,14,94,120,3,0,22,6,21,0,0,0,0,0,0,17,74,28,0,17,29,49,49,66,140,168,0.308411214953271
"325",150030068161,68.16,1,514,416,98,381,133,4,17,0,12,13,9,0,5,11,0,91,50,39,5,34,48,180,56,158,208,247,252,0.480544747081712
"326",150030068171,68.17,1,466,426,40,323,143,3,25,0,0,8,0,28,0,0,0,34,33,81,121,8,20,108,61,95,128,209,330,0.274678111587983
"327",150030068172,68.17,2,284,274,10,240,44,6,0,0,0,0,0,0,0,6,0,10,4,14,76,61,0,113,0,16,20,34,110,0.387323943661972
"328",150030068173,68.17,3,201,175,26,191,10,4,0,0,0,0,0,18,0,0,0,13,17,10,27,0,57,59,18,31,48,58,85,0.288557213930348
"329",150030068181,68.18,1,721,465,256,408,313,2,51,0,9,0,4,11,42,19,50,54,53,107,137,79,27,78,117,240,293,400,537,0.332871012482663
"330",150030068191,68.19,1,475,232,243,176,299,2,13,36,28,15,0,0,0,20,0,53,36,140,42,83,9,0,92,165,201,341,383,0.347368421052632
"331",150030068192,68.19,2,759,499,260,471,288,2,25,24,7,11,49,31,8,64,28,40,37,220,89,37,60,29,155,287,324,544,633,0.378129117259552
"332",150030069001,69,1,306,296,10,0,306,3,0,3,0,0,6,0,45,84,7,37,5,27,36,28,13,15,54,182,187,214,250,0.611111111111111
"333",150030069002,69,2,445,445,0,0,445,5,5,0,0,0,0,0,0,38,4,0,65,88,28,177,36,4,5,47,112,200,228,0.512359550561798
"334",150030069003,69,3,310,310,0,0,310,4,4,0,0,0,0,7,0,12,14,51,7,38,51,7,105,14,11,88,95,133,184,0.429032258064516
"335",150030070011,70.01,1,629,378,251,0,629,2,24,0,0,1,0,0,0,44,24,35,100,160,135,66,28,12,25,128,228,388,523,0.203497615262321
"336",150030070012,70.01,2,206,161,45,8,198,2,8,0,0,8,0,0,18,25,63,0,47,0,7,20,10,0,34,122,169,169,176,0.592233009708738
"337",150030070021,70.02,1,231,231,0,0,231,3,6,67,0,0,0,0,0,13,0,50,0,39,16,35,5,0,73,136,136,175,191,0.588744588744589
"338",150030070022,70.02,2,762,547,215,0,762,2,13,0,0,0,6,13,6,0,24,182,199,84,40,107,34,54,38,244,443,527,567,0.320209973753281
"339",150030071001,71,1,559,549,10,8,551,3,0,0,17,0,0,0,26,6,44,16,185,32,36,123,32,42,43,109,294,326,362,0.525939177101968
"340",150030071002,71,2,531,481,50,0,531,4,4,0,0,0,0,0,0,0,9,5,97,82,57,127,49,101,4,18,115,197,254,0.370998116760829
"341",150030073021,73.02,1,262,233,29,0,262,4,9,0,0,0,0,21,38,0,0,24,0,11,17,23,90,29,68,92,92,103,120,0.393129770992366
"342",150030073022,73.02,2,251,251,0,0,251,4,0,0,0,0,0,0,0,0,0,5,6,25,55,45,58,57,0,5,11,36,91,0.143426294820717
"343",150030073023,73.02,3,524,489,35,0,524,3,0,0,8,12,0,0,0,0,0,94,35,10,92,102,82,89,20,114,149,159,251,0.284351145038168
"344",150030073024,73.02,4,597,414,183,0,597,3,0,0,0,9,11,24,48,28,75,37,79,74,80,117,8,7,92,232,311,385,465,0.520938023450586
"345",150030074001,74,1,452,316,136,15,437,2,0,0,0,0,0,0,20,26,5,23,96,29,11,116,37,89,20,74,170,199,210,0.163716814159292
"346",150030074002,74,2,452,451,1,4,448,4,14,0,0,0,22,0,0,0,0,102,18,32,96,33,103,32,36,138,156,188,284,0.415929203539823
"347",150030075041,75.04,1,381,265,116,112,269,3,36,6,0,28,29,19,15,18,15,22,6,38,59,11,23,56,133,188,194,232,291,0.509186351706037
"348",150030075042,75.04,2,581,451,130,172,409,3,52,20,57,23,15,63,63,17,16,67,26,88,7,5,0,62,293,393,419,507,514,0.721170395869191
"349",150030075071,75.07,1,492,380,112,293,199,3,8,0,0,0,27,0,12,10,19,43,50,29,72,65,18,139,47,119,169,198,270,0.34349593495935
"350",150030075072,75.07,2,0,0,0,0,0,NA,0,0,0,0,0,0,0,0,0,0,0,0,0,0,0,0,0,0,0,0,0,NA
"351",150030075073,75.07,3,752,522,230,656,96,3,0,0,16,0,21,0,24,0,0,63,62,169,66,14,79,238,61,124,186,355,421,0.247340425531915
"352",150030075074,75.07,4,680,557,123,597,83,3,0,0,39,31,0,0,9,65,0,17,0,110,26,51,90,242,79,161,161,271,297,0.236764705882353
"353",150030075081,75.08,1,318,318,0,0,318,5,56,0,0,0,0,0,0,0,0,6,10,11,42,35,67,91,56,62,72,83,125,0.393081761006289
"354",150030075082,75.08,2,247,165,82,189,58,3,10,0,0,0,0,0,0,0,41,29,9,9,21,16,58,54,10,80,89,98,119,0.360323886639676
"355",150030075083,75.08,3,241,191,50,233,8,3,0,0,0,19,30,0,0,51,0,20,14,0,26,0,19,62,49,120,134,134,160,0.556016597510373
"356",150030075084,75.08,4,825,743,82,684,141,3,58,0,0,58,18,32,0,0,25,13,32,92,148,91,51,207,166,204,236,328,476,0.286060606060606
"357",150030075085,75.08,5,602,395,207,339,263,2,24,0,0,40,34,0,19,3,29,10,41,52,195,55,83,17,117,159,200,252,447,0.264119601328904
"358",150030077011,77.01,1,447,320,127,401,46,3,36,0,0,0,0,49,0,18,43,0,20,25,15,78,56,107,85,146,166,191,206,0.371364653243848
"359",150030077012,77.01,2,377,328,49,312,65,4,0,0,0,10,0,0,0,11,0,28,57,39,45,58,21,108,10,49,106,145,190,0.384615384615385
"360",150030077013,77.01,3,306,221,85,76,230,3,7,0,0,11,0,0,28,0,0,10,18,42,46,8,47,89,46,56,74,116,162,0.241830065359477
"361",150030077021,77.02,1,287,228,59,241,46,4,0,11,28,10,11,0,0,0,0,11,10,10,39,13,53,91,60,71,81,91,130,0.317073170731707
"362",150030077022,77.02,2,418,307,111,381,37,2,0,0,0,10,89,8,12,0,3,0,0,33,68,46,29,120,119,122,122,155,223,0.291866028708134
"363",150030077023,77.02,3,542,468,74,448,94,3,0,0,0,0,0,0,0,10,25,17,0,69,22,89,115,195,0,52,52,121,143,0.0959409594095941
"364",150030077024,77.02,4,490,378,112,352,138,3,10,0,5,25,58,21,0,0,0,11,11,65,56,56,69,103,119,130,141,206,262,0.287755102040816
"365",150030078041,78.04,1,312,241,71,288,24,3,4,25,7,4,4,5,12,8,0,14,14,40,23,47,51,54,61,83,97,137,160,0.310897435897436
"366",150030078042,78.04,2,322,288,34,274,48,4,4,0,0,0,19,7,4,10,3,8,4,45,41,28,90,59,34,55,59,104,145,0.322981366459627
"367",150030078071,78.07,1,540,389,151,368,172,2,15,0,0,35,0,0,0,0,51,42,142,27,87,29,79,33,50,143,285,312,399,0.264814814814815
"368",150030078072,78.07,2,531,272,259,186,345,2,109,11,0,0,0,67,0,62,18,0,15,92,58,40,48,11,187,267,282,374,432,0.502824858757062
"369",150030078073,78.07,3,646,235,411,396,250,2,70,0,0,31,62,57,14,16,35,0,104,153,44,14,14,32,234,285,389,542,586,0.441176470588235
"370",150030078074,78.07,4,398,177,221,214,184,2,16,0,0,0,32,30,0,19,0,70,15,71,83,46,0,16,78,167,182,253,336,0.419597989949749
"371",150030078075,78.07,5,621,480,141,317,304,2,38,0,0,0,0,0,0,17,0,53,111,57,204,18,123,0,38,108,219,276,480,0.173913043478261
"372",150030078081,78.08,1,422,327,95,210,212,4,19,0,10,0,13,18,0,18,0,43,20,111,47,0,72,51,60,121,141,252,299,0.597156398104265
"373",150030078082,78.08,2,385,336,49,82,303,3,36,24,9,0,0,7,0,11,0,0,60,81,57,36,24,40,76,87,147,228,285,0.381818181818182
"374",150030078083,78.08,3,309,161,148,205,104,2,11,0,0,0,0,10,10,0,28,44,35,31,103,19,8,10,31,103,138,169,272,0.333333333333333
"375",150030078091,78.09,1,418,263,155,350,68,2,27,8,0,0,0,0,0,20,0,9,0,36,66,22,42,188,35,64,64,100,166,0.15311004784689
"376",150030078092,78.09,2,456,355,101,356,100,2,0,0,0,0,0,0,0,0,17,8,80,101,77,52,67,54,0,25,105,206,283,0.0548245614035088
"377",150030078093,78.09,3,219,204,15,155,64,4,0,0,0,0,8,10,0,0,0,0,0,7,0,8,25,161,18,18,18,25,25,0.114155251141553
"378",150030078121,78.12,1,312,221,91,239,73,2,0,6,0,14,30,9,12,0,15,0,12,23,96,23,35,37,71,86,98,121,217,0.275641025641026
"379",150030078122,78.12,2,521,412,109,325,196,3,11,6,0,0,0,25,9,9,0,69,41,75,109,50,70,47,51,129,170,245,354,0.326295585412668
"380",150030078131,78.13,1,350,330,20,288,62,4,0,0,0,0,12,17,0,0,0,45,31,51,7,26,64,97,29,74,105,156,163,0.445714285714286
"381",150030078132,78.13,2,317,266,51,249,68,3,8,0,0,0,0,0,0,9,0,10,20,83,36,39,37,75,8,27,47,130,166,0.148264984227129
"382",150030078133,78.13,3,208,203,5,208,0,4,0,0,0,0,0,9,0,0,0,5,0,17,7,41,73,56,9,14,14,31,38,0.149038461538462
"383",150030078141,78.14,1,832,735,97,706,126,3,27,0,9,30,0,0,9,0,8,8,19,46,173,115,157,231,75,91,110,156,329,0.132211538461538
"384",150030078142,78.14,2,350,320,30,323,27,3,0,0,0,0,0,0,0,0,0,0,11,21,39,33,116,130,0,0,11,32,71,0.0314285714285714
"385",150030078151,78.15,1,760,657,103,601,159,3,6,18,0,0,0,9,0,0,6,8,18,67,103,39,288,198,33,47,65,132,235,0.0855263157894737
"386",150030078161,78.16,1,158,113,45,131,27,2,26,0,0,0,0,10,0,0,0,0,9,10,10,0,10,83,36,36,45,55,65,0.227848101265823
"387",150030078162,78.16,2,301,237,64,255,46,3,0,0,0,0,8,43,0,0,19,8,26,30,39,31,54,43,51,78,104,134,173,0.345514950166113
"388",150030078163,78.16,3,868,579,289,776,92,2,19,41,0,22,66,0,0,32,23,0,106,145,185,65,63,101,148,203,309,454,639,0.233870967741935
"389",150030078171,78.17,1,335,243,92,231,104,3,7,8,0,16,0,0,13,8,38,0,27,45,21,16,21,115,44,90,117,162,183,0.349253731343284
"390",150030078172,78.17,2,372,338,34,275,97,3,0,15,0,0,0,8,8,8,0,0,0,38,22,22,15,236,31,39,39,77,99,0.104838709677419
"391",150030080011,80.01,1,729,416,313,175,554,3,64,65,18,54,48,37,47,61,9,38,34,82,6,64,40,62,333,441,475,557,563,0.651577503429355
"392",150030080012,80.01,2,200,141,59,99,101,3,4,8,0,1,0,8,10,8,0,5,12,43,14,38,39,10,31,44,56,99,113,0.28
"393",150030080021,80.02,1,454,337,117,313,141,4,24,0,7,0,0,0,0,5,16,6,64,46,53,31,53,149,31,58,122,168,221,0.370044052863436
"394",150030080022,80.02,2,343,248,95,304,39,3,25,7,0,0,5,0,10,6,24,11,41,61,20,39,28,66,47,88,129,190,210,0.376093294460641
"395",150030080051,80.05,1,816,630,186,767,49,3,53,0,43,0,0,0,108,13,12,18,25,69,66,209,81,119,204,247,272,341,407,0.333333333333333
"396",150030080052,80.05,2,510,380,130,398,112,2,0,22,0,13,10,0,12,0,0,0,16,209,0,59,36,133,57,57,73,282,282,0.111764705882353
"397",150030080053,80.05,3,286,190,96,286,0,2,0,0,0,70,14,0,0,0,0,0,51,43,0,50,19,39,84,84,135,178,178,0.293706293706294
"398",150030080054,80.05,4,579,507,72,556,23,3,47,0,0,0,0,0,0,0,0,12,43,106,63,35,61,212,47,59,102,208,271,0.176165803108808
"399",150030080081,80.08,1,270,191,79,102,168,3,0,6,0,0,0,0,17,10,0,14,0,68,13,41,52,49,23,47,47,115,128,0.174074074074074
"400",150030080082,80.08,2,204,181,23,0,204,3,13,0,6,0,0,0,10,23,17,12,32,50,0,17,8,16,29,81,113,163,163,0.553921568627451
"401",150030080091,80.09,1,366,197,169,151,215,3,50,25,8,35,23,14,0,0,0,38,10,23,53,66,0,21,155,193,203,226,279,0.554644808743169
"402",150030080092,80.09,2,934,456,478,478,456,2,0,37,0,0,20,61,83,74,128,60,128,97,153,51,26,16,201,463,591,688,841,0.495717344753747
"403",150030080101,80.1,1,280,183,97,222,58,3,27,13,9,2,0,0,7,0,0,7,17,55,14,40,68,21,58,65,82,137,151,0.292857142857143
"404",150030080102,80.1,2,408,374,34,388,20,4,6,0,0,8,20,0,0,0,0,0,22,74,16,50,111,101,34,34,56,130,146,0.318627450980392
"405",150030080111,80.11,1,812,716,96,663,149,4,22,0,7,0,8,26,0,0,41,17,127,23,130,95,101,215,63,121,248,271,401,0.333743842364532
"406",150030080121,80.12,1,371,322,49,313,58,3,26,0,0,0,14,0,11,0,0,10,34,40,30,97,46,63,51,61,95,135,165,0.256064690026954
"407",150030080122,80.12,2,444,382,62,345,99,4,10,0,5,3,0,0,11,17,19,26,42,73,48,50,42,98,29,91,133,206,254,0.463963963963964
"408",150030080131,80.13,1,347,302,45,265,82,3,0,5,0,0,0,0,6,6,9,12,0,50,46,58,66,89,11,38,38,88,134,0.109510086455331
"409",150030080132,80.13,2,406,388,18,386,20,3,12,0,6,18,10,0,26,0,0,15,14,72,15,25,81,112,72,87,101,173,188,0.248768472906404
"410",150030083011,83.01,1,0,0,0,0,0,NA,0,0,0,0,0,0,0,0,0,0,0,0,0,0,0,0,0,0,0,0,0,NA
"411",150030083012,83.01,2,690,580,110,0,690,4,35,0,0,0,0,0,33,21,13,33,29,61,182,68,127,88,68,135,164,225,407,0.326086956521739
"412",150030083013,83.01,3,320,264,56,0,320,4,0,0,0,0,18,0,9,0,0,0,0,38,66,47,32,110,27,27,27,65,131,0.203125
"413",150030083014,83.01,4,432,391,41,0,432,4,0,0,0,0,16,0,13,0,0,23,61,138,25,25,57,74,29,52,113,251,276,0.581018518518518
"414",150030083021,83.02,1,468,437,31,370,98,5,20,0,55,0,0,0,0,0,11,0,46,89,31,74,34,108,75,86,132,221,252,0.538461538461538
"415",150030083022,83.02,2,436,385,51,349,87,5,0,0,41,0,0,0,0,31,10,11,27,83,93,20,21,99,41,93,120,203,296,0.678899082568807
"416",150030083023,83.02,3,475,460,15,381,94,5,0,0,0,0,0,49,0,0,15,9,40,55,57,80,67,103,49,73,113,168,225,0.473684210526316
"417",150030084051,84.05,1,458,446,12,404,54,4,0,0,0,0,0,0,0,0,6,18,8,92,89,121,100,24,0,24,32,124,213,0.270742358078603
"418",150030084052,84.05,2,306,306,0,174,132,3,0,0,0,0,0,0,0,0,0,0,108,29,32,16,98,23,0,0,108,137,169,0.352941176470588
"419",150030084053,84.05,3,615,615,0,446,169,4,10,0,25,45,0,11,0,0,0,38,61,73,18,85,63,186,91,129,190,263,281,0.427642276422764
"420",150030084071,84.07,1,710,642,68,601,109,4,5,15,0,0,0,0,0,0,8,60,18,130,114,42,202,116,20,88,106,236,350,0.332394366197183
"421",150030084072,84.07,2,471,433,38,409,62,3,59,0,0,0,0,0,12,0,0,0,42,49,20,59,78,152,71,71,113,162,182,0.239915074309979
"422",150030084081,84.08,1,625,529,96,365,260,2,0,15,0,0,0,0,0,0,25,18,51,54,267,39,106,50,15,58,109,163,430,0.0928
"423",150030084082,84.08,2,1504,1402,102,1200,304,3,0,18,0,25,0,0,48,77,16,0,37,49,190,535,171,338,91,184,221,270,460,0.146941489361702
"424",150030084083,84.08,3,1229,1083,146,906,323,3,0,0,52,0,0,20,9,20,71,0,36,61,58,191,340,371,81,172,208,269,327,0.169243287225386
"425",150030084101,84.1,1,468,456,12,459,9,4,0,0,0,0,0,12,0,0,0,9,48,33,27,94,80,165,12,21,69,102,129,0.217948717948718
"426",150030084102,84.1,2,1601,1446,155,1445,156,3,27,11,0,0,0,12,0,40,0,23,130,140,164,250,361,443,50,113,243,383,547,0.151780137414116
"427",150030084111,84.11,1,260,237,23,238,22,3,8,9,0,9,0,0,8,0,0,0,10,27,15,68,52,54,34,34,44,71,86,0.169230769230769
"428",150030084112,84.11,2,563,378,185,134,429,2,18,0,0,0,0,0,0,9,9,9,101,109,81,183,34,10,18,45,146,255,336,0.0799289520426288
"429",150030084113,84.11,3,395,355,40,311,84,3,0,0,0,9,0,0,58,5,25,19,10,18,24,174,16,37,67,116,126,144,168,0.318987341772152
"430",150030084131,84.13,1,344,337,7,295,49,5,0,0,0,0,0,7,23,7,0,7,0,79,22,61,50,88,30,44,44,123,145,0.421511627906977
"431",150030084132,84.13,2,393,347,46,317,76,3,0,0,0,41,19,6,8,0,28,4,18,35,17,27,136,54,74,106,124,159,176,0.315521628498728
"432",150030084141,84.14,1,699,686,13,641,58,3,0,0,0,0,0,0,7,6,0,0,11,134,44,132,142,223,7,13,24,158,202,0.0343347639484979
"433",150030084151,84.15,1,485,471,14,375,110,5,0,0,0,0,0,0,0,0,0,0,0,31,171,62,91,130,0,0,0,31,202,0.416494845360825
"434",150030084152,84.15,2,640,525,115,618,22,3,10,0,0,8,66,0,0,0,12,27,38,19,86,112,141,121,84,123,161,180,266,0.2515625
"435",150030084161,84.16,1,296,259,37,208,88,4,0,0,0,0,0,6,0,0,25,0,16,43,65,38,44,59,6,31,47,90,155,0.304054054054054
"436",150030084162,84.16,2,547,421,126,459,88,4,0,0,0,0,0,0,0,39,0,10,112,46,49,93,25,173,0,49,161,207,256,0.378427787934186
"437",150030084171,84.17,1,495,284,211,323,172,2,10,11,10,13,0,37,0,0,69,58,17,75,113,13,30,39,81,208,225,300,413,0.42020202020202
"438",150030084172,84.17,2,596,438,158,396,200,3,26,0,66,7,0,45,0,20,21,11,85,69,50,47,76,73,144,196,281,350,400,0.471476510067114
"439",150030084173,84.17,3,259,193,66,241,18,2,0,0,0,0,9,0,0,0,0,22,48,0,12,72,49,47,9,31,79,79,91,0.11969111969112
"440",150030084181,84.18,1,724,674,50,385,339,3,0,0,28,0,11,12,0,27,40,0,62,63,149,178,82,72,51,118,180,243,392,0.248618784530387
"441",150030084182,84.18,2,364,332,32,318,46,5,0,0,14,0,0,0,18,0,0,9,0,42,65,9,45,162,32,41,41,83,148,0.406593406593407
"442",150030084183,84.18,3,272,246,26,157,115,4,0,0,0,0,0,24,0,0,0,21,16,33,11,71,20,76,24,45,61,94,105,0.345588235294118
"443",150030085021,85.02,1,844,529,315,0,844,3,43,10,27,43,9,8,20,37,32,76,79,106,92,79,122,61,160,305,384,490,582,0.454976303317536
"444",150030086091,86.09,1,704,524,180,412,292,3,15,13,6,19,51,8,28,11,99,20,52,99,43,101,63,76,140,270,322,421,464,0.457386363636364
"445",150030086101,86.1,1,439,330,109,308,131,2,5,0,6,4,5,0,17,4,0,10,5,66,93,70,67,87,37,51,56,122,215,0.116173120728929
"446",150030086111,86.11,1,4,4,0,4,0,6,0,0,0,0,0,0,0,0,0,0,0,0,0,0,0,4,0,0,0,0,0,0
"447",150030086231,86.23,1,433,420,13,404,29,4,13,0,0,0,16,0,0,10,11,0,11,18,41,45,52,216,29,50,61,79,120,0.182448036951501
"448",150030086232,86.23,2,319,226,93,246,73,3,11,0,0,9,0,85,10,0,0,0,0,60,83,9,10,42,115,115,115,175,258,0.360501567398119
"449",150030086233,86.23,3,588,563,25,588,0,4,0,0,0,4,5,0,0,5,3,3,43,29,134,65,120,177,9,20,63,92,226,0.156462585034014
"450",150030086234,86.23,4,0,0,0,0,0,NA,0,0,0,0,0,0,0,0,0,0,0,0,0,0,0,0,0,0,0,0,0,NA
"451",150030086241,86.24,1,461,430,31,332,129,4,6,0,6,0,14,12,21,39,19,12,6,54,14,51,48,159,59,129,135,189,203,0.40997830802603
"452",150030086242,86.24,2,329,308,21,270,59,5,0,5,6,0,0,0,5,0,0,8,52,6,51,24,77,95,16,24,76,82,133,0.404255319148936
"453",150030086251,86.25,1,272,185,87,185,87,4,0,87,0,0,0,0,0,10,0,0,44,17,26,21,11,56,87,97,141,158,184,0.580882352941177
"454",150030086252,86.25,2,703,486,217,454,249,3,45,0,0,67,42,91,0,13,31,0,21,168,147,20,20,38,245,289,310,478,625,0.440967283072546
"455",150030086261,86.26,1,588,469,119,299,289,3,9,142,6,28,36,12,56,11,14,17,29,80,18,9,20,101,289,331,360,440,458,0.612244897959184
"456",150030086262,86.26,2,408,332,76,301,107,4,0,0,36,18,0,0,31,32,0,9,0,12,114,33,9,114,85,126,126,138,252,0.338235294117647
"457",150030086271,86.27,1,277,277,0,15,262,6,0,0,0,0,0,0,0,36,0,0,0,141,0,85,0,15,0,36,36,177,177,0.63898916967509
"458",150030086272,86.27,2,437,413,24,354,83,4,0,0,0,0,0,0,0,0,0,0,16,11,107,35,66,202,0,0,16,27,134,0.0617848970251716
"459",150030086273,86.27,3,281,264,17,227,54,3,0,0,0,0,0,0,0,0,0,19,40,37,16,32,50,87,0,19,59,96,112,0.209964412811388
"460",150030086274,86.27,4,780,713,67,184,596,4,0,0,0,0,20,63,0,0,70,112,47,119,140,85,73,51,83,265,312,431,571,0.552564102564103
"461",150030086275,86.27,5,995,896,99,683,312,3,0,0,0,0,0,18,53,19,0,0,36,199,153,191,171,155,71,90,126,325,478,0.126633165829146
"462",150030086281,86.28,1,603,603,0,580,23,4,0,0,0,0,0,0,0,0,63,17,0,84,50,162,63,164,0,80,80,164,214,0.271973466003317
"463",150030086282,86.28,2,459,399,60,359,100,3,0,15,12,10,23,0,0,0,19,7,10,53,43,72,92,103,60,86,96,149,192,0.209150326797386
"464",150030086291,86.29,1,723,656,67,535,188,3,9,44,7,8,0,0,0,70,8,20,12,151,71,156,126,41,68,166,178,329,400,0.246196403872752
"465",150030086301,86.3,1,519,484,35,403,116,4,10,21,16,0,0,0,0,0,0,0,117,85,18,32,146,74,47,47,164,249,267,0.479768786127168
"466",150030086302,86.3,2,399,389,10,305,94,4,0,0,0,10,0,0,0,10,0,21,62,28,51,48,67,102,10,41,103,131,182,0.328320802005013
"467",150030086311,86.31,1,546,430,116,468,78,3,0,0,0,9,0,8,30,9,0,15,67,97,123,44,83,61,47,71,138,235,358,0.252747252747253
"468",150030086312,86.31,2,607,400,207,470,137,2,9,0,0,9,0,0,70,26,25,42,65,31,22,85,68,155,88,181,246,277,299,0.298187808896211
"469",150030086321,86.32,1,214,181,33,200,14,3,11,0,8,0,0,0,9,0,0,0,25,37,39,16,31,38,28,28,53,90,129,0.247663551401869
"470",150030086322,86.32,2,732,617,115,652,80,4,10,34,0,42,27,0,10,9,0,9,27,68,144,58,163,131,123,141,168,236,380,0.322404371584699
"471",150030086323,86.32,3,219,163,56,181,38,4,0,0,11,4,0,0,0,0,0,16,38,51,18,16,41,24,15,31,69,120,138,0.547945205479452
"472",150030086324,86.32,4,241,232,9,222,19,5,0,0,16,0,0,0,0,0,0,19,25,21,17,0,81,62,16,35,60,81,98,0.406639004149378
"473",150030086331,86.33,1,957,888,69,817,140,3,17,0,11,6,0,0,6,15,22,42,95,86,320,57,74,206,40,119,214,300,620,0.223615464994775
"474",150030086341,86.34,1,313,301,12,152,161,3,12,29,0,0,0,0,0,65,0,0,33,30,6,37,40,61,41,106,139,169,175,0.44408945686901
"475",150030086342,86.34,2,319,276,43,278,41,3,0,36,0,0,0,0,15,7,5,0,0,6,48,69,49,84,51,63,63,69,117,0.197492163009404
"476",150030086343,86.34,3,385,344,41,212,173,3,0,0,0,0,0,0,17,0,10,38,25,120,58,48,69,0,17,65,90,210,268,0.233766233766234
"477",150030087021,87.02,1,840,456,384,434,406,3,19,178,26,28,50,18,29,15,17,9,94,100,106,38,72,41,348,389,483,583,689,0.575
"478",150030087022,87.02,2,404,339,65,209,195,4,12,24,14,8,0,13,6,0,17,11,54,72,110,29,16,18,77,105,159,231,341,0.571782178217822
"479",150030087023,87.02,3,239,239,0,131,108,5,0,0,0,0,0,0,0,38,0,0,15,21,98,0,52,15,0,38,53,74,172,0.719665271966527
"480",150030087041,87.04,1,189,167,22,87,102,3,7,0,4,0,0,0,0,0,0,0,33,39,23,13,60,10,11,11,44,83,106,0.232804232804233
"481",150030087042,87.04,2,468,389,79,364,104,5,0,16,0,65,0,0,22,0,0,33,26,52,53,22,56,123,103,136,162,214,267,0.57051282051282
"482",150030087051,87.05,1,479,447,32,44,435,4,55,16,0,118,11,7,0,38,11,43,18,63,43,25,31,0,207,299,317,380,423,0.793319415448852
"483",150030087052,87.05,2,342,313,29,60,282,4,26,0,0,21,0,0,60,0,0,36,0,101,44,20,28,6,107,143,143,244,288,0.713450292397661
"484",150030087061,87.06,1,283,274,9,253,30,4,0,0,0,0,0,5,6,0,0,0,0,35,73,17,85,62,11,11,11,46,119,0.162544169611307
"485",150030087062,87.06,2,319,276,43,13,306,4,66,51,0,11,26,74,17,0,0,0,47,14,0,13,0,0,245,245,292,306,306,0.959247648902821
"486",150030087063,87.06,3,482,456,26,299,183,3,7,0,0,25,0,0,23,0,68,18,14,35,77,38,125,52,55,141,155,190,267,0.321576763485477
"487",150030087071,87.07,1,394,384,10,201,193,4,36,0,0,10,29,0,0,0,0,47,40,101,30,36,19,46,75,122,162,263,293,0.66751269035533
"488",150030087072,87.07,2,247,204,43,227,20,3,0,0,0,0,0,0,0,0,8,8,0,20,19,131,10,51,0,16,16,36,55,0.0647773279352227
"489",150030087073,87.07,3,295,276,19,235,60,6,0,9,0,0,0,0,0,23,10,18,0,60,64,0,8,103,9,60,60,120,184,0.623728813559322
"490",150030087074,87.07,4,388,282,106,126,262,4,8,0,69,0,8,0,0,0,37,29,48,64,26,0,54,45,85,151,199,263,289,0.677835051546392
"491",150030088011,88.01,1,380,272,108,281,99,5,3,27,24,0,50,0,0,14,0,22,0,35,14,44,58,89,104,140,140,175,189,0.497368421052632
"492",150030088012,88.01,2,463,316,147,415,48,4,0,0,0,3,0,0,0,0,0,11,117,55,23,82,33,139,3,14,131,186,209,0.401727861771058
"493",150030088021,88.02,1,349,330,19,327,22,4,0,0,0,0,0,0,0,0,0,0,0,19,11,48,149,122,0,0,0,19,30,0.0544412607449857
"494",150030088022,88.02,2,523,512,11,463,60,4,0,0,0,77,10,0,0,0,19,21,12,23,10,90,85,176,87,127,139,162,172,0.309751434034417
"495",150030088023,88.02,3,298,298,0,179,119,4,35,11,32,0,0,13,0,0,0,39,22,39,11,36,38,22,91,130,152,191,202,0.640939597315436
"496",150030089061,89.06,1,420,370,50,320,100,3,0,9,0,0,0,0,0,0,12,0,23,23,59,98,88,108,9,21,44,67,126,0.104761904761905
"497",150030089062,89.06,2,629,499,130,437,192,3,0,0,0,0,0,15,79,0,20,71,27,134,144,32,46,61,94,185,212,346,490,0.337042925278219
"498",150030089063,89.06,3,319,250,69,237,82,3,10,0,0,0,0,0,5,15,0,26,0,16,61,25,107,54,15,56,56,72,133,0.175548589341693
"499",150030089091,89.09,1,362,331,31,345,17,3,31,0,0,0,0,0,9,9,0,10,28,8,44,55,107,61,40,59,87,95,139,0.240331491712707
"500",150030089092,89.09,2,663,550,113,565,98,2,9,0,0,28,9,0,10,0,18,17,54,64,187,51,123,93,56,91,145,209,396,0.137254901960784
"501",150030089093,89.09,3,386,334,52,342,44,3,28,0,0,0,0,0,10,9,0,7,9,77,28,36,114,68,38,54,63,140,168,0.163212435233161
"502",150030089121,89.12,1,265,217,48,252,13,6,18,7,6,6,0,0,0,5,32,0,6,16,9,21,41,98,37,74,80,96,105,0.39622641509434
"503",150030089122,89.12,2,321,284,37,299,22,4,0,0,0,0,0,0,7,40,19,22,29,40,0,19,33,112,7,88,117,157,157,0.489096573208723
"504",150030089131,89.13,1,283,278,5,283,0,6,5,0,0,0,0,0,20,0,0,16,5,28,16,35,58,100,25,41,46,74,90,0.318021201413428
"505",150030089132,89.13,2,202,193,9,171,31,6,0,4,0,0,0,0,0,9,0,6,10,10,49,16,59,39,4,19,29,39,88,0.435643564356436
"506",150030089133,89.13,3,272,267,5,169,103,5,0,0,0,0,5,0,0,10,0,5,29,43,36,11,64,69,5,20,49,92,128,0.470588235294118
"507",150030089171,89.17,1,297,263,34,297,0,3,16,0,0,0,0,0,0,0,0,0,29,52,32,18,60,90,16,16,45,97,129,0.151515151515152
"508",150030089172,89.17,2,249,215,34,216,33,2,0,0,25,0,0,0,0,0,0,11,27,46,18,34,33,55,25,36,63,109,127,0.144578313253012
"509",150030089173,89.17,3,578,312,266,555,23,2,0,0,0,0,0,0,0,0,10,28,52,25,26,54,231,152,0,38,90,115,141,0.0657439446366782
"510",150030089174,89.17,4,371,251,120,247,124,2,9,0,10,0,9,0,0,0,9,84,31,66,38,0,46,69,28,121,152,218,256,0.326145552560647
"511",150030089175,89.17,5,295,235,60,222,73,3,0,0,0,0,0,0,0,10,7,32,19,30,55,12,38,92,0,49,68,98,153,0.230508474576271
"512",150030089181,89.18,1,346,318,28,335,11,3,10,0,0,0,0,10,0,0,0,9,21,28,20,10,77,161,20,29,50,78,98,0.144508670520231
"513",150030089182,89.18,2,500,437,63,415,85,3,28,0,0,8,0,0,0,27,0,0,22,91,118,44,47,115,36,63,85,176,294,0.17
"514",150030089183,89.18,3,278,244,34,241,37,3,0,0,0,9,0,0,11,0,0,8,16,49,49,37,58,41,20,28,44,93,142,0.158273381294964
"515",150030089184,89.18,4,451,282,169,398,53,2,17,0,0,12,0,0,52,11,11,44,17,78,56,73,19,61,81,147,164,242,298,0.325942350332594
"516",150030089185,89.18,5,250,178,72,217,33,3,0,0,8,0,0,9,0,0,29,0,19,51,42,12,61,19,17,46,65,116,158,0.26
"517",150030089211,89.21,1,350,304,46,308,42,4,9,9,0,19,6,0,0,0,5,13,30,13,65,4,36,141,43,61,91,104,169,0.297142857142857
"518",150030089212,89.21,2,233,212,21,218,15,5,6,0,0,0,0,0,0,0,5,5,4,42,40,12,75,44,6,16,20,62,102,0.437768240343348
"519",150030089261,89.26,1,786,545,241,525,261,2,5,0,19,39,0,7,0,5,67,0,173,134,87,45,118,87,70,142,315,449,536,0.180661577608142
"520",150030089281,89.28,1,521,489,32,446,75,3,8,0,0,0,0,9,0,7,31,6,15,0,93,86,153,113,17,61,76,76,169,0.145873320537428
"521",150030089282,89.28,2,744,656,88,622,122,3,12,23,8,25,6,35,10,0,19,0,8,0,52,95,127,324,119,138,146,146,198,0.196236559139785
"522",150030089291,89.29,1,304,271,33,239,65,3,16,0,0,0,0,0,20,0,0,26,0,0,41,126,19,56,36,62,62,62,103,0.203947368421053
"523",150030089292,89.29,2,612,472,140,491,121,3,0,0,38,0,0,0,13,0,31,16,92,85,70,51,44,172,51,98,190,275,345,0.310457516339869
"524",150030089293,89.29,3,381,314,67,341,40,3,0,0,0,0,0,29,0,18,20,0,29,42,17,79,75,72,29,67,96,138,155,0.251968503937008
"525",150030089294,89.29,4,267,249,18,189,78,3,0,0,0,0,0,0,58,0,0,10,18,28,16,48,39,50,58,68,86,114,130,0.322097378277154
"526",150030089295,89.29,5,593,366,227,262,331,2,22,0,16,65,0,17,0,0,52,53,18,201,128,21,0,0,120,225,243,444,572,0.379426644182125
"527",150030089301,89.3,1,328,282,46,297,31,3,0,0,0,0,0,0,6,11,0,6,11,38,36,44,75,101,6,23,34,72,108,0.103658536585366
"528",150030089302,89.3,2,527,451,76,450,77,3,6,0,23,0,0,0,0,0,0,15,24,57,58,27,165,152,29,44,68,125,183,0.129032258064516
"529",150030089311,89.31,1,0,0,0,0,0,NA,0,0,0,0,0,0,0,0,0,0,0,0,0,0,0,0,0,0,0,0,0,NA
"530",150030089312,89.31,2,386,354,32,325,61,4,21,0,0,0,0,0,0,0,0,0,0,22,17,26,123,177,21,21,21,43,60,0.11139896373057
"531",150030089313,89.31,3,391,374,17,377,14,4,0,0,5,0,0,13,0,0,0,5,16,24,20,11,92,205,18,23,39,63,83,0.161125319693095
"532",150030089321,89.32,1,237,191,46,205,32,3,7,0,5,0,0,15,0,34,0,9,11,16,17,33,31,59,27,70,81,97,114,0.341772151898734
"533",150030089322,89.32,2,530,497,33,501,29,3,5,0,6,6,0,0,0,0,0,28,19,82,20,80,136,148,17,45,64,146,166,0.120754716981132
"534",150030089331,89.33,1,808,723,85,754,54,3,0,0,9,26,20,0,68,0,0,10,88,95,77,52,124,239,123,133,221,316,393,0.273514851485149
"535",150030089332,89.33,2,357,339,18,308,49,3,10,0,0,0,0,21,0,0,19,9,22,18,66,29,90,73,31,59,81,99,165,0.226890756302521
"536",150030089341,89.34,1,436,420,16,357,79,3,0,0,0,0,0,0,0,0,0,0,86,10,56,64,121,99,0,0,86,96,152,0.197247706422018
"537",150030089342,89.34,2,429,419,10,387,42,3,0,0,0,0,0,0,0,0,10,0,8,20,13,44,202,132,0,10,18,38,51,0.041958041958042
"538",150030089343,89.34,3,235,204,31,175,60,3,0,0,0,6,0,0,0,0,0,0,0,35,58,23,40,73,6,6,6,41,99,0.025531914893617
"539",150030089351,89.35,1,305,297,8,140,165,4,9,0,0,0,0,0,0,0,0,22,14,78,19,10,82,71,9,31,45,123,142,0.40327868852459
"540",150030089352,89.35,2,897,732,165,545,352,3,12,13,0,11,28,45,15,74,178,59,32,73,56,85,122,94,124,435,467,540,596,0.520624303232999
"541",150030089361,89.36,1,354,341,13,308,46,3,0,0,0,0,0,0,4,10,0,27,50,41,63,64,80,15,4,41,91,132,195,0.257062146892655
"542",150030089362,89.36,2,425,322,103,357,68,3,0,0,12,16,13,0,31,0,0,5,107,40,30,9,127,35,72,77,184,224,254,0.432941176470588
"543",150030089371,89.37,1,512,480,32,190,322,4,0,0,8,8,0,0,9,32,0,27,41,121,117,0,117,32,25,84,125,246,363,0.48046875
"544",150030089381,89.38,1,303,220,83,7,296,3,41,29,0,17,0,0,32,0,17,0,49,34,61,23,0,0,119,136,185,219,280,0.610561056105611
"545",150030089382,89.38,2,394,350,44,262,132,6,17,0,0,0,0,0,30,6,12,18,56,51,36,17,43,108,47,83,139,190,226,0.573604060913706
"546",150030089391,89.39,1,0,0,0,0,0,NA,0,0,0,0,0,0,0,0,0,0,0,0,0,0,0,0,0,0,0,0,0,NA
"547",150030089392,89.39,2,530,386,144,363,167,3,21,8,8,0,0,7,0,59,20,27,37,115,58,44,82,44,44,150,187,302,360,0.352830188679245
"548",150030089393,89.39,3,406,259,147,297,109,2,0,0,4,8,30,33,0,0,0,7,56,48,65,66,39,50,75,82,138,186,251,0.201970443349754
"549",150030089401,89.4,1,568,415,153,477,91,3,5,0,0,9,17,15,25,15,0,78,72,86,119,0,42,85,71,164,236,322,441,0.415492957746479
"550",150030089402,89.4,2,284,254,30,284,0,3,5,0,0,0,0,7,0,0,0,8,23,68,40,57,42,34,12,20,43,111,151,0.151408450704225
"551",150030089411,89.41,1,702,607,95,525,177,3,37,8,0,0,0,11,7,7,0,56,44,42,102,74,107,207,63,126,170,212,314,0.242165242165242
"552",150030089421,89.42,1,455,411,44,297,158,4,16,0,12,10,9,10,10,34,32,0,17,64,61,37,38,105,67,133,150,214,275,0.47032967032967
"553",150030089422,89.42,2,277,214,63,77,200,3,0,0,9,0,0,28,31,9,15,44,56,59,14,0,12,0,68,136,192,251,265,0.693140794223827
"554",150030089431,89.43,1,403,358,45,353,50,3,11,6,0,0,0,0,0,0,6,0,16,24,11,61,81,187,17,23,39,63,74,0.0967741935483871
"555",150030089441,89.44,1,289,257,32,131,158,3,0,12,10,0,0,30,0,14,9,11,32,20,23,11,83,34,52,86,118,138,161,0.408304498269896
"556",150030089442,89.44,2,523,482,41,491,32,3,0,0,0,0,0,0,0,0,0,0,24,54,42,26,75,302,0,0,24,78,120,0.0458891013384321
"557",150030089443,89.44,3,523,416,107,280,243,2,60,0,0,13,0,19,11,14,23,0,10,93,132,56,57,35,103,140,150,243,375,0.267686424474187
"558",150030089451,89.45,1,610,504,106,320,290,3,20,0,0,0,10,29,84,9,0,37,56,129,6,104,62,64,143,189,245,374,380,0.401639344262295
"559",150030089461,89.46,1,470,377,93,363,107,2,60,0,0,0,0,10,83,0,0,15,8,70,47,55,34,88,153,168,176,246,293,0.357446808510638
"560",150030089462,89.46,2,346,270,76,223,123,2,0,0,11,8,10,28,0,9,34,38,0,39,25,20,45,79,57,138,138,177,202,0.398843930635838
"561",150030089463,89.46,3,381,248,133,365,16,3,10,0,7,0,8,0,0,7,8,0,41,47,78,58,44,73,25,40,81,128,206,0.21259842519685
"562",150030089471,89.47,1,606,462,144,422,184,2,12,0,0,14,10,14,17,42,22,23,87,87,102,27,61,88,67,154,241,328,430,0.254125412541254
"563",150030089481,89.48,1,481,375,106,311,170,2,25,30,0,8,12,9,9,0,7,18,31,41,43,44,69,135,93,118,149,190,233,0.245322245322245
"564",150030089482,89.48,2,223,195,28,185,38,3,13,0,0,0,8,0,0,0,0,20,9,29,36,31,10,67,21,41,50,79,115,0.224215246636771
"565",150030089483,89.48,3,433,268,165,339,94,2,0,0,0,27,0,0,11,0,0,77,61,91,50,10,47,59,38,115,176,267,317,0.265588914549654
"566",150030089491,89.49,1,692,617,75,573,119,3,54,0,0,17,0,5,0,0,34,0,12,102,84,65,172,147,76,110,122,224,308,0.176300578034682
"567",150030089501,89.5,1,485,455,30,448,37,3,0,7,0,0,0,0,0,7,7,0,14,30,152,72,81,115,7,21,35,65,217,0.0721649484536082
"568",150030089511,89.51,1,271,251,20,263,8,4,0,7,7,0,0,0,0,0,0,6,21,61,0,35,55,79,14,20,41,102,102,0.376383763837638
"569",150030089512,89.51,2,298,281,17,287,11,3,0,0,0,0,0,0,0,0,0,8,23,30,60,121,10,46,0,8,31,61,121,0.104026845637584
"570",150030089521,89.52,1,712,544,168,383,329,2,0,16,15,0,0,0,27,0,0,69,0,170,163,42,113,97,58,127,127,297,460,0.178370786516854
"571",150030089522,89.52,2,581,550,31,464,117,3,13,25,0,0,15,0,50,0,0,0,31,52,26,65,137,167,103,103,134,186,212,0.230636833046472
"572",150030089523,89.52,3,1026,691,335,673,353,2,39,13,0,0,0,0,17,27,27,25,126,140,221,128,143,120,69,148,274,414,635,0.144249512670565
"573",150030090001,90,1,388,365,23,0,388,3,7,0,4,3,0,13,59,18,27,18,27,77,71,24,37,3,86,149,176,253,324,0.45360824742268
"574",150030090002,90,2,396,316,80,0,396,2,0,3,0,3,10,3,27,21,22,14,21,106,57,47,57,5,46,103,124,230,287,0.26010101010101
"575",150030091001,91,1,202,190,12,181,21,4,0,0,0,0,0,7,0,0,6,0,14,24,35,29,54,33,7,13,27,51,86,0.252475247524752
"576",150030091002,91,2,616,491,125,358,258,3,17,6,17,6,4,5,14,38,47,29,72,172,120,23,16,30,69,183,255,427,547,0.413961038961039
"577",150030091003,91,3,291,250,41,206,85,5,22,5,0,0,0,13,0,0,9,24,35,11,74,0,44,54,40,73,108,119,193,0.663230240549828
"578",150030092011,92.01,1,248,217,31,217,31,3,0,0,0,22,0,0,18,0,0,0,14,42,0,9,107,36,40,40,54,96,96,0.217741935483871
"579",150030092012,92.01,2,568,412,156,327,241,2,30,0,19,0,22,106,0,0,39,10,29,102,39,12,10,150,177,226,255,357,396,0.397887323943662
"580",150030092013,92.01,3,221,156,65,180,41,3,0,11,0,0,0,0,18,15,0,21,27,0,40,0,67,22,29,65,92,92,132,0.416289592760181
"581",150030092021,92.02,1,256,162,94,160,96,2,0,0,0,5,0,0,0,0,0,12,54,48,71,23,0,43,5,17,71,119,190,0.06640625
"582",150030092022,92.02,2,587,500,87,449,138,4,12,15,0,5,0,0,0,0,18,27,78,33,75,163,88,73,32,77,155,188,263,0.320272572402044
"583",150030092031,92.03,1,788,698,90,473,315,3,27,7,6,0,0,6,136,22,0,7,68,256,36,73,66,78,182,211,279,535,571,0.354060913705584
"584",150030093011,93.01,1,483,322,161,59,424,3,41,6,7,51,17,51,33,0,24,120,22,2,33,27,0,49,206,350,372,374,407,0.770186335403727
"585",150030093021,93.02,1,439,309,130,284,155,3,0,15,34,0,0,0,0,7,0,58,42,56,74,14,31,108,49,114,156,212,286,0.355353075170843
"586",150030093022,93.02,2,243,88,155,71,172,2,107,9,8,31,0,0,0,0,0,0,19,0,5,0,19,45,155,155,174,174,179,0.637860082304527
"587",150030093023,93.02,3,463,377,86,343,120,3,37,0,30,19,19,0,0,0,14,0,16,14,0,125,82,107,105,119,135,149,149,0.291576673866091
"588",150030094011,94.01,1,495,312,183,289,206,3,40,24,20,11,9,7,0,21,39,6,5,91,59,38,49,76,111,177,182,273,332,0.367676767676768
"589",150030094021,94.02,1,410,350,60,100,310,3,28,20,16,49,6,8,23,8,0,25,33,78,14,22,0,80,150,183,216,294,308,0.526829268292683
"590",150030094022,94.02,2,389,225,164,183,206,3,37,38,39,31,11,11,8,9,0,8,35,21,67,10,42,22,175,192,227,248,315,0.583547557840617
"591",150030094023,94.02,3,383,232,151,37,346,2,47,28,21,9,16,37,8,14,13,9,50,66,8,57,0,0,166,202,252,318,326,0.527415143603133
"592",150030095071,95.07,1,317,258,59,0,317,2,12,5,0,8,2,8,8,55,27,16,77,81,18,0,0,0,43,141,218,299,317,0.444794952681388
"593",150030095072,95.07,2,0,0,0,0,0,NA,0,0,0,0,0,0,0,0,0,0,0,0,0,0,0,0,0,0,0,0,0,NA
"594",150030095081,95.08,1,638,423,215,0,638,2,0,0,0,12,9,63,0,78,23,50,127,86,29,25,0,136,84,235,362,448,477,0.36833855799373
"595",150030095091,95.09,1,403,328,75,0,403,3,0,0,0,0,62,19,10,27,6,0,102,66,19,41,51,0,91,124,226,292,311,0.560794044665012
"596",150030095092,95.09,2,502,495,7,0,502,4,0,0,9,6,14,0,23,0,39,11,98,139,61,49,35,18,52,102,200,339,400,0.675298804780876
"597",150030095101,95.1,1,279,212,67,0,279,3,0,0,0,0,0,14,0,15,0,0,13,58,107,72,0,0,14,29,42,100,207,0.150537634408602
"598",150030095102,95.1,2,131,131,0,0,131,3,0,0,8,0,0,0,0,0,14,16,0,11,71,0,11,0,8,38,38,49,120,0.290076335877863
"599",150030095111,95.11,1,550,495,55,9,541,3,9,14,0,0,23,35,0,25,26,35,115,189,20,59,0,0,81,167,282,471,491,0.512727272727273
"600",150030095112,95.11,2,464,441,23,0,464,3,0,23,0,0,0,13,20,28,56,36,73,76,63,38,29,9,56,176,249,325,388,0.536637931034483
"601",150030095121,95.12,1,395,308,87,0,395,3,13,0,0,0,4,16,0,6,22,12,132,67,9,35,38,41,33,73,205,272,281,0.518987341772152
"602",150030095122,95.12,2,0,0,0,0,0,NA,0,0,0,0,0,0,0,0,0,0,0,0,0,0,0,0,0,0,0,0,0,NA
"603",150030095123,95.12,3,204,204,0,0,204,3,0,0,0,4,21,7,0,0,39,56,7,25,10,13,3,19,32,127,134,159,169,0.656862745098039
"604",150030096081,96.08,1,344,302,42,177,167,3,61,0,0,0,0,0,8,7,17,45,26,116,17,8,0,39,69,138,164,280,297,0.476744186046512
"605",150030096082,96.08,2,267,176,91,150,117,3,43,0,24,24,0,39,0,0,27,2,0,25,9,46,7,21,130,159,159,184,193,0.595505617977528
"606",150030096083,96.08,3,352,334,18,159,193,5,5,1,3,128,0,0,0,2,2,14,18,27,9,16,35,92,137,155,173,200,209,0.59375
"607",150030096084,96.08,4,348,323,25,247,101,4,7,3,3,9,2,2,8,6,7,21,34,60,84,30,34,38,34,68,102,162,246,0.46551724137931
"608",150030096091,96.09,1,687,636,51,598,89,4,0,0,10,0,69,0,0,0,107,0,56,39,129,58,77,142,79,186,242,281,410,0.409024745269287
"609",150030096092,96.09,2,183,183,0,183,0,4,10,0,0,0,0,0,0,0,0,9,10,15,59,38,19,23,10,19,29,44,103,0.240437158469945
"610",150030096093,96.09,3,529,502,27,432,97,4,70,0,0,0,0,0,0,11,0,32,35,115,89,102,61,14,70,113,148,263,352,0.497164461247637
"611",150030096101,96.1,1,222,186,36,101,121,5,0,0,0,76,0,21,0,12,0,21,9,16,37,0,9,21,97,130,139,155,192,0.864864864864865
"612",150030096102,96.1,2,525,454,71,454,71,4,42,0,0,9,0,0,0,7,10,51,0,20,113,82,123,68,51,119,119,139,252,0.264761904761905
"613",150030096103,96.1,3,180,163,17,92,88,2,0,0,0,0,0,9,0,0,0,47,10,9,0,86,10,9,9,56,66,75,75,0.311111111111111
"614",150030096104,96.1,4,258,242,16,106,152,3,0,0,34,0,0,45,0,16,0,0,0,0,65,57,19,22,79,95,95,95,160,0.368217054263566
"615",150030096105,96.1,5,509,381,128,262,247,4,0,0,22,30,0,0,0,94,0,7,85,45,49,0,177,0,52,153,238,283,332,0.555992141453831
"616",150030097041,97.04,1,372,355,17,258,114,4,34,16,11,15,0,33,18,6,0,18,15,58,27,29,0,92,127,151,166,224,251,0.602150537634409
"617",150030097042,97.04,2,322,255,67,307,15,4,8,2,5,9,7,6,2,25,13,5,30,58,15,18,60,59,39,82,112,170,185,0.527950310559006
"618",150030097051,97.05,1,294,275,19,294,0,2,0,0,0,0,0,0,10,8,0,16,21,31,61,116,8,23,10,34,55,86,147,0.115646258503401
"619",150030097052,97.05,2,290,230,60,195,95,3,0,7,0,0,0,9,0,0,0,51,43,33,65,42,6,34,16,67,110,143,208,0.379310344827586
"620",150030097053,97.05,3,381,293,88,144,237,3,10,75,21,7,7,23,43,6,42,15,0,28,18,32,19,35,186,249,249,277,295,0.653543307086614
"621",150030097061,97.06,1,220,189,31,204,16,5,13,3,0,2,8,0,3,11,7,37,10,40,21,7,19,39,29,84,94,134,155,0.704545454545455
"622",150030097062,97.06,2,230,209,21,131,99,4,0,0,12,6,11,0,0,0,11,0,6,74,15,73,9,13,29,40,46,120,135,0.521739130434783
"623",150030097063,97.06,3,313,285,28,306,7,5,14,0,4,3,0,9,2,3,9,18,5,73,34,41,51,47,32,62,67,140,174,0.55591054313099
"624",150030097071,97.07,1,553,443,110,211,342,3,26,74,54,34,0,64,0,4,11,37,58,120,40,7,0,24,252,304,362,482,522,0.654611211573237
"625",150030097072,97.07,2,503,255,248,104,399,2,110,53,0,22,10,31,0,55,0,71,5,64,26,14,0,42,226,352,357,421,447,0.699801192842942
"626",150030097073,97.07,3,622,450,172,279,343,3,44,46,0,54,115,4,34,0,0,21,35,61,5,29,120,54,297,318,353,414,419,0.567524115755627
"627",150030097074,97.07,4,234,210,24,192,42,5,0,0,0,0,9,8,0,8,1,8,26,34,73,40,0,27,17,34,60,94,167,0.713675213675214
"628",150030098011,98.01,1,202,133,69,181,21,3,4,4,0,0,0,9,1,10,0,9,2,48,14,1,38,62,18,37,39,87,101,0.193069306930693
"629",150030098012,98.01,2,925,534,391,411,514,2,117,117,15,87,20,30,11,21,54,30,56,156,121,39,18,33,397,502,558,714,835,0.542702702702703
"630",150030098031,98.03,1,238,238,0,77,161,6,12,0,0,0,0,29,0,7,0,28,74,7,28,27,0,26,41,76,150,157,185,0.777310924369748
"631",150030098032,98.03,2,303,176,127,69,234,3,12,12,0,0,0,0,0,0,25,0,24,28,43,97,49,13,24,49,73,101,144,0.240924092409241
"632",150030098033,98.03,3,321,192,129,149,172,4,0,0,14,0,0,129,21,14,36,0,28,26,14,27,12,0,164,214,242,268,282,0.834890965732087
"633",150030098041,98.04,1,217,198,19,178,39,3,0,10,0,0,0,0,29,5,0,5,10,113,17,1,27,0,39,49,59,172,189,0.271889400921659
"634",150030098042,98.04,2,365,218,147,63,302,4,142,32,29,0,0,0,15,0,0,17,20,24,47,14,13,12,218,235,255,279,326,0.764383561643836
"635",150030098043,98.04,3,266,193,73,183,83,4,7,0,0,16,10,12,17,0,4,0,23,46,46,21,17,47,62,66,89,135,181,0.507518796992481
"636",150030099021,99.02,1,220,93,127,78,142,2,50,25,0,0,0,45,0,0,0,0,56,10,0,15,10,9,120,120,176,186,186,0.545454545454545
"637",150030099022,99.02,2,443,351,92,269,174,3,26,8,24,51,0,0,0,8,0,0,46,111,42,62,31,34,109,117,163,274,316,0.367945823927765
"638",150030099023,99.02,3,311,295,16,211,100,4,0,0,8,0,0,0,0,8,37,17,9,67,40,46,17,62,8,70,79,146,186,0.469453376205788
"639",150030099024,99.02,4,174,157,17,122,52,4,14,0,0,0,0,0,0,0,0,0,17,38,27,9,25,44,14,14,31,69,96,0.396551724137931
"640",150030099051,99.05,1,270,210,60,112,158,3,8,16,14,0,26,0,0,36,0,19,20,36,46,0,26,23,64,119,139,175,221,0.514814814814815
"641",150030099052,99.05,2,283,203,80,180,103,3,31,30,4,0,14,15,16,0,0,0,0,37,31,22,57,26,110,110,110,147,178,0.3886925795053
"642",150030099053,99.05,3,448,380,68,309,139,3,0,0,9,59,16,0,7,0,13,37,31,31,83,68,21,73,91,141,172,203,286,0.383928571428571
"643",150030099061,99.06,1,596,330,266,303,293,2,9,15,17,51,3,16,20,17,13,24,91,42,52,62,36,128,131,185,276,318,370,0.310402684563758
"644",150030099062,99.06,2,179,123,56,118,61,3,23,11,0,0,3,0,0,0,12,15,14,20,10,7,40,24,37,64,78,98,108,0.435754189944134
"645",150030099063,99.06,3,11,0,11,0,11,NA,0,0,0,0,0,0,0,0,0,11,0,0,0,0,0,0,0,11,11,11,11,NA
"646",150030100001,100,1,422,282,140,230,192,2,0,0,12,0,0,0,0,0,47,10,66,20,43,25,18,181,12,69,135,155,198,0.163507109004739
"647",150030100002,100,2,359,260,99,31,328,2,27,0,14,1,0,52,41,11,14,19,27,92,25,19,10,7,135,179,206,298,323,0.498607242339833
"648",150030100003,100,3,877,667,210,0,877,3,0,0,0,0,23,7,40,23,0,42,118,335,104,54,57,74,70,135,253,588,692,0.2884834663626
"649",150030101011,101.01,1,377,287,90,170,207,3,0,0,0,14,0,0,0,4,30,34,36,92,75,13,13,66,14,82,118,210,285,0.312997347480106
"650",150030101012,101.01,2,466,356,110,168,298,3,41,0,39,7,0,0,13,0,0,23,24,113,77,42,55,32,100,123,147,260,337,0.315450643776824
"651",150030101021,101.02,1,588,502,86,459,129,3,12,0,101,5,12,6,13,0,0,0,44,70,32,73,40,180,149,149,193,263,295,0.328231292517007
"652",150030101022,101.02,2,220,203,17,124,96,4,0,6,0,0,0,0,0,0,33,0,23,49,6,47,21,35,6,39,62,111,117,0.504545454545455
"653",150030101031,101.03,1,179,94,85,139,40,2,14,1,2,6,0,5,2,4,6,8,38,25,16,8,29,15,30,48,86,111,127,0.268156424581006
"654",150030101032,101.03,2,608,480,128,353,255,4,58,13,33,0,5,9,16,9,11,47,128,58,55,42,60,64,134,201,329,387,442,0.636513157894737
"655",150030102021,102.02,1,240,220,20,123,117,4,15,0,0,8,5,5,0,0,0,15,25,15,32,30,76,14,33,48,73,88,120,0.366666666666667
"656",150030102022,102.02,2,188,143,45,89,99,4,0,0,0,6,0,18,0,0,19,11,30,52,4,28,13,7,24,54,84,136,140,0.723404255319149
"657",150030102023,102.02,3,494,425,69,221,273,5,14,13,0,0,0,0,0,0,34,79,7,9,88,97,69,84,27,140,147,156,244,0.493927125506073
"658",150030102024,102.02,4,336,309,27,130,206,4,9,13,15,0,0,0,16,0,0,43,32,60,35,24,27,62,53,96,128,188,223,0.55952380952381
"659",150030102031,102.03,1,318,204,114,164,154,3,6,40,17,3,0,7,0,11,0,3,42,46,10,15,50,68,73,87,129,175,185,0.405660377358491
"660",150030102041,102.04,1,193,152,41,122,71,3,0,0,0,0,0,0,0,0,0,11,5,0,54,81,26,16,0,11,16,16,70,0.0829015544041451
"661",150030102042,102.04,2,437,365,72,201,236,4,14,20,0,0,31,0,13,23,5,44,19,71,69,12,58,58,78,150,169,240,309,0.549199084668192
"662",150030102051,102.05,1,556,433,123,395,161,3,24,0,11,9,35,2,26,14,26,33,35,40,36,104,58,103,107,180,215,255,291,0.386690647482014
"663",150030103031,103.03,1,425,355,70,248,177,3,0,43,0,10,0,0,0,0,10,0,44,73,20,86,21,118,53,63,107,180,200,0.251764705882353
"664",150030103032,103.03,2,680,587,93,500,180,4,0,0,0,0,0,12,53,5,12,27,19,62,91,123,95,181,65,109,128,190,281,0.279411764705882
"665",150030103033,103.03,3,311,171,140,200,111,3,33,3,2,21,3,15,3,0,0,0,70,41,20,42,5,53,80,80,150,191,211,0.482315112540193
"666",150030103051,103.05,1,593,573,20,525,68,3,12,0,0,0,0,0,0,0,0,20,82,84,66,52,95,182,12,32,114,198,264,0.192242833052277
"667",150030103052,103.05,2,345,308,37,184,161,3,11,28,10,0,5,50,13,0,25,13,34,57,0,33,30,36,117,155,189,246,246,0.547826086956522
"668",150030103053,103.05,3,714,582,132,509,205,3,0,10,0,0,14,34,18,29,0,12,67,123,64,94,121,128,76,117,184,307,371,0.257703081232493
"669",150030103081,103.08,1,557,484,73,451,106,3,64,18,0,10,0,0,0,33,9,7,17,39,44,50,119,147,92,141,158,197,241,0.283662477558348
"670",150030103082,103.08,2,608,561,47,587,21,3,0,9,0,0,0,0,0,7,0,32,51,21,52,37,149,250,9,48,99,120,172,0.162828947368421
"671",150030103083,103.08,3,0,0,0,0,0,NA,0,0,0,0,0,0,0,0,0,0,0,0,0,0,0,0,0,0,0,0,0,NA
"672",150030103091,103.09,1,429,385,44,391,38,3,0,15,0,0,0,0,0,0,0,0,16,10,42,101,37,208,15,15,31,41,83,0.0722610722610723
"673",150030103092,103.09,2,714,611,103,589,125,3,22,13,0,37,16,31,9,10,0,31,45,81,41,15,131,232,128,169,214,295,336,0.299719887955182
"674",150030103093,103.09,3,292,250,42,267,25,3,0,10,0,0,0,6,5,0,0,0,9,8,44,21,49,140,21,21,30,38,82,0.102739726027397
"675",150030103101,103.1,1,605,515,90,474,131,3,13,0,5,0,0,0,0,0,19,5,44,31,24,117,217,130,18,42,86,117,141,0.142148760330579
"676",150030103102,103.1,2,307,147,160,232,75,2,6,0,0,0,0,0,22,0,0,6,20,84,51,79,39,0,28,34,54,138,189,0.110749185667752
"677",150030105031,105.03,1,0,0,0,0,0,NA,0,0,0,0,0,0,0,0,0,0,0,0,0,0,0,0,0,0,0,0,0,NA
"678",150030105032,105.03,2,543,472,71,357,186,4,7,18,12,5,13,26,0,6,0,6,70,65,67,59,27,162,81,93,163,228,295,0.419889502762431
"679",150030105051,105.05,1,298,265,33,280,18,4,0,0,0,0,0,0,10,8,0,25,10,9,35,25,30,146,10,43,53,62,97,0.208053691275168
"680",150030105052,105.05,2,450,387,63,411,39,3,15,10,0,26,0,0,0,0,21,22,8,60,43,39,48,158,51,94,102,162,205,0.226666666666667
"681",150030105053,105.05,3,286,257,29,269,17,3,34,0,0,6,0,0,0,8,0,7,8,33,30,8,8,144,40,55,63,96,126,0.22027972027972
"682",150030105071,105.07,1,748,543,205,398,350,3,34,48,12,44,0,18,23,13,48,12,48,104,73,164,35,72,179,252,300,404,477,0.401069518716578
"683",150030105072,105.07,2,278,236,42,66,212,5,0,46,0,0,0,19,43,23,13,0,31,28,29,0,34,12,108,144,175,203,232,0.834532374100719
"684",150030105073,105.07,3,322,231,91,256,66,3,0,0,0,0,0,0,0,0,46,0,25,56,61,16,86,32,0,46,71,127,188,0.220496894409938
"685",150030105074,105.07,4,387,377,10,387,0,3,0,0,0,0,0,0,0,0,21,16,21,13,40,45,115,116,0,37,58,71,111,0.149870801033592
"686",150030105081,105.08,1,214,193,21,152,62,4,9,0,0,0,0,17,0,0,0,13,17,18,0,27,25,88,26,39,56,74,74,0.345794392523364
"687",150030105082,105.08,2,780,498,282,518,262,2,24,32,0,31,0,9,0,28,42,48,53,96,42,63,94,218,96,214,267,363,405,0.274358974358974
"688",150030105091,105.09,1,280,193,87,126,154,2,34,0,0,36,10,27,0,0,0,43,0,30,15,8,77,0,107,150,150,180,195,0.535714285714286
"689",150030105092,105.09,2,232,167,65,180,52,3,21,16,0,0,9,0,0,0,13,21,9,19,16,17,22,69,46,80,89,108,124,0.383620689655172
"690",150030105101,105.1,1,645,471,174,513,132,3,0,11,10,0,99,6,0,0,19,0,14,75,89,58,115,149,126,145,159,234,323,0.246511627906977
"691",150030105102,105.1,2,372,372,0,335,37,3,16,0,11,0,0,0,0,16,11,15,48,80,32,23,45,75,27,69,117,197,229,0.314516129032258
"692",150030106011,106.01,1,321,261,60,285,36,3,0,0,0,0,0,0,0,0,0,0,19,45,73,8,88,88,0,0,19,64,137,0.059190031152648
"693",150030106012,106.01,2,434,300,134,181,253,2,34,19,0,57,0,0,0,11,44,10,11,16,20,61,51,100,110,175,186,202,222,0.403225806451613
"694",150030106013,106.01,3,311,256,55,271,40,4,0,0,0,19,0,0,0,0,11,30,0,66,47,10,18,110,19,60,60,126,173,0.405144694533762
"695",150030106021,106.02,1,506,414,92,445,61,3,27,0,9,10,8,0,0,0,0,27,0,39,121,64,103,98,54,81,81,120,241,0.160079051383399
"696",150030106022,106.02,2,740,614,126,541,199,3,0,0,0,0,0,20,33,49,16,54,11,24,150,60,135,188,53,172,183,207,357,0.247297297297297
"697",150030106023,106.02,3,577,497,80,531,46,3,10,9,0,0,0,0,48,0,0,9,6,43,103,31,104,214,67,76,82,125,228,0.1421143847487
"698",150030107011,107.01,1,559,425,134,424,135,2,30,0,9,8,9,8,48,21,4,0,37,36,70,34,62,183,112,137,174,210,280,0.245080500894454
"699",150030107012,107.01,2,325,253,72,265,60,2,0,0,0,10,0,0,0,0,0,8,0,71,32,15,91,98,10,18,18,89,121,0.0553846153846154
"700",150030107013,107.01,3,471,386,85,382,89,3,9,0,0,0,9,0,0,5,11,0,52,62,44,18,72,189,18,34,86,148,192,0.182590233545648
"701",150030107021,107.02,1,493,288,205,324,169,2,10,0,29,10,0,11,19,0,22,11,24,94,74,29,121,39,79,112,136,230,304,0.227180527383367
"702",150030107022,107.02,2,361,286,75,326,35,3,0,0,10,8,0,10,0,38,0,8,32,50,58,37,29,81,28,74,106,156,214,0.293628808864266
"703",150030107023,107.02,3,381,304,77,317,64,4,9,10,0,0,0,0,0,9,9,32,36,71,29,10,116,50,19,69,105,176,205,0.461942257217848
"704",150030109011,109.01,1,236,207,29,227,9,3,0,0,12,0,8,0,0,0,0,0,8,28,19,25,44,92,20,20,28,56,75,0.11864406779661
"705",150030109012,109.01,2,669,560,109,509,160,4,12,0,0,10,26,24,0,0,6,39,12,32,19,80,137,272,72,117,129,161,180,0.240657698056801
"706",150030109031,109.03,1,872,725,147,583,289,3,30,0,19,21,32,0,9,0,2,0,77,110,67,134,96,275,111,113,190,300,367,0.217889908256881
"707",150030109032,109.03,2,220,118,102,36,184,2,4,0,33,0,0,9,11,9,0,19,39,0,72,0,0,24,57,85,124,124,196,0.386363636363636
"708",150030109033,109.03,3,391,364,27,192,199,3,0,0,0,0,0,0,22,11,16,18,49,19,47,89,33,87,22,67,116,135,182,0.296675191815857
"709",150030109041,109.04,1,203,197,6,151,52,4,0,0,12,0,0,13,0,0,0,10,9,30,15,41,19,54,25,35,44,74,89,0.364532019704433
"710",150030109042,109.04,2,279,246,33,263,16,3,0,0,0,5,5,0,0,5,0,31,43,50,0,17,13,110,10,46,89,139,139,0.318996415770609
"711",150030109043,109.04,3,375,375,0,267,108,5,0,0,0,13,11,0,0,0,0,0,0,0,52,21,34,244,24,24,24,24,76,0.202666666666667
"712",150030109044,109.04,4,266,156,110,179,87,3,75,0,0,0,0,17,20,0,0,15,0,18,60,32,0,29,112,127,127,145,205,0.477443609022556
"713",150030109051,109.05,1,418,207,211,222,196,2,10,13,30,0,17,4,3,21,30,13,19,53,60,17,87,41,77,141,160,213,273,0.337320574162679
"714",150030109052,109.05,2,511,360,151,413,98,3,25,0,0,6,4,23,0,0,3,21,26,103,57,43,65,135,58,82,108,211,268,0.211350293542074
"715",150030110001,110,1,700,626,74,634,66,3,5,0,0,2,5,11,0,17,8,22,48,52,42,42,120,326,23,70,118,170,212,0.168571428571429
"716",150030110002,110,2,517,428,89,382,135,3,7,7,0,2,0,0,8,0,34,0,7,51,143,18,68,172,24,58,65,116,259,0.125725338491296
"717",150030111031,111.03,1,961,824,137,855,106,3,9,0,16,9,0,0,0,25,3,15,25,90,89,112,262,306,34,77,102,192,281,0.106139438085328
"718",150030111032,111.03,2,311,239,72,247,64,2,0,0,0,0,0,0,13,0,12,0,13,50,101,37,34,51,13,25,38,88,189,0.0803858520900322
"719",150030111041,111.04,1,539,489,50,518,21,3,0,0,25,0,5,0,8,9,0,0,9,8,124,38,117,196,38,47,56,64,188,0.103896103896104
"720",150030111042,111.04,2,307,186,121,208,99,3,0,15,0,0,0,0,0,3,0,7,11,64,20,17,19,151,15,25,36,100,120,0.117263843648208
"721",150030111043,111.04,3,474,366,108,371,103,3,19,24,0,8,8,0,16,9,10,0,0,32,32,52,104,160,75,94,94,126,158,0.19831223628692
"722",150030111044,111.04,4,331,266,65,320,11,3,24,0,0,0,0,0,0,0,31,15,13,24,9,23,92,100,24,70,83,107,116,0.250755287009063
"723",150030111051,111.05,1,307,263,44,241,66,3,0,0,0,0,10,0,9,15,0,0,21,37,17,16,91,91,19,34,55,92,109,0.179153094462541
"724",150030111052,111.05,2,766,605,161,483,283,2,14,5,8,0,24,12,12,0,10,44,18,95,62,214,75,173,75,129,147,242,304,0.168407310704961
"725",150030111053,111.05,3,358,197,161,126,232,2,14,0,8,6,0,3,18,0,29,0,0,64,51,17,43,105,49,78,78,142,193,0.217877094972067
"726",150030111061,111.06,1,422,410,12,382,40,4,10,4,19,15,0,8,0,0,0,18,8,15,65,41,64,155,56,74,82,97,162,0.229857819905213
"727",150030111062,111.06,2,369,246,123,353,16,3,0,0,6,16,0,0,9,15,0,90,14,9,23,33,19,135,31,136,150,159,182,0.40650406504065
"728",150030111063,111.06,3,444,427,17,387,57,3,8,0,0,0,0,21,0,0,0,17,0,17,63,22,126,170,29,46,46,63,126,0.103603603603604
"729",150030111064,111.06,4,334,302,32,197,137,3,0,8,0,0,0,0,16,0,0,8,0,138,59,23,51,31,24,32,32,170,229,0.0958083832335329
"730",150030111065,111.06,5,325,253,72,254,71,3,14,30,0,0,0,0,0,0,0,0,0,19,10,9,109,134,44,44,44,63,73,0.135384615384615
"731",150030112011,112.01,1,464,401,63,318,146,3,0,0,0,0,10,9,0,10,0,20,17,34,83,9,70,202,19,49,66,100,183,0.142241379310345
"732",150030112012,112.01,2,294,208,86,284,10,2,0,0,0,0,11,0,26,50,0,10,0,9,9,9,25,145,37,97,97,106,115,0.329931972789116
"733",150030112013,112.01,3,300,274,26,146,154,3,0,9,0,7,0,9,0,0,0,0,22,0,9,9,23,212,25,25,47,47,56,0.156666666666667
"734",150030112014,112.01,4,336,257,79,255,81,3,0,0,0,0,0,0,0,0,0,0,138,15,28,16,35,104,0,0,138,153,181,0.410714285714286
"735",150030112015,112.01,5,325,267,58,298,27,3,19,0,0,12,0,0,0,11,0,0,67,7,30,36,28,115,31,42,109,116,146,0.335384615384615
"736",150030112021,112.02,1,315,250,65,226,89,3,6,5,0,0,0,0,0,7,6,38,6,21,5,28,67,126,11,62,68,89,94,0.215873015873016
"737",150030112022,112.02,2,413,296,117,274,139,2,22,0,0,15,21,0,0,17,0,22,35,96,12,0,22,151,58,97,132,228,240,0.234866828087167
"738",150030113001,113,1,202,120,82,136,66,4,0,0,0,21,0,0,30,0,0,0,10,9,53,0,8,71,51,51,61,70,123,0.346534653465347
"739",150030113002,113,2,425,328,97,339,86,3,21,0,0,0,32,13,11,52,8,3,35,14,20,12,51,153,77,140,175,189,209,0.411764705882353
"740",150030113003,113,3,692,639,53,505,187,5,26,9,27,12,9,0,26,35,34,0,21,104,48,58,120,163,109,178,199,303,351,0.507225433526012
"741",150030114011,114.01,1,212,117,95,0,212,2,7,0,0,0,0,7,8,6,0,71,50,43,0,12,0,8,22,99,149,192,192,0.466981132075472
"742",150030114012,114.01,2,597,492,105,0,597,2,35,7,0,0,0,37,6,66,22,4,33,82,107,83,72,43,85,177,210,292,399,0.296482412060302
"743",150030115001,115,1,633,573,60,463,170,3,3,27,0,21,0,38,3,15,8,21,52,141,37,99,81,87,92,136,188,329,366,0.296998420221169
"744",150030115002,115,2,468,384,84,400,68,3,19,0,0,0,5,6,16,0,20,26,27,54,120,75,22,78,46,92,119,173,293,0.254273504273504
"745",150030115003,115,3,636,560,76,548,88,4,9,5,6,5,4,2,0,14,2,10,38,40,36,80,199,186,31,57,95,135,171,0.212264150943396
"746",150030115004,115,4,1487,1285,202,1258,229,3,16,56,0,0,20,0,16,0,0,79,68,209,143,188,150,542,108,187,255,464,607,0.171486213853396
"747",150030115005,115,5,530,268,262,0,530,2,0,32,18,20,0,0,16,19,0,9,0,124,189,19,0,84,86,114,114,238,427,0.215094339622642
"748",150030116001,116,1,279,182,97,235,44,3,5,0,21,0,0,12,0,0,0,7,8,35,20,0,27,144,38,45,53,88,108,0.189964157706093
"749",150030116002,116,2,452,403,49,386,66,3,3,0,2,0,2,8,6,8,3,14,5,27,104,40,43,187,21,46,51,78,182,0.11283185840708
"750",150039400031,9400.03,1,652,561,91,556,96,4,18,0,0,7,14,0,16,30,34,15,70,82,76,53,90,147,55,134,204,286,362,0.438650306748466
"751",150039400041,9400.04,1,534,460,74,438,96,4,17,10,15,19,22,7,19,16,10,16,32,45,32,46,101,127,109,151,183,228,260,0.426966292134831
"752",150039400051,9400.05,1,575,549,26,561,14,4,28,0,0,0,0,7,5,6,22,21,34,89,52,45,128,138,40,89,123,212,264,0.368695652173913
"753",150039400061,9400.06,1,617,573,44,507,110,4,35,18,7,15,20,53,14,7,36,31,71,71,48,42,74,75,162,236,307,378,426,0.612641815235008
"754",150039400071,9400.07,1,495,393,102,168,327,4,53,11,0,58,5,9,29,8,9,61,33,92,28,59,40,0,165,243,276,368,396,0.743434343434343
"755",150039800001,9800,1,0,0,0,0,0,NA,0,0,0,0,0,0,0,0,0,0,0,0,0,0,0,0,0,0,0,0,0,NA
"756",150039802001,9802,1,0,0,0,0,0,NA,0,0,0,0,0,0,0,0,0,0,0,0,0,0,0,0,0,0,0,0,0,NA
"757",150039803001,9803,1,0,0,0,0,0,NA,0,0,0,0,0,0,0,0,0,0,0,0,0,0,0,0,0,0,0,0,0,NA
"758",150039806001,9806,1,20,20,0,0,20,5,0,0,0,0,0,0,0,0,20,0,0,0,0,0,0,0,0,20,20,20,20,1
"759",150039807001,9807,1,0,0,0,0,0,NA,0,0,0,0,0,0,0,0,0,0,0,0,0,0,0,0,0,0,0,0,0,NA
"760",150039808001,9808,1,0,0,0,0,0,NA,0,0,0,0,0,0,0,0,0,0,0,0,0,0,0,0,0,0,0,0,0,NA
"761",150039810001,9810,1,0,0,0,0,0,NA,0,0,0,0,0,0,0,0,0,0,0,0,0,0,0,0,0,0,0,0,0,NA
"762",150039811001,9811,1,3,3,0,0,3,2,0,0,0,0,0,0,0,0,0,0,0,0,0,0,0,3,0,0,0,0,0,0
"763",150039812001,9812,1,0,0,0,0,0,NA,0,0,0,0,0,0,0,0,0,0,0,0,0,0,0,0,0,0,0,0,0,NA
"764",150039813001,9813,1,46,46,0,0,46,4,0,0,0,0,0,0,5,0,0,0,13,28,0,0,0,0,5,5,18,46,46,1
"765",150039814001,9814,1,7,7,0,0,7,4,0,0,0,0,0,0,0,0,0,0,0,0,0,7,0,0,0,0,0,0,0,0
"766",150039817001,9817,1,733,634,99,8,725,3,54,0,8,14,24,19,50,18,20,249,42,75,61,0,36,63,169,456,498,573,634,0.679399727148704
"767",150039818011,9818.01,1,985,963,22,17,968,3,38,29,16,0,14,35,0,34,12,156,126,274,137,58,5,51,132,334,460,734,871,0.467005076142132
"768",150039818021,9818.02,1,419,398,21,4,415,3,14,0,0,0,5,0,0,0,0,27,57,15,67,55,62,117,19,46,103,118,185,0.24582338902148
"769",150039818031,9818.03,1,365,347,18,16,349,2,13,0,8,0,34,29,72,21,35,50,32,28,27,16,0,0,156,262,294,322,349,0.717808219178082
"770",150039819001,9819,1,0,0,0,0,0,NA,0,0,0,0,0,0,0,0,0,0,0,0,0,0,0,0,0,0,0,0,0,NA
"771",150039820001,9820,1,192,192,0,0,192,4,0,0,0,0,0,0,0,0,0,0,0,60,29,13,39,51,0,0,0,60,89,0.3125
"772",150039821001,9821,1,0,0,0,0,0,NA,0,0,0,0,0,0,0,0,0,0,0,0,0,0,0,0,0,0,0,0,0,NA
"773",150039822001,9822,1,0,0,0,0,0,NA,0,0,0,0,0,0,0,0,0,0,0,0,0,0,0,0,0,0,0,0,0,NA
"774",150039900010,9900.01,0,0,0,0,0,0,NA,0,0,0,0,0,0,0,0,0,0,0,0,0,0,0,0,0,0,0,0,0,NA
