GEOID,block_group,tract,"Less than $10,000","$10,000 to $14,999","$15,000 to $19,999","$20,000 to $24,999","$25,000 to $29,999","$30,000 to $34,999","$35,000 to $39,999","$40,000 to $44,999","$45,000 to $49,999","$50,000 to $59,999","$60,000 to $74,999","$75,000 to $99,999","$100,000 to $124,999","$125,000 to $149,999","$150,000 to $199,999","$200,000 or more"
150030001071,1,1.07,16,15,0,5,10,0,0,18,0,7,29,34,50,72,113,149
150030001072,2,1.07,9,0,0,5,0,0,6,12,0,0,23,5,32,64,90,179
150030001081,1,1.08,16,0,0,0,5,0,10,9,0,23,47,89,0,23,65,170
150030001082,2,1.08,75,9,0,0,0,0,0,0,0,41,33,9,19,9,57,103
150030001083,3,1.08,10,0,12,0,0,0,5,0,18,4,2,32,31,26,245,76
150030001101,1,1.10,0,0,0,0,0,10,26,0,0,19,25,82,71,30,53,140
150030001102,2,1.10,0,2,0,0,0,9,0,0,0,0,11,27,41,55,19,106
150030001103,3,1.10,0,0,26,0,31,0,7,9,9,30,10,26,80,68,56,181
150030001104,4,1.10,0,0,10,0,0,0,0,0,7,9,0,16,26,23,56,50
150030001141,1,1.14,4,0,7,0,0,9,0,0,0,0,6,37,8,12,12,73
150030001142,2,1.14,4,0,0,0,11,25,0,0,0,0,3,4,19,20,40,226
150030001151,1,1.15,13,0,0,8,0,17,12,0,17,14,63,77,120,22,153,63
150030001152,2,1.15,0,0,0,0,12,0,0,11,9,0,0,36,10,0,23,131
150030001153,3,1.15,0,0,0,0,0,0,0,0,0,9,0,0,17,0,11,60
150030001161,1,1.16,13,0,46,37,42,59,7,19,14,48,84,155,70,170,165,192
150030001171,1,1.17,9,20,0,36,20,0,10,0,30,0,54,13,79,40,140,157
150030001181,1,1.18,0,0,20,13,0,0,0,0,0,25,37,62,167,52,129,174
150030001191,1,1.19,0,0,0,11,0,14,8,0,0,0,0,27,79,10,88,85
150030001192,2,1.19,0,0,0,0,13,0,10,0,0,3,8,58,45,13,126,69
150030001193,3,1.19,0,0,0,0,0,0,0,0,15,9,0,21,9,6,9,87
150030001201,1,1.20,0,0,7,0,0,23,0,0,0,22,6,14,33,7,59,100
150030001202,2,1.20,0,0,7,0,0,12,0,0,8,0,6,4,19,7,30,108
150030001203,3,1.20,0,0,3,0,0,27,41,6,7,8,19,38,18,39,92,67
150030001211,1,1.21,9,28,0,0,0,0,0,30,0,22,35,112,51,42,113,263
150030001212,2,1.21,0,8,0,8,0,0,0,0,38,0,7,7,41,22,150,51
150030001221,1,1.22,0,0,0,0,0,0,0,0,0,12,17,14,80,62,39,219
150030001222,2,1.22,0,0,12,0,0,7,0,0,11,23,34,47,19,0,40,24
150030001223,3,1.22,0,0,0,0,0,20,23,0,0,12,0,40,50,74,59,45
150030002001,1,2,0,24,0,0,0,0,0,0,0,0,0,0,27,12,21,149
150030002002,2,2,0,0,0,0,0,0,0,0,11,8,24,9,19,9,60,72
150030002003,3,2,10,20,0,9,0,0,20,10,0,30,2,33,81,44,69,183
150030002004,4,2,0,0,0,0,0,0,0,0,0,18,40,21,32,38,49,108
150030002005,5,2,5,0,0,0,6,11,8,0,10,9,18,22,55,38,56,68
150030002006,6,2,0,12,0,0,0,0,0,0,0,62,11,85,24,10,10,68
150030003011,1,3.01,0,19,14,0,20,0,9,0,0,9,27,84,43,42,75,340
150030003012,2,3.01,29,0,0,0,0,0,7,44,0,0,45,52,65,11,24,308
150030003021,1,3.02,18,6,0,0,0,20,5,20,0,16,47,40,78,17,100,178
150030003022,2,3.02,38,0,9,0,0,0,0,0,16,14,11,20,29,30,96,182
150030004011,1,4.01,0,10,28,0,0,0,11,0,7,6,42,9,37,18,13,49
150030004012,2,4.01,10,0,6,24,17,24,0,0,0,5,10,71,79,87,57,422
150030004021,1,4.02,0,0,0,0,0,0,0,31,0,0,0,29,2,8,19,190
150030004022,2,4.02,5,20,0,0,0,6,0,40,11,22,62,47,36,38,211,313
150030004023,3,4.02,0,7,0,0,0,0,9,0,0,0,13,12,27,16,52,151
150030005001,1,5,0,0,8,0,0,0,0,0,0,10,27,26,42,3,28,75
150030005002,2,5,0,0,0,3,0,0,0,0,0,0,0,12,15,8,0,202
150030005003,3,5,86,0,0,0,0,9,0,0,0,10,0,0,12,8,15,116
150030005004,4,5,0,0,0,0,0,21,0,0,32,0,5,20,33,9,97,109
150030005005,5,5,31,0,0,8,0,0,0,9,11,0,0,26,42,0,46,90
150030006001,1,6,0,0,0,0,0,0,0,0,0,0,0,0,0,0,0,0
150030006002,2,6,16,1,6,13,0,0,0,0,0,7,67,14,38,8,76,194
150030007001,1,7,0,9,0,13,0,0,0,16,0,4,35,15,7,0,71,108
150030007002,2,7,0,0,0,0,0,15,13,9,11,35,34,0,0,14,23,30
150030007003,3,7,0,0,0,0,25,0,39,0,0,0,5,75,37,56,0,40
150030007004,4,7,7,0,0,9,0,0,0,0,0,8,43,38,0,55,26,109
150030008001,1,8,9,0,9,29,0,0,31,5,0,29,71,26,41,10,65,145
150030008002,2,8,8,7,0,0,0,0,27,9,13,23,29,55,24,54,97,124
150030008003,3,8,17,0,0,46,4,0,0,9,0,16,31,6,64,66,35,85
150030009011,1,9.01,0,0,5,26,15,0,0,0,0,19,13,93,27,18,40,129
150030009012,2,9.01,0,11,8,0,7,29,41,8,0,12,62,51,83,64,46,115
150030009031,1,9.03,25,0,0,0,0,0,41,21,30,9,0,57,31,2,56,112
150030009032,2,9.03,0,20,0,0,38,8,0,0,1,47,29,55,35,52,94,171
150030009041,1,9.04,15,0,0,0,19,6,7,13,13,23,41,46,61,57,270,188
150030009051,1,9.05,0,8,0,25,0,0,6,0,0,13,19,10,23,54,34,210
150030009052,2,9.05,10,0,0,13,17,0,20,24,0,17,23,75,15,14,24,160
150030010001,1,10,11,0,0,0,0,25,41,6,24,81,21,0,70,47,63,101
150030010002,2,10,74,0,12,23,21,0,0,29,14,64,33,39,107,17,54,127
150030011011,1,11.01,15,0,0,0,10,0,0,49,5,0,20,20,12,46,19,66
150030011012,2,11.01,21,18,5,0,36,24,23,7,7,22,14,41,30,0,13,6
150030011021,1,11.02,47,13,0,25,0,14,0,16,13,11,5,34,14,0,48,139
150030011022,2,11.02,10,5,0,12,24,0,0,14,0,68,4,5,48,24,43,40
150030012011,1,12.01,0,9,0,76,0,0,0,0,6,25,7,29,99,0,92,66
150030012012,2,12.01,0,0,1,10,0,0,40,0,0,4,37,106,38,136,155,93
150030012021,1,12.02,30,0,11,0,14,0,0,13,37,40,19,103,112,38,89,135
150030012022,2,12.02,11,19,0,0,22,10,0,0,20,36,18,24,0,41,60,52
150030013001,1,13,7,0,0,16,12,0,25,0,11,18,8,14,39,28,132,84
150030013002,2,13,0,9,8,0,0,0,19,0,85,0,79,42,58,55,60,45
150030013003,3,13,0,0,24,0,19,0,0,0,0,13,19,13,25,66,56,34
150030013004,4,13,8,15,0,30,16,0,11,8,0,10,31,16,11,80,52,0
150030014001,1,14,6,0,0,0,0,11,6,4,0,17,10,45,29,10,56,146
150030014002,2,14,0,6,12,0,0,17,21,12,4,28,47,81,86,49,47,167
150030015011,1,15.01,8,24,0,0,0,56,37,7,33,179,25,47,45,44,56,111
150030015021,1,15.02,0,0,11,13,15,17,0,0,0,0,28,0,114,51,44,17
150030015022,2,15.02,31,0,0,0,14,0,0,0,0,23,71,22,79,79,43,128
150030016011,1,16.01,24,0,7,24,8,11,31,12,21,10,35,94,30,51,55,52
150030016012,2,16.01,0,0,0,0,7,0,17,17,22,9,12,29,19,20,7,39
150030016021,1,16.02,0,9,0,0,8,14,0,35,20,9,13,14,22,33,44,28
150030016022,2,16.02,15,0,7,0,0,0,0,8,0,6,12,20,29,44,60,58
150030017001,1,17,22,0,21,49,9,11,12,42,29,31,18,25,84,10,75,179
150030017002,2,17,35,0,10,0,0,0,0,9,21,8,0,59,37,16,80,159
150030018011,1,18.01,113,0,4,7,6,0,4,0,4,24,23,10,7,43,19,10
150030018012,2,18.01,38,0,2,0,0,25,0,0,10,8,43,24,48,16,24,1
150030018031,1,18.03,39,24,0,7,48,41,0,32,34,36,0,17,102,0,92,23
150030018032,2,18.03,72,20,0,0,17,15,0,0,10,0,0,23,0,0,8,0
150030018033,3,18.03,41,26,10,79,49,12,0,16,16,29,27,106,30,93,0,36
150030018034,4,18.03,29,0,25,0,0,9,0,0,33,32,7,146,110,30,0,5
150030018041,1,18.04,41,12,0,0,0,12,0,8,22,9,0,151,23,5,44,43
150030018042,2,18.04,19,0,5,19,43,26,44,0,0,32,98,37,51,77,39,10
150030019011,1,19.01,11,11,6,22,0,4,9,6,11,6,16,18,22,54,22,60
150030019051,1,19.05,0,0,0,46,0,0,0,0,0,9,5,24,59,0,7,117
150030019052,2,19.05,0,53,21,33,0,0,0,24,44,74,60,33,47,104,60,44
150030019061,1,19.06,13,31,89,29,22,9,75,0,38,27,11,48,45,5,9,61
150030019062,2,19.06,31,46,0,0,7,23,16,0,37,0,56,42,59,58,4,106
150030019063,3,19.06,62,27,0,54,73,35,0,0,0,39,68,74,97,60,56,90
150030019071,1,19.07,23,10,50,13,28,0,0,0,0,95,61,187,59,83,77,74
150030019072,2,19.07,15,13,0,0,12,0,0,0,0,0,20,10,0,0,85,9
150030019073,3,19.07,35,0,120,22,0,10,10,16,0,27,73,67,76,61,50,71
150030020031,1,20.03,16,23,30,27,0,10,2,35,0,27,73,76,57,26,49,51
150030020032,2,20.03,92,43,46,70,0,63,18,93,62,28,115,92,75,64,7,0
150030020041,1,20.04,30,11,1,11,7,0,0,6,11,9,70,49,45,38,8,23
150030020042,2,20.04,45,30,36,18,15,0,7,45,36,31,117,59,12,17,27,0
150030020051,1,20.05,60,10,27,0,10,11,0,14,49,29,174,102,9,46,11,20
150030020052,2,20.05,122,0,0,12,10,0,30,35,18,41,153,56,34,21,0,24
150030020061,1,20.06,25,13,2,39,4,0,38,0,42,86,37,51,68,58,7,18
150030020062,2,20.06,38,16,117,34,21,0,18,7,0,78,117,52,67,41,62,63
150030021011,1,21.01,0,0,19,15,0,0,0,19,7,32,22,40,14,11,0,0
150030021012,2,21.01,29,0,0,48,0,0,57,8,9,0,11,13,4,14,38,31
150030021013,3,21.01,33,100,0,19,18,8,7,0,3,34,101,55,72,11,18,17
150030021021,1,21.02,14,30,0,37,0,0,0,13,13,0,68,52,16,0,15,0
150030021022,2,21.02,35,0,3,45,29,24,26,5,50,42,90,46,46,61,33,42
150030022031,1,22.03,87,40,0,15,26,0,23,50,0,32,80,151,95,59,99,79
150030022041,1,22.04,68,21,16,14,11,12,7,14,39,134,15,75,71,122,59,34
150030022051,1,22.05,17,7,21,18,13,39,6,0,45,29,281,45,21,87,66,195
150030022061,1,22.06,83,0,0,0,8,30,6,41,53,61,45,170,29,13,9,7
150030022062,2,22.06,28,6,31,26,8,10,39,21,51,12,35,29,24,34,32,28
150030023011,1,23.01,37,0,27,10,0,68,0,18,0,22,19,26,21,26,26,9
150030023012,2,23.01,12,18,10,0,32,0,0,33,17,57,123,106,34,9,70,99
150030023013,3,23.01,140,63,53,36,13,34,0,11,0,56,47,177,70,32,27,7
150030023021,1,23.02,15,0,15,50,41,27,51,0,23,77,81,192,46,19,13,6
150030023022,2,23.02,30,0,0,35,0,0,7,0,8,58,45,42,71,7,0,29
150030024011,1,24.01,24,0,10,0,0,18,11,10,0,40,48,37,33,9,19,16
150030024012,2,24.01,17,0,0,0,0,47,13,34,0,21,29,64,54,23,32,48
150030024013,3,24.01,9,46,0,0,42,18,0,0,10,58,75,35,10,35,16,11
150030024014,4,24.01,14,36,0,0,0,0,0,18,10,0,13,2,68,10,0,24
150030024031,1,24.03,14,13,13,8,0,17,0,58,0,84,8,28,106,5,7,0
150030024032,2,24.03,0,0,20,0,10,18,0,0,23,27,153,29,40,37,35,5
150030024041,1,24.04,34,28,48,5,22,12,0,33,29,10,20,6,12,24,6,21
150030024042,2,24.04,0,11,9,6,5,11,38,0,19,15,64,59,92,27,48,1
150030025001,1,25,96,15,23,18,46,75,46,0,112,33,38,166,242,99,39,95
150030025002,2,25,44,51,47,23,0,16,29,17,0,27,41,42,30,49,28,32
150030025003,3,25,34,16,12,55,0,0,17,19,0,12,19,26,14,0,24,22
150030026001,1,26,50,40,24,9,20,0,25,0,23,41,65,78,37,40,38,40
150030026002,2,26,54,40,7,0,0,22,4,4,6,23,82,29,54,0,0,0
150030026003,3,26,12,39,56,54,0,6,9,33,26,21,15,56,27,9,32,24
150030026004,4,26,25,27,25,9,67,8,14,3,73,49,56,64,20,91,0,31
150030027011,1,27.01,0,0,2,4,0,0,0,2,0,8,10,0,24,3,3,54
150030027012,2,27.01,56,0,19,7,9,3,53,0,43,26,74,150,14,3,44,46
150030027013,3,27.01,21,0,0,18,0,0,0,15,0,27,10,40,0,2,0,0
150030027021,1,27.02,33,26,0,0,0,20,0,0,0,8,27,32,46,32,38,27
150030027022,2,27.02,0,0,0,0,0,0,0,0,24,62,14,187,40,24,47,54
150030027023,3,27.02,0,0,15,66,24,29,12,10,21,62,121,166,104,0,88,132
150030027024,4,27.02,21,0,13,0,0,22,10,0,15,24,33,48,63,31,100,132
150030028011,1,28.01,44,5,6,12,0,19,0,14,12,46,28,64,61,47,83,168
150030028021,1,28.02,11,0,0,0,0,10,20,0,2,7,84,10,26,7,23,70
150030028022,2,28.02,21,6,0,0,50,0,0,0,0,43,113,111,21,39,55,220
150030029001,1,29,6,15,0,15,6,0,6,5,0,29,23,144,228,58,125,237
150030030001,1,30,0,0,9,0,2,0,0,0,9,0,11,31,25,8,47,244
150030030002,2,30,6,15,0,0,0,0,11,11,0,18,23,22,34,66,8,187
150030030003,3,30,0,0,0,6,0,8,0,0,4,33,5,104,34,28,25,183
150030030004,4,30,19,0,12,18,40,0,0,0,21,0,0,65,6,22,51,195
150030031021,1,31.02,46,27,11,9,10,22,12,30,101,45,41,61,8,78,107,352
150030031022,2,31.02,0,0,0,15,0,0,0,10,10,10,19,93,54,28,61,81
150030031031,1,31.03,22,0,0,22,16,0,0,17,11,61,10,34,29,73,67,171
150030031041,1,31.04,34,10,0,21,0,0,0,11,0,41,63,37,79,52,74,431
150030034041,1,34.04,17,15,17,20,15,15,0,131,53,28,81,245,0,264,55,96
150030034042,2,34.04,0,0,0,0,25,0,0,24,10,111,71,0,77,0,22,16
150030034043,3,34.04,0,0,0,0,17,0,0,0,0,41,14,0,14,0,0,42
150030034044,4,34.04,39,0,0,74,20,25,0,41,71,49,15,141,70,64,96,38
150030034081,1,34.08,28,0,29,0,0,38,58,0,20,76,143,43,109,6,60,11
150030034082,2,34.08,12,0,43,48,10,39,0,0,0,20,46,179,39,20,26,0
150030034091,1,34.09,12,8,0,0,7,0,8,19,0,50,8,152,145,58,67,45
150030034092,2,34.09,0,0,0,17,12,0,12,8,50,91,70,50,6,47,37,0
150030034101,1,34.10,32,0,0,25,0,0,140,19,140,4,65,193,78,13,52,48
150030034111,1,34.11,11,7,28,14,0,11,7,31,15,35,43,184,64,27,120,40
150030034121,1,34.12,30,17,29,8,22,15,0,26,31,25,96,127,96,56,171,152
150030034131,1,34.13,102,14,0,7,0,57,0,0,55,107,101,127,51,24,22,39
150030034132,2,34.13,64,25,108,76,31,18,24,0,18,57,31,68,47,28,4,34
150030034141,1,34.14,0,38,0,0,7,29,0,0,0,14,31,39,41,0,18,71
150030034142,2,34.14,113,64,40,8,29,16,79,22,0,21,55,149,91,36,13,48
150030034143,3,34.14,39,0,0,61,19,27,93,8,123,72,42,76,100,72,52,28
150030034144,4,34.14,32,9,26,6,5,0,8,7,4,27,44,39,64,77,51,113
150030035011,1,35.01,64,0,15,0,9,20,29,14,0,58,72,32,64,0,0,3
150030035012,2,35.01,116,24,0,15,5,0,82,67,25,35,141,31,47,35,132,110
150030035031,1,35.03,86,58,15,27,106,26,0,0,0,38,50,150,96,0,0,9
150030035041,1,35.04,37,30,0,11,14,48,10,28,7,12,55,3,42,13,41,7
150030035042,2,35.04,139,87,19,21,0,0,32,18,9,75,47,164,174,29,213,120
150030036031,1,36.03,45,5,17,8,0,16,23,25,11,133,80,93,124,104,37,48
150030036032,2,36.03,217,76,120,54,18,34,64,23,17,75,111,63,14,9,15,30
150030036033,3,36.03,10,17,0,0,5,0,24,0,0,0,24,0,8,0,0,29
150030036041,1,36.04,54,0,47,44,20,73,39,13,4,8,60,84,13,6,67,0
150030036042,2,36.04,48,29,10,36,25,17,46,18,46,53,67,87,114,40,29,44
150030036051,1,36.05,48,0,14,0,7,0,110,35,27,87,33,58,15,13,4,50
150030036061,1,36.06,55,30,8,62,13,33,16,61,11,40,24,48,34,7,149,40
150030036062,2,36.06,58,16,0,44,69,0,4,28,9,22,43,20,145,32,112,147
150030037011,1,37.01,0,19,0,17,15,54,23,33,13,8,0,50,39,12,29,0
150030037012,2,37.01,46,12,0,0,0,3,0,0,0,31,0,26,13,26,81,137
150030037013,3,37.01,7,46,0,145,0,31,0,0,96,50,17,83,20,0,42,61
150030037014,4,37.01,0,0,0,0,0,0,0,0,0,0,0,0,0,0,0,0
150030037021,1,37.02,93,0,13,0,0,0,34,0,13,0,44,1,0,15,40,0
150030037022,2,37.02,24,0,4,0,48,0,0,24,0,0,20,95,76,190,132,176
150030037023,3,37.02,26,144,23,0,0,24,11,39,22,102,117,109,140,51,52,140
150030037024,4,37.02,0,0,18,0,0,0,0,0,0,0,0,0,9,30,0,15
150030037031,1,37.03,34,0,0,0,0,12,0,133,0,0,23,127,21,0,220,151
150030037032,2,37.03,215,0,0,0,0,0,0,0,0,0,0,0,0,0,0,45
150030037033,3,37.03,32,0,37,0,24,26,2,23,0,5,27,22,68,16,3,186
150030037034,4,37.03,0,0,0,0,0,0,0,0,0,0,0,0,0,0,0,0
150030037035,5,37.03,8,0,0,0,0,11,0,0,0,0,11,0,109,0,55,66
150030038011,1,38.01,164,83,25,85,103,26,23,10,85,82,36,97,78,54,56,92
150030038012,2,38.01,0,41,0,0,0,0,0,0,5,1,42,67,66,171,32,52
150030038013,3,38.01,0,0,0,0,0,0,0,0,0,0,0,0,0,0,0,0
150030038014,4,38.01,65,0,0,0,0,0,0,40,5,211,56,157,50,174,136,172
150030038015,5,38.01,0,0,0,0,0,0,0,0,0,0,0,0,0,0,0,0
150030038021,1,38.02,0,0,0,98,0,11,0,0,0,25,0,28,0,0,0,44
150030038022,2,38.02,31,0,0,64,0,0,0,0,23,122,141,204,261,232,122,122
150030038023,3,38.02,19,0,0,36,0,0,0,0,36,45,0,0,55,0,63,186
150030038024,4,38.02,0,0,0,0,0,0,0,0,0,0,0,0,0,0,0,0
150030038025,5,38.02,23,21,0,25,14,0,0,0,0,28,82,135,125,97,115,93
150030039001,1,39,24,20,79,24,20,9,10,0,12,9,8,0,9,15,8,5
150030040001,1,40,31,3,4,22,0,0,95,25,35,46,29,107,52,32,17,145
150030040002,2,40,7,24,13,0,8,0,4,10,14,18,12,63,6,24,18,12
150030041011,1,41.01,15,5,8,29,6,3,0,28,0,102,0,78,116,0,0,16
150030041012,2,41.01,50,75,14,16,84,0,0,0,29,10,21,47,5,12,24,10
150030041021,1,41.02,0,73,0,50,0,23,21,0,32,85,52,30,67,34,17,13
150030041022,2,41.02,41,0,100,49,12,12,19,16,22,30,39,13,58,40,53,23
150030041023,3,41.02,0,51,0,0,0,0,90,0,13,14,7,45,17,13,0,0
150030042011,1,42.01,36,13,0,16,17,12,15,19,12,80,8,66,47,27,29,22
150030042012,2,42.01,14,0,24,0,8,18,0,5,37,51,13,54,160,53,78,25
150030042021,1,42.02,35,0,0,0,0,0,44,0,0,0,17,26,67,10,47,189
150030042022,2,42.02,29,27,81,27,46,33,18,0,8,10,24,60,38,19,57,41
150030043011,1,43.01,48,14,40,40,0,24,0,0,10,0,20,35,14,11,25,29
150030043012,2,43.01,60,0,0,0,88,0,17,11,8,12,31,93,42,59,87,143
150030043021,1,43.02,0,0,15,90,12,0,0,0,13,25,14,45,74,16,0,22
150030043022,2,43.02,5,41,0,59,22,43,22,0,18,19,8,22,26,0,0,73
150030043023,3,43.02,0,14,0,0,15,24,0,0,33,31,81,17,27,9,25,42
150030044011,1,44.01,9,5,0,11,0,0,10,7,12,14,24,22,68,0,15,55
150030044012,2,44.01,6,0,0,0,0,23,0,0,7,31,32,23,15,8,67,76
150030044013,3,44.01,10,0,6,18,0,6,7,0,0,56,13,43,16,29,36,56
150030044021,1,44.02,16,30,11,8,6,3,15,4,4,8,49,30,50,39,70,89
150030044022,2,44.02,28,7,0,0,11,6,18,0,0,10,14,20,24,54,70,173
150030045001,1,45,0,0,0,145,0,21,55,17,21,0,22,40,33,21,36,147
150030045002,2,45,14,0,0,0,21,15,17,16,0,15,16,10,24,18,66,135
150030045003,3,45,102,0,0,0,14,0,0,19,62,162,41,72,112,126,84,156
150030045004,4,45,19,0,0,11,0,0,0,15,0,0,17,0,0,18,47,184
150030046001,1,46,0,0,0,0,0,0,0,0,0,0,24,13,11,8,84,166
150030046002,2,46,0,0,0,10,7,10,0,0,0,7,0,13,39,4,17,132
150030046003,3,46,0,0,0,0,8,0,0,38,0,24,37,47,35,9,71,95
150030046004,4,46,0,10,0,0,0,0,8,0,0,0,21,22,9,32,47,25
150030047011,1,47.01,6,0,0,6,0,15,16,8,0,6,66,14,45,31,117,97
150030047012,2,47.01,0,0,0,12,0,8,26,0,0,0,15,121,8,76,40,88
150030047021,1,47.02,0,0,7,0,0,0,6,0,11,13,14,22,10,4,95,85
150030047022,2,47.02,0,0,23,0,0,11,0,0,0,58,9,6,9,6,53,64
150030047023,3,47.02,0,24,0,0,0,0,13,4,0,28,26,29,50,52,34,93
150030048011,1,48.01,0,0,0,0,0,20,12,0,11,34,29,18,0,17,45,8
150030048012,2,48.01,0,30,0,4,0,0,15,0,0,34,6,3,21,11,18,102
150030048013,3,48.01,12,0,0,7,8,0,35,6,7,16,35,231,8,15,59,71
150030048021,1,48.02,8,0,0,0,0,7,23,8,0,25,31,99,37,26,167,95
150030048022,2,48.02,0,38,12,0,8,2,0,0,0,7,0,67,8,16,36,44
150030048023,3,48.02,38,0,0,23,0,46,8,0,0,0,22,25,0,0,21,88
150030049001,1,49,0,0,0,0,5,9,0,13,14,81,7,39,20,31,70,47
150030049002,2,49,6,5,0,28,8,0,33,20,0,28,74,78,59,11,48,15
150030049003,3,49,0,9,0,0,0,12,10,4,11,29,62,102,43,13,13,10
150030050001,1,50,19,51,0,44,18,37,5,14,7,60,82,32,50,4,14,67
150030050002,2,50,0,6,0,0,0,7,0,51,15,26,42,62,111,3,36,11
150030050003,3,50,8,14,7,12,0,11,0,4,6,23,76,35,0,0,24,0
150030050004,4,50,14,7,8,0,10,0,30,105,8,19,25,163,8,0,0,9
150030051001,1,51,31,0,0,7,21,11,17,0,7,28,209,93,130,98,113,147
150030051002,2,51,61,112,42,114,43,36,60,55,7,31,39,3,13,40,0,0
150030052001,1,52,47,47,16,40,12,48,0,21,0,61,9,100,30,0,22,0
150030052002,2,52,94,299,41,78,54,34,33,38,26,53,25,39,63,10,11,0
150030053001,1,53,73,42,19,57,36,128,0,0,0,84,84,114,50,157,172,9
150030053002,2,53,42,149,30,0,22,7,12,26,17,15,27,40,0,0,32,28
150030054001,1,54,65,49,18,5,15,16,1,91,5,47,10,33,15,15,11,2
150030055001,1,55,15,61,49,3,34,33,10,0,19,48,42,48,48,23,85,64
150030056011,1,56.01,64,169,44,0,17,11,0,0,0,4,4,18,0,21,30,30
150030056012,2,56.01,0,0,0,45,0,0,0,0,0,42,33,30,48,35,14,45
150030056021,1,56.02,0,0,17,0,21,0,15,0,0,0,0,27,0,13,32,81
150030056022,2,56.02,11,46,0,0,0,13,25,25,12,44,13,57,0,10,8,0
150030056023,3,56.02,39,11,0,0,54,33,0,10,0,13,30,134,107,59,30,57
150030057001,1,57,22,40,0,32,9,35,21,59,38,0,112,48,19,60,49,50
150030057002,2,57,23,10,20,24,88,19,0,80,0,35,54,24,21,12,10,25
150030058001,1,58,12,14,0,32,35,22,12,53,12,59,10,16,29,0,33,0
150030058002,2,58,10,111,13,0,5,31,44,2,34,33,66,84,85,11,147,11
150030059001,1,59,51,26,11,36,6,15,5,9,30,59,117,116,63,34,22,40
150030059002,2,59,0,0,0,0,0,0,0,0,0,0,0,0,0,0,0,0
150030060001,1,60,16,8,0,16,8,0,28,21,16,37,67,23,24,22,66,72
150030060002,2,60,0,0,0,35,0,0,0,35,0,19,0,71,27,0,55,91
150030060003,3,60,0,25,0,0,10,0,0,39,8,22,49,61,52,93,10,71
150030061001,1,61,7,1,0,0,6,23,5,9,19,28,3,58,37,35,63,80
150030061002,2,61,22,0,3,0,0,0,0,5,0,9,15,18,22,94,123,133
150030062021,1,62.02,22,40,0,20,29,0,15,57,1,53,5,28,8,0,20,69
150030062022,2,62.02,59,24,5,0,22,34,17,13,34,0,21,0,6,0,0,0
150030062031,1,62.03,55,32,99,0,0,12,36,63,18,70,42,175,59,65,40,132
150030062032,2,62.03,48,0,11,0,21,13,0,10,0,9,46,64,34,13,44,101
150030063011,1,63.01,9,0,0,5,23,0,4,7,6,4,40,37,6,27,45,70
150030063012,2,63.01,12,0,5,0,0,0,12,5,11,0,30,23,45,30,20,102
150030063013,3,63.01,5,13,0,0,6,0,0,0,8,0,39,46,32,12,8,78
150030063021,1,63.02,0,0,0,0,0,0,0,0,22,4,4,15,4,18,14,26
150030063022,2,63.02,91,35,39,17,38,9,22,0,44,97,62,24,13,3,9,0
150030064011,1,64.01,5,11,5,6,23,0,19,2,6,7,55,30,5,51,52,162
150030064021,1,64.02,0,0,13,0,11,0,0,0,20,0,23,20,25,25,69,129
150030064022,2,64.02,0,14,0,0,0,0,0,0,18,13,29,54,10,0,48,122
150030064023,3,64.02,18,0,0,0,7,0,50,0,9,7,0,33,65,48,93,198
150030064024,4,64.02,0,0,0,0,0,0,0,0,0,11,0,10,10,21,101,160
150030065001,1,65,0,0,0,0,9,0,0,0,53,12,12,154,88,125,55,277
150030065002,2,65,0,0,17,5,6,0,0,39,0,45,0,62,0,16,13,81
150030067031,1,67.03,3,0,34,0,0,37,14,3,27,16,5,47,51,47,129,93
150030067041,1,67.04,15,0,0,112,43,28,57,117,191,35,78,285,76,16,76,71
150030067042,2,67.04,0,0,0,11,0,32,13,22,0,21,32,58,30,19,0,19
150030067043,3,67.04,0,0,0,0,11,24,0,0,0,0,32,32,0,32,45,170
150030067044,4,67.04,0,0,0,0,0,0,15,0,27,10,0,11,21,11,66,88
150030067045,5,67.04,16,27,18,28,10,0,0,61,28,28,37,65,11,103,46,242
150030068061,1,68.06,4,5,3,4,4,0,0,4,16,5,0,12,40,13,91,73
150030068062,2,68.06,8,0,5,14,5,0,9,0,0,0,16,35,5,27,72,68
150030068101,1,68.10,0,0,0,8,10,21,39,63,15,39,23,77,63,107,58,38
150030068102,2,68.10,31,0,0,0,0,17,11,7,0,43,65,59,33,32,0,1
150030068111,1,68.11,40,0,0,0,18,12,0,6,0,45,42,65,24,35,0,44
150030068121,1,68.12,45,0,0,0,18,52,0,9,15,89,6,58,67,46,108,89
150030068131,1,68.13,0,54,0,0,0,57,0,32,13,57,39,113,71,146,244,134
150030068132,2,68.13,0,0,0,0,0,0,0,0,0,0,0,0,0,5,21,7
150030068133,3,68.13,10,0,0,0,15,28,0,109,73,0,22,96,119,9,69,86
150030068134,4,68.13,0,0,0,0,0,0,0,0,27,20,0,50,76,39,0,244
150030068141,1,68.14,0,0,0,9,79,5,9,0,19,14,9,49,76,65,47,25
150030068142,2,68.14,12,15,0,59,7,5,0,4,11,45,33,68,67,0,93,22
150030068151,1,68.15,58,0,6,15,32,0,19,14,18,158,16,181,72,64,133,55
150030068152,2,68.15,0,22,6,21,0,0,0,0,0,0,17,74,28,0,17,29
150030068161,1,68.16,17,0,12,13,9,0,5,11,0,91,50,39,5,34,48,180
150030068171,1,68.17,25,0,0,8,0,28,0,0,0,34,33,81,121,8,20,108
150030068172,2,68.17,0,0,0,0,0,0,0,6,0,10,4,14,76,61,0,113
150030068173,3,68.17,0,0,0,0,0,18,0,0,0,13,17,10,27,0,57,59
150030068181,1,68.18,51,0,9,0,4,11,42,19,50,54,53,107,137,79,27,78
150030068191,1,68.19,13,36,28,15,0,0,0,20,0,53,36,140,42,83,9,0
150030068192,2,68.19,25,24,7,11,49,31,8,64,28,40,37,220,89,37,60,29
150030069001,1,69,0,3,0,0,6,0,45,84,7,37,5,27,36,28,13,15
150030069002,2,69,5,0,0,0,0,0,0,38,4,0,65,88,28,177,36,4
150030069003,3,69,4,0,0,0,0,7,0,12,14,51,7,38,51,7,105,14
150030070011,1,70.01,24,0,0,1,0,0,0,44,24,35,100,160,135,66,28,12
150030070012,2,70.01,8,0,0,8,0,0,18,25,63,0,47,0,7,20,10,0
150030070021,1,70.02,6,67,0,0,0,0,0,13,0,50,0,39,16,35,5,0
150030070022,2,70.02,13,0,0,0,6,13,6,0,24,182,199,84,40,107,34,54
150030071001,1,71,0,0,17,0,0,0,26,6,44,16,185,32,36,123,32,42
150030071002,2,71,4,0,0,0,0,0,0,0,9,5,97,82,57,127,49,101
150030073021,1,73.02,9,0,0,0,0,21,38,0,0,24,0,11,17,23,90,29
150030073022,2,73.02,0,0,0,0,0,0,0,0,0,5,6,25,55,45,58,57
150030073023,3,73.02,0,0,8,12,0,0,0,0,0,94,35,10,92,102,82,89
150030073024,4,73.02,0,0,0,9,11,24,48,28,75,37,79,74,80,117,8,7
150030074001,1,74,0,0,0,0,0,0,20,26,5,23,96,29,11,116,37,89
150030074002,2,74,14,0,0,0,22,0,0,0,0,102,18,32,96,33,103,32
150030075041,1,75.04,36,6,0,28,29,19,15,18,15,22,6,38,59,11,23,56
150030075042,2,75.04,52,20,57,23,15,63,63,17,16,67,26,88,7,5,0,62
150030075071,1,75.07,8,0,0,0,27,0,12,10,19,43,50,29,72,65,18,139
150030075072,2,75.07,0,0,0,0,0,0,0,0,0,0,0,0,0,0,0,0
150030075073,3,75.07,0,0,16,0,21,0,24,0,0,63,62,169,66,14,79,238
150030075074,4,75.07,0,0,39,31,0,0,9,65,0,17,0,110,26,51,90,242
150030075081,1,75.08,56,0,0,0,0,0,0,0,0,6,10,11,42,35,67,91
150030075082,2,75.08,10,0,0,0,0,0,0,0,41,29,9,9,21,16,58,54
150030075083,3,75.08,0,0,0,19,30,0,0,51,0,20,14,0,26,0,19,62
150030075084,4,75.08,58,0,0,58,18,32,0,0,25,13,32,92,148,91,51,207
150030075085,5,75.08,24,0,0,40,34,0,19,3,29,10,41,52,195,55,83,17
150030077011,1,77.01,36,0,0,0,0,49,0,18,43,0,20,25,15,78,56,107
150030077012,2,77.01,0,0,0,10,0,0,0,11,0,28,57,39,45,58,21,108
150030077013,3,77.01,7,0,0,11,0,0,28,0,0,10,18,42,46,8,47,89
150030077021,1,77.02,0,11,28,10,11,0,0,0,0,11,10,10,39,13,53,91
150030077022,2,77.02,0,0,0,10,89,8,12,0,3,0,0,33,68,46,29,120
150030077023,3,77.02,0,0,0,0,0,0,0,10,25,17,0,69,22,89,115,195
150030077024,4,77.02,10,0,5,25,58,21,0,0,0,11,11,65,56,56,69,103
150030078041,1,78.04,4,25,7,4,4,5,12,8,0,14,14,40,23,47,51,54
150030078042,2,78.04,4,0,0,0,19,7,4,10,3,8,4,45,41,28,90,59
150030078071,1,78.07,15,0,0,35,0,0,0,0,51,42,142,27,87,29,79,33
150030078072,2,78.07,109,11,0,0,0,67,0,62,18,0,15,92,58,40,48,11
150030078073,3,78.07,70,0,0,31,62,57,14,16,35,0,104,153,44,14,14,32
150030078074,4,78.07,16,0,0,0,32,30,0,19,0,70,15,71,83,46,0,16
150030078075,5,78.07,38,0,0,0,0,0,0,17,0,53,111,57,204,18,123,0
150030078081,1,78.08,19,0,10,0,13,18,0,18,0,43,20,111,47,0,72,51
150030078082,2,78.08,36,24,9,0,0,7,0,11,0,0,60,81,57,36,24,40
150030078083,3,78.08,11,0,0,0,0,10,10,0,28,44,35,31,103,19,8,10
150030078091,1,78.09,27,8,0,0,0,0,0,20,0,9,0,36,66,22,42,188
150030078092,2,78.09,0,0,0,0,0,0,0,0,17,8,80,101,77,52,67,54
150030078093,3,78.09,0,0,0,0,8,10,0,0,0,0,0,7,0,8,25,161
150030078121,1,78.12,0,6,0,14,30,9,12,0,15,0,12,23,96,23,35,37
150030078122,2,78.12,11,6,0,0,0,25,9,9,0,69,41,75,109,50,70,47
150030078131,1,78.13,0,0,0,0,12,17,0,0,0,45,31,51,7,26,64,97
150030078132,2,78.13,8,0,0,0,0,0,0,9,0,10,20,83,36,39,37,75
150030078133,3,78.13,0,0,0,0,0,9,0,0,0,5,0,17,7,41,73,56
150030078141,1,78.14,27,0,9,30,0,0,9,0,8,8,19,46,173,115,157,231
150030078142,2,78.14,0,0,0,0,0,0,0,0,0,0,11,21,39,33,116,130
150030078151,1,78.15,6,18,0,0,0,9,0,0,6,8,18,67,103,39,288,198
150030078161,1,78.16,26,0,0,0,0,10,0,0,0,0,9,10,10,0,10,83
150030078162,2,78.16,0,0,0,0,8,43,0,0,19,8,26,30,39,31,54,43
150030078163,3,78.16,19,41,0,22,66,0,0,32,23,0,106,145,185,65,63,101
150030078171,1,78.17,7,8,0,16,0,0,13,8,38,0,27,45,21,16,21,115
150030078172,2,78.17,0,15,0,0,0,8,8,8,0,0,0,38,22,22,15,236
150030080011,1,80.01,64,65,18,54,48,37,47,61,9,38,34,82,6,64,40,62
150030080012,2,80.01,4,8,0,1,0,8,10,8,0,5,12,43,14,38,39,10
150030080021,1,80.02,24,0,7,0,0,0,0,5,16,6,64,46,53,31,53,149
150030080022,2,80.02,25,7,0,0,5,0,10,6,24,11,41,61,20,39,28,66
150030080051,1,80.05,53,0,43,0,0,0,108,13,12,18,25,69,66,209,81,119
150030080052,2,80.05,0,22,0,13,10,0,12,0,0,0,16,209,0,59,36,133
150030080053,3,80.05,0,0,0,70,14,0,0,0,0,0,51,43,0,50,19,39
150030080054,4,80.05,47,0,0,0,0,0,0,0,0,12,43,106,63,35,61,212
150030080081,1,80.08,0,6,0,0,0,0,17,10,0,14,0,68,13,41,52,49
150030080082,2,80.08,13,0,6,0,0,0,10,23,17,12,32,50,0,17,8,16
150030080091,1,80.09,50,25,8,35,23,14,0,0,0,38,10,23,53,66,0,21
150030080092,2,80.09,0,37,0,0,20,61,83,74,128,60,128,97,153,51,26,16
150030080101,1,80.10,27,13,9,2,0,0,7,0,0,7,17,55,14,40,68,21
150030080102,2,80.10,6,0,0,8,20,0,0,0,0,0,22,74,16,50,111,101
150030080111,1,80.11,22,0,7,0,8,26,0,0,41,17,127,23,130,95,101,215
150030080121,1,80.12,26,0,0,0,14,0,11,0,0,10,34,40,30,97,46,63
150030080122,2,80.12,10,0,5,3,0,0,11,17,19,26,42,73,48,50,42,98
150030080131,1,80.13,0,5,0,0,0,0,6,6,9,12,0,50,46,58,66,89
150030080132,2,80.13,12,0,6,18,10,0,26,0,0,15,14,72,15,25,81,112
150030083011,1,83.01,0,0,0,0,0,0,0,0,0,0,0,0,0,0,0,0
150030083012,2,83.01,35,0,0,0,0,0,33,21,13,33,29,61,182,68,127,88
150030083013,3,83.01,0,0,0,0,18,0,9,0,0,0,0,38,66,47,32,110
150030083014,4,83.01,0,0,0,0,16,0,13,0,0,23,61,138,25,25,57,74
150030083021,1,83.02,20,0,55,0,0,0,0,0,11,0,46,89,31,74,34,108
150030083022,2,83.02,0,0,41,0,0,0,0,31,10,11,27,83,93,20,21,99
150030083023,3,83.02,0,0,0,0,0,49,0,0,15,9,40,55,57,80,67,103
150030084051,1,84.05,0,0,0,0,0,0,0,0,6,18,8,92,89,121,100,24
150030084052,2,84.05,0,0,0,0,0,0,0,0,0,0,108,29,32,16,98,23
150030084053,3,84.05,10,0,25,45,0,11,0,0,0,38,61,73,18,85,63,186
150030084071,1,84.07,5,15,0,0,0,0,0,0,8,60,18,130,114,42,202,116
150030084072,2,84.07,59,0,0,0,0,0,12,0,0,0,42,49,20,59,78,152
150030084081,1,84.08,0,15,0,0,0,0,0,0,25,18,51,54,267,39,106,50
150030084082,2,84.08,0,18,0,25,0,0,48,77,16,0,37,49,190,535,171,338
150030084083,3,84.08,0,0,52,0,0,20,9,20,71,0,36,61,58,191,340,371
150030084101,1,84.10,0,0,0,0,0,12,0,0,0,9,48,33,27,94,80,165
150030084102,2,84.10,27,11,0,0,0,12,0,40,0,23,130,140,164,250,361,443
150030084111,1,84.11,8,9,0,9,0,0,8,0,0,0,10,27,15,68,52,54
150030084112,2,84.11,18,0,0,0,0,0,0,9,9,9,101,109,81,183,34,10
150030084113,3,84.11,0,0,0,9,0,0,58,5,25,19,10,18,24,174,16,37
150030084131,1,84.13,0,0,0,0,0,7,23,7,0,7,0,79,22,61,50,88
150030084132,2,84.13,0,0,0,41,19,6,8,0,28,4,18,35,17,27,136,54
150030084141,1,84.14,0,0,0,0,0,0,7,6,0,0,11,134,44,132,142,223
150030084151,1,84.15,0,0,0,0,0,0,0,0,0,0,0,31,171,62,91,130
150030084152,2,84.15,10,0,0,8,66,0,0,0,12,27,38,19,86,112,141,121
150030084161,1,84.16,0,0,0,0,0,6,0,0,25,0,16,43,65,38,44,59
150030084162,2,84.16,0,0,0,0,0,0,0,39,0,10,112,46,49,93,25,173
150030084171,1,84.17,10,11,10,13,0,37,0,0,69,58,17,75,113,13,30,39
150030084172,2,84.17,26,0,66,7,0,45,0,20,21,11,85,69,50,47,76,73
150030084173,3,84.17,0,0,0,0,9,0,0,0,0,22,48,0,12,72,49,47
150030084181,1,84.18,0,0,28,0,11,12,0,27,40,0,62,63,149,178,82,72
150030084182,2,84.18,0,0,14,0,0,0,18,0,0,9,0,42,65,9,45,162
150030084183,3,84.18,0,0,0,0,0,24,0,0,0,21,16,33,11,71,20,76
150030085021,1,85.02,43,10,27,43,9,8,20,37,32,76,79,106,92,79,122,61
150030086091,1,86.09,15,13,6,19,51,8,28,11,99,20,52,99,43,101,63,76
150030086101,1,86.10,5,0,6,4,5,0,17,4,0,10,5,66,93,70,67,87
150030086111,1,86.11,0,0,0,0,0,0,0,0,0,0,0,0,0,0,0,4
150030086231,1,86.23,13,0,0,0,16,0,0,10,11,0,11,18,41,45,52,216
150030086232,2,86.23,11,0,0,9,0,85,10,0,0,0,0,60,83,9,10,42
150030086233,3,86.23,0,0,0,4,5,0,0,5,3,3,43,29,134,65,120,177
150030086234,4,86.23,0,0,0,0,0,0,0,0,0,0,0,0,0,0,0,0
150030086241,1,86.24,6,0,6,0,14,12,21,39,19,12,6,54,14,51,48,159
150030086242,2,86.24,0,5,6,0,0,0,5,0,0,8,52,6,51,24,77,95
150030086251,1,86.25,0,87,0,0,0,0,0,10,0,0,44,17,26,21,11,56
150030086252,2,86.25,45,0,0,67,42,91,0,13,31,0,21,168,147,20,20,38
150030086261,1,86.26,9,142,6,28,36,12,56,11,14,17,29,80,18,9,20,101
150030086262,2,86.26,0,0,36,18,0,0,31,32,0,9,0,12,114,33,9,114
150030086271,1,86.27,0,0,0,0,0,0,0,36,0,0,0,141,0,85,0,15
150030086272,2,86.27,0,0,0,0,0,0,0,0,0,0,16,11,107,35,66,202
150030086273,3,86.27,0,0,0,0,0,0,0,0,0,19,40,37,16,32,50,87
150030086274,4,86.27,0,0,0,0,20,63,0,0,70,112,47,119,140,85,73,51
150030086275,5,86.27,0,0,0,0,0,18,53,19,0,0,36,199,153,191,171,155
150030086281,1,86.28,0,0,0,0,0,0,0,0,63,17,0,84,50,162,63,164
150030086282,2,86.28,0,15,12,10,23,0,0,0,19,7,10,53,43,72,92,103
150030086291,1,86.29,9,44,7,8,0,0,0,70,8,20,12,151,71,156,126,41
150030086301,1,86.30,10,21,16,0,0,0,0,0,0,0,117,85,18,32,146,74
150030086302,2,86.30,0,0,0,10,0,0,0,10,0,21,62,28,51,48,67,102
150030086311,1,86.31,0,0,0,9,0,8,30,9,0,15,67,97,123,44,83,61
150030086312,2,86.31,9,0,0,9,0,0,70,26,25,42,65,31,22,85,68,155
150030086321,1,86.32,11,0,8,0,0,0,9,0,0,0,25,37,39,16,31,38
150030086322,2,86.32,10,34,0,42,27,0,10,9,0,9,27,68,144,58,163,131
150030086323,3,86.32,0,0,11,4,0,0,0,0,0,16,38,51,18,16,41,24
150030086324,4,86.32,0,0,16,0,0,0,0,0,0,19,25,21,17,0,81,62
150030086331,1,86.33,17,0,11,6,0,0,6,15,22,42,95,86,320,57,74,206
150030086341,1,86.34,12,29,0,0,0,0,0,65,0,0,33,30,6,37,40,61
150030086342,2,86.34,0,36,0,0,0,0,15,7,5,0,0,6,48,69,49,84
150030086343,3,86.34,0,0,0,0,0,0,17,0,10,38,25,120,58,48,69,0
150030087021,1,87.02,19,178,26,28,50,18,29,15,17,9,94,100,106,38,72,41
150030087022,2,87.02,12,24,14,8,0,13,6,0,17,11,54,72,110,29,16,18
150030087023,3,87.02,0,0,0,0,0,0,0,38,0,0,15,21,98,0,52,15
150030087041,1,87.04,7,0,4,0,0,0,0,0,0,0,33,39,23,13,60,10
150030087042,2,87.04,0,16,0,65,0,0,22,0,0,33,26,52,53,22,56,123
150030087051,1,87.05,55,16,0,118,11,7,0,38,11,43,18,63,43,25,31,0
150030087052,2,87.05,26,0,0,21,0,0,60,0,0,36,0,101,44,20,28,6
150030087061,1,87.06,0,0,0,0,0,5,6,0,0,0,0,35,73,17,85,62
150030087062,2,87.06,66,51,0,11,26,74,17,0,0,0,47,14,0,13,0,0
150030087063,3,87.06,7,0,0,25,0,0,23,0,68,18,14,35,77,38,125,52
150030087071,1,87.07,36,0,0,10,29,0,0,0,0,47,40,101,30,36,19,46
150030087072,2,87.07,0,0,0,0,0,0,0,0,8,8,0,20,19,131,10,51
150030087073,3,87.07,0,9,0,0,0,0,0,23,10,18,0,60,64,0,8,103
150030087074,4,87.07,8,0,69,0,8,0,0,0,37,29,48,64,26,0,54,45
150030088011,1,88.01,3,27,24,0,50,0,0,14,0,22,0,35,14,44,58,89
150030088012,2,88.01,0,0,0,3,0,0,0,0,0,11,117,55,23,82,33,139
150030088021,1,88.02,0,0,0,0,0,0,0,0,0,0,0,19,11,48,149,122
150030088022,2,88.02,0,0,0,77,10,0,0,0,19,21,12,23,10,90,85,176
150030088023,3,88.02,35,11,32,0,0,13,0,0,0,39,22,39,11,36,38,22
150030089061,1,89.06,0,9,0,0,0,0,0,0,12,0,23,23,59,98,88,108
150030089062,2,89.06,0,0,0,0,0,15,79,0,20,71,27,134,144,32,46,61
150030089063,3,89.06,10,0,0,0,0,0,5,15,0,26,0,16,61,25,107,54
150030089091,1,89.09,31,0,0,0,0,0,9,9,0,10,28,8,44,55,107,61
150030089092,2,89.09,9,0,0,28,9,0,10,0,18,17,54,64,187,51,123,93
150030089093,3,89.09,28,0,0,0,0,0,10,9,0,7,9,77,28,36,114,68
150030089121,1,89.12,18,7,6,6,0,0,0,5,32,0,6,16,9,21,41,98
150030089122,2,89.12,0,0,0,0,0,0,7,40,19,22,29,40,0,19,33,112
150030089131,1,89.13,5,0,0,0,0,0,20,0,0,16,5,28,16,35,58,100
150030089132,2,89.13,0,4,0,0,0,0,0,9,0,6,10,10,49,16,59,39
150030089133,3,89.13,0,0,0,0,5,0,0,10,0,5,29,43,36,11,64,69
150030089171,1,89.17,16,0,0,0,0,0,0,0,0,0,29,52,32,18,60,90
150030089172,2,89.17,0,0,25,0,0,0,0,0,0,11,27,46,18,34,33,55
150030089173,3,89.17,0,0,0,0,0,0,0,0,10,28,52,25,26,54,231,152
150030089174,4,89.17,9,0,10,0,9,0,0,0,9,84,31,66,38,0,46,69
150030089175,5,89.17,0,0,0,0,0,0,0,10,7,32,19,30,55,12,38,92
150030089181,1,89.18,10,0,0,0,0,10,0,0,0,9,21,28,20,10,77,161
150030089182,2,89.18,28,0,0,8,0,0,0,27,0,0,22,91,118,44,47,115
150030089183,3,89.18,0,0,0,9,0,0,11,0,0,8,16,49,49,37,58,41
150030089184,4,89.18,17,0,0,12,0,0,52,11,11,44,17,78,56,73,19,61
150030089185,5,89.18,0,0,8,0,0,9,0,0,29,0,19,51,42,12,61,19
150030089211,1,89.21,9,9,0,19,6,0,0,0,5,13,30,13,65,4,36,141
150030089212,2,89.21,6,0,0,0,0,0,0,0,5,5,4,42,40,12,75,44
150030089261,1,89.26,5,0,19,39,0,7,0,5,67,0,173,134,87,45,118,87
150030089281,1,89.28,8,0,0,0,0,9,0,7,31,6,15,0,93,86,153,113
150030089282,2,89.28,12,23,8,25,6,35,10,0,19,0,8,0,52,95,127,324
150030089291,1,89.29,16,0,0,0,0,0,20,0,0,26,0,0,41,126,19,56
150030089292,2,89.29,0,0,38,0,0,0,13,0,31,16,92,85,70,51,44,172
150030089293,3,89.29,0,0,0,0,0,29,0,18,20,0,29,42,17,79,75,72
150030089294,4,89.29,0,0,0,0,0,0,58,0,0,10,18,28,16,48,39,50
150030089295,5,89.29,22,0,16,65,0,17,0,0,52,53,18,201,128,21,0,0
150030089301,1,89.30,0,0,0,0,0,0,6,11,0,6,11,38,36,44,75,101
150030089302,2,89.30,6,0,23,0,0,0,0,0,0,15,24,57,58,27,165,152
150030089311,1,89.31,0,0,0,0,0,0,0,0,0,0,0,0,0,0,0,0
150030089312,2,89.31,21,0,0,0,0,0,0,0,0,0,0,22,17,26,123,177
150030089313,3,89.31,0,0,5,0,0,13,0,0,0,5,16,24,20,11,92,205
150030089321,1,89.32,7,0,5,0,0,15,0,34,0,9,11,16,17,33,31,59
150030089322,2,89.32,5,0,6,6,0,0,0,0,0,28,19,82,20,80,136,148
150030089331,1,89.33,0,0,9,26,20,0,68,0,0,10,88,95,77,52,124,239
150030089332,2,89.33,10,0,0,0,0,21,0,0,19,9,22,18,66,29,90,73
150030089341,1,89.34,0,0,0,0,0,0,0,0,0,0,86,10,56,64,121,99
150030089342,2,89.34,0,0,0,0,0,0,0,0,10,0,8,20,13,44,202,132
150030089343,3,89.34,0,0,0,6,0,0,0,0,0,0,0,35,58,23,40,73
150030089351,1,89.35,9,0,0,0,0,0,0,0,0,22,14,78,19,10,82,71
150030089352,2,89.35,12,13,0,11,28,45,15,74,178,59,32,73,56,85,122,94
150030089361,1,89.36,0,0,0,0,0,0,4,10,0,27,50,41,63,64,80,15
150030089362,2,89.36,0,0,12,16,13,0,31,0,0,5,107,40,30,9,127,35
150030089371,1,89.37,0,0,8,8,0,0,9,32,0,27,41,121,117,0,117,32
150030089381,1,89.38,41,29,0,17,0,0,32,0,17,0,49,34,61,23,0,0
150030089382,2,89.38,17,0,0,0,0,0,30,6,12,18,56,51,36,17,43,108
150030089391,1,89.39,0,0,0,0,0,0,0,0,0,0,0,0,0,0,0,0
150030089392,2,89.39,21,8,8,0,0,7,0,59,20,27,37,115,58,44,82,44
150030089393,3,89.39,0,0,4,8,30,33,0,0,0,7,56,48,65,66,39,50
150030089401,1,89.40,5,0,0,9,17,15,25,15,0,78,72,86,119,0,42,85
150030089402,2,89.40,5,0,0,0,0,7,0,0,0,8,23,68,40,57,42,34
150030089411,1,89.41,37,8,0,0,0,11,7,7,0,56,44,42,102,74,107,207
150030089421,1,89.42,16,0,12,10,9,10,10,34,32,0,17,64,61,37,38,105
150030089422,2,89.42,0,0,9,0,0,28,31,9,15,44,56,59,14,0,12,0
150030089431,1,89.43,11,6,0,0,0,0,0,0,6,0,16,24,11,61,81,187
150030089441,1,89.44,0,12,10,0,0,30,0,14,9,11,32,20,23,11,83,34
150030089442,2,89.44,0,0,0,0,0,0,0,0,0,0,24,54,42,26,75,302
150030089443,3,89.44,60,0,0,13,0,19,11,14,23,0,10,93,132,56,57,35
150030089451,1,89.45,20,0,0,0,10,29,84,9,0,37,56,129,6,104,62,64
150030089461,1,89.46,60,0,0,0,0,10,83,0,0,15,8,70,47,55,34,88
150030089462,2,89.46,0,0,11,8,10,28,0,9,34,38,0,39,25,20,45,79
150030089463,3,89.46,10,0,7,0,8,0,0,7,8,0,41,47,78,58,44,73
150030089471,1,89.47,12,0,0,14,10,14,17,42,22,23,87,87,102,27,61,88
150030089481,1,89.48,25,30,0,8,12,9,9,0,7,18,31,41,43,44,69,135
150030089482,2,89.48,13,0,0,0,8,0,0,0,0,20,9,29,36,31,10,67
150030089483,3,89.48,0,0,0,27,0,0,11,0,0,77,61,91,50,10,47,59
150030089491,1,89.49,54,0,0,17,0,5,0,0,34,0,12,102,84,65,172,147
150030089501,1,89.50,0,7,0,0,0,0,0,7,7,0,14,30,152,72,81,115
150030089511,1,89.51,0,7,7,0,0,0,0,0,0,6,21,61,0,35,55,79
150030089512,2,89.51,0,0,0,0,0,0,0,0,0,8,23,30,60,121,10,46
150030089521,1,89.52,0,16,15,0,0,0,27,0,0,69,0,170,163,42,113,97
150030089522,2,89.52,13,25,0,0,15,0,50,0,0,0,31,52,26,65,137,167
150030089523,3,89.52,39,13,0,0,0,0,17,27,27,25,126,140,221,128,143,120
150030090001,1,90,7,0,4,3,0,13,59,18,27,18,27,77,71,24,37,3
150030090002,2,90,0,3,0,3,10,3,27,21,22,14,21,106,57,47,57,5
150030091001,1,91,0,0,0,0,0,7,0,0,6,0,14,24,35,29,54,33
150030091002,2,91,17,6,17,6,4,5,14,38,47,29,72,172,120,23,16,30
150030091003,3,91,22,5,0,0,0,13,0,0,9,24,35,11,74,0,44,54
150030092011,1,92.01,0,0,0,22,0,0,18,0,0,0,14,42,0,9,107,36
150030092012,2,92.01,30,0,19,0,22,106,0,0,39,10,29,102,39,12,10,150
150030092013,3,92.01,0,11,0,0,0,0,18,15,0,21,27,0,40,0,67,22
150030092021,1,92.02,0,0,0,5,0,0,0,0,0,12,54,48,71,23,0,43
150030092022,2,92.02,12,15,0,5,0,0,0,0,18,27,78,33,75,163,88,73
150030092031,1,92.03,27,7,6,0,0,6,136,22,0,7,68,256,36,73,66,78
150030093011,1,93.01,41,6,7,51,17,51,33,0,24,120,22,2,33,27,0,49
150030093021,1,93.02,0,15,34,0,0,0,0,7,0,58,42,56,74,14,31,108
150030093022,2,93.02,107,9,8,31,0,0,0,0,0,0,19,0,5,0,19,45
150030093023,3,93.02,37,0,30,19,19,0,0,0,14,0,16,14,0,125,82,107
150030094011,1,94.01,40,24,20,11,9,7,0,21,39,6,5,91,59,38,49,76
150030094021,1,94.02,28,20,16,49,6,8,23,8,0,25,33,78,14,22,0,80
150030094022,2,94.02,37,38,39,31,11,11,8,9,0,8,35,21,67,10,42,22
150030094023,3,94.02,47,28,21,9,16,37,8,14,13,9,50,66,8,57,0,0
150030095071,1,95.07,12,5,0,8,2,8,8,55,27,16,77,81,18,0,0,0
150030095072,2,95.07,0,0,0,0,0,0,0,0,0,0,0,0,0,0,0,0
150030095081,1,95.08,0,0,0,12,9,63,0,78,23,50,127,86,29,25,0,136
150030095091,1,95.09,0,0,0,0,62,19,10,27,6,0,102,66,19,41,51,0
150030095092,2,95.09,0,0,9,6,14,0,23,0,39,11,98,139,61,49,35,18
150030095101,1,95.10,0,0,0,0,0,14,0,15,0,0,13,58,107,72,0,0
150030095102,2,95.10,0,0,8,0,0,0,0,0,14,16,0,11,71,0,11,0
150030095111,1,95.11,9,14,0,0,23,35,0,25,26,35,115,189,20,59,0,0
150030095112,2,95.11,0,23,0,0,0,13,20,28,56,36,73,76,63,38,29,9
150030095121,1,95.12,13,0,0,0,4,16,0,6,22,12,132,67,9,35,38,41
150030095122,2,95.12,0,0,0,0,0,0,0,0,0,0,0,0,0,0,0,0
150030095123,3,95.12,0,0,0,4,21,7,0,0,39,56,7,25,10,13,3,19
150030096081,1,96.08,61,0,0,0,0,0,8,7,17,45,26,116,17,8,0,39
150030096082,2,96.08,43,0,24,24,0,39,0,0,27,2,0,25,9,46,7,21
150030096083,3,96.08,5,1,3,128,0,0,0,2,2,14,18,27,9,16,35,92
150030096084,4,96.08,7,3,3,9,2,2,8,6,7,21,34,60,84,30,34,38
150030096091,1,96.09,0,0,10,0,69,0,0,0,107,0,56,39,129,58,77,142
150030096092,2,96.09,10,0,0,0,0,0,0,0,0,9,10,15,59,38,19,23
150030096093,3,96.09,70,0,0,0,0,0,0,11,0,32,35,115,89,102,61,14
150030096101,1,96.10,0,0,0,76,0,21,0,12,0,21,9,16,37,0,9,21
150030096102,2,96.10,42,0,0,9,0,0,0,7,10,51,0,20,113,82,123,68
150030096103,3,96.10,0,0,0,0,0,9,0,0,0,47,10,9,0,86,10,9
150030096104,4,96.10,0,0,34,0,0,45,0,16,0,0,0,0,65,57,19,22
150030096105,5,96.10,0,0,22,30,0,0,0,94,0,7,85,45,49,0,177,0
150030097041,1,97.04,34,16,11,15,0,33,18,6,0,18,15,58,27,29,0,92
150030097042,2,97.04,8,2,5,9,7,6,2,25,13,5,30,58,15,18,60,59
150030097051,1,97.05,0,0,0,0,0,0,10,8,0,16,21,31,61,116,8,23
150030097052,2,97.05,0,7,0,0,0,9,0,0,0,51,43,33,65,42,6,34
150030097053,3,97.05,10,75,21,7,7,23,43,6,42,15,0,28,18,32,19,35
150030097061,1,97.06,13,3,0,2,8,0,3,11,7,37,10,40,21,7,19,39
150030097062,2,97.06,0,0,12,6,11,0,0,0,11,0,6,74,15,73,9,13
150030097063,3,97.06,14,0,4,3,0,9,2,3,9,18,5,73,34,41,51,47
150030097071,1,97.07,26,74,54,34,0,64,0,4,11,37,58,120,40,7,0,24
150030097072,2,97.07,110,53,0,22,10,31,0,55,0,71,5,64,26,14,0,42
150030097073,3,97.07,44,46,0,54,115,4,34,0,0,21,35,61,5,29,120,54
150030097074,4,97.07,0,0,0,0,9,8,0,8,1,8,26,34,73,40,0,27
150030098011,1,98.01,4,4,0,0,0,9,1,10,0,9,2,48,14,1,38,62
150030098012,2,98.01,117,117,15,87,20,30,11,21,54,30,56,156,121,39,18,33
150030098031,1,98.03,12,0,0,0,0,29,0,7,0,28,74,7,28,27,0,26
150030098032,2,98.03,12,12,0,0,0,0,0,0,25,0,24,28,43,97,49,13
150030098033,3,98.03,0,0,14,0,0,129,21,14,36,0,28,26,14,27,12,0
150030098041,1,98.04,0,10,0,0,0,0,29,5,0,5,10,113,17,1,27,0
150030098042,2,98.04,142,32,29,0,0,0,15,0,0,17,20,24,47,14,13,12
150030098043,3,98.04,7,0,0,16,10,12,17,0,4,0,23,46,46,21,17,47
150030099021,1,99.02,50,25,0,0,0,45,0,0,0,0,56,10,0,15,10,9
150030099022,2,99.02,26,8,24,51,0,0,0,8,0,0,46,111,42,62,31,34
150030099023,3,99.02,0,0,8,0,0,0,0,8,37,17,9,67,40,46,17,62
150030099024,4,99.02,14,0,0,0,0,0,0,0,0,0,17,38,27,9,25,44
150030099051,1,99.05,8,16,14,0,26,0,0,36,0,19,20,36,46,0,26,23
150030099052,2,99.05,31,30,4,0,14,15,16,0,0,0,0,37,31,22,57,26
150030099053,3,99.05,0,0,9,59,16,0,7,0,13,37,31,31,83,68,21,73
150030099061,1,99.06,9,15,17,51,3,16,20,17,13,24,91,42,52,62,36,128
150030099062,2,99.06,23,11,0,0,3,0,0,0,12,15,14,20,10,7,40,24
150030099063,3,99.06,0,0,0,0,0,0,0,0,0,11,0,0,0,0,0,0
150030100001,1,100,0,0,12,0,0,0,0,0,47,10,66,20,43,25,18,181
150030100002,2,100,27,0,14,1,0,52,41,11,14,19,27,92,25,19,10,7
150030100003,3,100,0,0,0,0,23,7,40,23,0,42,118,335,104,54,57,74
150030101011,1,101.01,0,0,0,14,0,0,0,4,30,34,36,92,75,13,13,66
150030101012,2,101.01,41,0,39,7,0,0,13,0,0,23,24,113,77,42,55,32
150030101021,1,101.02,12,0,101,5,12,6,13,0,0,0,44,70,32,73,40,180
150030101022,2,101.02,0,6,0,0,0,0,0,0,33,0,23,49,6,47,21,35
150030101031,1,101.03,14,1,2,6,0,5,2,4,6,8,38,25,16,8,29,15
150030101032,2,101.03,58,13,33,0,5,9,16,9,11,47,128,58,55,42,60,64
150030102021,1,102.02,15,0,0,8,5,5,0,0,0,15,25,15,32,30,76,14
150030102022,2,102.02,0,0,0,6,0,18,0,0,19,11,30,52,4,28,13,7
150030102023,3,102.02,14,13,0,0,0,0,0,0,34,79,7,9,88,97,69,84
150030102024,4,102.02,9,13,15,0,0,0,16,0,0,43,32,60,35,24,27,62
150030102031,1,102.03,6,40,17,3,0,7,0,11,0,3,42,46,10,15,50,68
150030102041,1,102.04,0,0,0,0,0,0,0,0,0,11,5,0,54,81,26,16
150030102042,2,102.04,14,20,0,0,31,0,13,23,5,44,19,71,69,12,58,58
150030102051,1,102.05,24,0,11,9,35,2,26,14,26,33,35,40,36,104,58,103
150030103031,1,103.03,0,43,0,10,0,0,0,0,10,0,44,73,20,86,21,118
150030103032,2,103.03,0,0,0,0,0,12,53,5,12,27,19,62,91,123,95,181
150030103033,3,103.03,33,3,2,21,3,15,3,0,0,0,70,41,20,42,5,53
150030103051,1,103.05,12,0,0,0,0,0,0,0,0,20,82,84,66,52,95,182
150030103052,2,103.05,11,28,10,0,5,50,13,0,25,13,34,57,0,33,30,36
150030103053,3,103.05,0,10,0,0,14,34,18,29,0,12,67,123,64,94,121,128
150030103081,1,103.08,64,18,0,10,0,0,0,33,9,7,17,39,44,50,119,147
150030103082,2,103.08,0,9,0,0,0,0,0,7,0,32,51,21,52,37,149,250
150030103083,3,103.08,0,0,0,0,0,0,0,0,0,0,0,0,0,0,0,0
150030103091,1,103.09,0,15,0,0,0,0,0,0,0,0,16,10,42,101,37,208
150030103092,2,103.09,22,13,0,37,16,31,9,10,0,31,45,81,41,15,131,232
150030103093,3,103.09,0,10,0,0,0,6,5,0,0,0,9,8,44,21,49,140
150030103101,1,103.10,13,0,5,0,0,0,0,0,19,5,44,31,24,117,217,130
150030103102,2,103.10,6,0,0,0,0,0,22,0,0,6,20,84,51,79,39,0
150030105031,1,105.03,0,0,0,0,0,0,0,0,0,0,0,0,0,0,0,0
150030105032,2,105.03,7,18,12,5,13,26,0,6,0,6,70,65,67,59,27,162
150030105051,1,105.05,0,0,0,0,0,0,10,8,0,25,10,9,35,25,30,146
150030105052,2,105.05,15,10,0,26,0,0,0,0,21,22,8,60,43,39,48,158
150030105053,3,105.05,34,0,0,6,0,0,0,8,0,7,8,33,30,8,8,144
150030105071,1,105.07,34,48,12,44,0,18,23,13,48,12,48,104,73,164,35,72
150030105072,2,105.07,0,46,0,0,0,19,43,23,13,0,31,28,29,0,34,12
150030105073,3,105.07,0,0,0,0,0,0,0,0,46,0,25,56,61,16,86,32
150030105074,4,105.07,0,0,0,0,0,0,0,0,21,16,21,13,40,45,115,116
150030105081,1,105.08,9,0,0,0,0,17,0,0,0,13,17,18,0,27,25,88
150030105082,2,105.08,24,32,0,31,0,9,0,28,42,48,53,96,42,63,94,218
150030105091,1,105.09,34,0,0,36,10,27,0,0,0,43,0,30,15,8,77,0
150030105092,2,105.09,21,16,0,0,9,0,0,0,13,21,9,19,16,17,22,69
150030105101,1,105.10,0,11,10,0,99,6,0,0,19,0,14,75,89,58,115,149
150030105102,2,105.10,16,0,11,0,0,0,0,16,11,15,48,80,32,23,45,75
150030106011,1,106.01,0,0,0,0,0,0,0,0,0,0,19,45,73,8,88,88
150030106012,2,106.01,34,19,0,57,0,0,0,11,44,10,11,16,20,61,51,100
150030106013,3,106.01,0,0,0,19,0,0,0,0,11,30,0,66,47,10,18,110
150030106021,1,106.02,27,0,9,10,8,0,0,0,0,27,0,39,121,64,103,98
150030106022,2,106.02,0,0,0,0,0,20,33,49,16,54,11,24,150,60,135,188
150030106023,3,106.02,10,9,0,0,0,0,48,0,0,9,6,43,103,31,104,214
150030107011,1,107.01,30,0,9,8,9,8,48,21,4,0,37,36,70,34,62,183
150030107012,2,107.01,0,0,0,10,0,0,0,0,0,8,0,71,32,15,91,98
150030107013,3,107.01,9,0,0,0,9,0,0,5,11,0,52,62,44,18,72,189
150030107021,1,107.02,10,0,29,10,0,11,19,0,22,11,24,94,74,29,121,39
150030107022,2,107.02,0,0,10,8,0,10,0,38,0,8,32,50,58,37,29,81
150030107023,3,107.02,9,10,0,0,0,0,0,9,9,32,36,71,29,10,116,50
150030109011,1,109.01,0,0,12,0,8,0,0,0,0,0,8,28,19,25,44,92
150030109012,2,109.01,12,0,0,10,26,24,0,0,6,39,12,32,19,80,137,272
150030109031,1,109.03,30,0,19,21,32,0,9,0,2,0,77,110,67,134,96,275
150030109032,2,109.03,4,0,33,0,0,9,11,9,0,19,39,0,72,0,0,24
150030109033,3,109.03,0,0,0,0,0,0,22,11,16,18,49,19,47,89,33,87
150030109041,1,109.04,0,0,12,0,0,13,0,0,0,10,9,30,15,41,19,54
150030109042,2,109.04,0,0,0,5,5,0,0,5,0,31,43,50,0,17,13,110
150030109043,3,109.04,0,0,0,13,11,0,0,0,0,0,0,0,52,21,34,244
150030109044,4,109.04,75,0,0,0,0,17,20,0,0,15,0,18,60,32,0,29
150030109051,1,109.05,10,13,30,0,17,4,3,21,30,13,19,53,60,17,87,41
150030109052,2,109.05,25,0,0,6,4,23,0,0,3,21,26,103,57,43,65,135
150030110001,1,110,5,0,0,2,5,11,0,17,8,22,48,52,42,42,120,326
150030110002,2,110,7,7,0,2,0,0,8,0,34,0,7,51,143,18,68,172
150030111031,1,111.03,9,0,16,9,0,0,0,25,3,15,25,90,89,112,262,306
150030111032,2,111.03,0,0,0,0,0,0,13,0,12,0,13,50,101,37,34,51
150030111041,1,111.04,0,0,25,0,5,0,8,9,0,0,9,8,124,38,117,196
150030111042,2,111.04,0,15,0,0,0,0,0,3,0,7,11,64,20,17,19,151
150030111043,3,111.04,19,24,0,8,8,0,16,9,10,0,0,32,32,52,104,160
150030111044,4,111.04,24,0,0,0,0,0,0,0,31,15,13,24,9,23,92,100
150030111051,1,111.05,0,0,0,0,10,0,9,15,0,0,21,37,17,16,91,91
150030111052,2,111.05,14,5,8,0,24,12,12,0,10,44,18,95,62,214,75,173
150030111053,3,111.05,14,0,8,6,0,3,18,0,29,0,0,64,51,17,43,105
150030111061,1,111.06,10,4,19,15,0,8,0,0,0,18,8,15,65,41,64,155
150030111062,2,111.06,0,0,6,16,0,0,9,15,0,90,14,9,23,33,19,135
150030111063,3,111.06,8,0,0,0,0,21,0,0,0,17,0,17,63,22,126,170
150030111064,4,111.06,0,8,0,0,0,0,16,0,0,8,0,138,59,23,51,31
150030111065,5,111.06,14,30,0,0,0,0,0,0,0,0,0,19,10,9,109,134
150030112011,1,112.01,0,0,0,0,10,9,0,10,0,20,17,34,83,9,70,202
150030112012,2,112.01,0,0,0,0,11,0,26,50,0,10,0,9,9,9,25,145
150030112013,3,112.01,0,9,0,7,0,9,0,0,0,0,22,0,9,9,23,212
150030112014,4,112.01,0,0,0,0,0,0,0,0,0,0,138,15,28,16,35,104
150030112015,5,112.01,19,0,0,12,0,0,0,11,0,0,67,7,30,36,28,115
150030112021,1,112.02,6,5,0,0,0,0,0,7,6,38,6,21,5,28,67,126
150030112022,2,112.02,22,0,0,15,21,0,0,17,0,22,35,96,12,0,22,151
150030113001,1,113,0,0,0,21,0,0,30,0,0,0,10,9,53,0,8,71
150030113002,2,113,21,0,0,0,32,13,11,52,8,3,35,14,20,12,51,153
150030113003,3,113,26,9,27,12,9,0,26,35,34,0,21,104,48,58,120,163
150030114011,1,114.01,7,0,0,0,0,7,8,6,0,71,50,43,0,12,0,8
150030114012,2,114.01,35,7,0,0,0,37,6,66,22,4,33,82,107,83,72,43
150030115001,1,115,3,27,0,21,0,38,3,15,8,21,52,141,37,99,81,87
150030115002,2,115,19,0,0,0,5,6,16,0,20,26,27,54,120,75,22,78
150030115003,3,115,9,5,6,5,4,2,0,14,2,10,38,40,36,80,199,186
150030115004,4,115,16,56,0,0,20,0,16,0,0,79,68,209,143,188,150,542
150030115005,5,115,0,32,18,20,0,0,16,19,0,9,0,124,189,19,0,84
150030116001,1,116,5,0,21,0,0,12,0,0,0,7,8,35,20,0,27,144
150030116002,2,116,3,0,2,0,2,8,6,8,3,14,5,27,104,40,43,187
150039400031,1,9400.03,18,0,0,7,14,0,16,30,34,15,70,82,76,53,90,147
150039400041,1,9400.04,17,10,15,19,22,7,19,16,10,16,32,45,32,46,101,127
150039400051,1,9400.05,28,0,0,0,0,7,5,6,22,21,34,89,52,45,128,138
150039400061,1,9400.06,35,18,7,15,20,53,14,7,36,31,71,71,48,42,74,75
150039400071,1,9400.07,53,11,0,58,5,9,29,8,9,61,33,92,28,59,40,0
150039800001,1,9800,0,0,0,0,0,0,0,0,0,0,0,0,0,0,0,0
150039802001,1,9802,0,0,0,0,0,0,0,0,0,0,0,0,0,0,0,0
150039803001,1,9803,0,0,0,0,0,0,0,0,0,0,0,0,0,0,0,0
150039806001,1,9806,0,0,0,0,0,0,0,0,20,0,0,0,0,0,0,0
150039807001,1,9807,0,0,0,0,0,0,0,0,0,0,0,0,0,0,0,0
150039808001,1,9808,0,0,0,0,0,0,0,0,0,0,0,0,0,0,0,0
150039810001,1,9810,0,0,0,0,0,0,0,0,0,0,0,0,0,0,0,0
150039811001,1,9811,0,0,0,0,0,0,0,0,0,0,0,0,0,0,0,3
150039812001,1,9812,0,0,0,0,0,0,0,0,0,0,0,0,0,0,0,0
150039813001,1,9813,0,0,0,0,0,0,5,0,0,0,13,28,0,0,0,0
150039814001,1,9814,0,0,0,0,0,0,0,0,0,0,0,0,0,7,0,0
150039817001,1,9817,54,0,8,14,24,19,50,18,20,249,42,75,61,0,36,63
150039818011,1,9818.01,38,29,16,0,14,35,0,34,12,156,126,274,137,58,5,51
150039818021,1,9818.02,14,0,0,0,5,0,0,0,0,27,57,15,67,55,62,117
150039818031,1,9818.03,13,0,8,0,34,29,72,21,35,50,32,28,27,16,0,0
150039819001,1,9819,0,0,0,0,0,0,0,0,0,0,0,0,0,0,0,0
150039820001,1,9820,0,0,0,0,0,0,0,0,0,0,0,60,29,13,39,51
150039821001,1,9821,0,0,0,0,0,0,0,0,0,0,0,0,0,0,0,0
150039822001,1,9822,0,0,0,0,0,0,0,0,0,0,0,0,0,0,0,0
150039900010,0,9900.01,0,0,0,0,0,0,0,0,0,0,0,0,0,0,0,0
