GEOID,NAME,total_hh,total_hh_moe,multi_person_est,multi_person_moe,multi_person_share,living_alone_est,living_alone_moe,living_alone_share,block_group,tract
150030001071,Block Group 1; Census Tract 1.07; Honolulu County; Hawaii,518,58,465,63,0.8977,53,32,0.1023,1,1.07
150030001072,Block Group 2; Census Tract 1.07; Honolulu County; Hawaii,425,75,378,68.6,0.8894,47,42,0.1106,2,1.07
150030001081,Block Group 1; Census Tract 1.08; Honolulu County; Hawaii,457,95,374,89.3,0.8184,83,48,0.1816,1,1.08
150030001082,Block Group 2; Census Tract 1.08; Honolulu County; Hawaii,355,93,296,92.1,0.8338,59,42,0.1662,2,1.08
150030001083,Block Group 3; Census Tract 1.08; Honolulu County; Hawaii,461,193,414,191.7,0.898,47,34,0.102,3,1.08
150030001101,Block Group 1; Census Tract 1.10; Honolulu County; Hawaii,456,125,395,119.1,0.8662,61,52,0.1338,1,1.10
150030001102,Block Group 2; Census Tract 1.10; Honolulu County; Hawaii,270,79,253,81.1,0.937,17,17,0.063,2,1.10
150030001103,Block Group 3; Census Tract 1.10; Honolulu County; Hawaii,533,117,441,115.1,0.8274,92,52,0.1726,3,1.10
150030001104,Block Group 4; Census Tract 1.10; Honolulu County; Hawaii,197,53,156,53.5,0.7919,41,43,0.2081,4,1.10
150030001141,Block Group 1; Census Tract 1.14; Honolulu County; Hawaii,168,43,136,42.1,0.8095,32,22,0.1905,1,1.14
150030001142,Block Group 2; Census Tract 1.14; Honolulu County; Hawaii,352,79,272,70.1,0.7727,80,37,0.2273,2,1.14
150030001151,Block Group 1; Census Tract 1.15; Honolulu County; Hawaii,579,191,400,170,0.6908,179,89,0.3092,1,1.15
150030001152,Block Group 2; Census Tract 1.15; Honolulu County; Hawaii,232,65,188,66.1,0.8103,44,36,0.1897,2,1.15
150030001153,Block Group 3; Census Tract 1.15; Honolulu County; Hawaii,97,45,80,37.2,0.8247,17,27,0.1753,3,1.15
150030001161,Block Group 1; Census Tract 1.16; Honolulu County; Hawaii,1121,154,739,138,0.6592,382,130,0.3408,1,1.16
150030001171,Block Group 1; Census Tract 1.17; Honolulu County; Hawaii,608,120,457,106.9,0.7516,151,74,0.2484,1,1.17
150030001181,Block Group 1; Census Tract 1.18; Honolulu County; Hawaii,679,100,614,114.1,0.9043,65,39,0.0957,1,1.18
150030001191,Block Group 1; Census Tract 1.19; Honolulu County; Hawaii,322,63,284,65.1,0.882,38,26,0.118,1,1.19
150030001192,Block Group 2; Census Tract 1.19; Honolulu County; Hawaii,345,179,316,179,0.9159,29,23,0.0841,2,1.19
150030001193,Block Group 3; Census Tract 1.19; Honolulu County; Hawaii,156,39,148,40.1,0.9487,8,12,0.0513,3,1.19
150030001201,Block Group 1; Census Tract 1.20; Honolulu County; Hawaii,271,66,240,67.1,0.8856,31,37,0.1144,1,1.20
150030001202,Block Group 2; Census Tract 1.20; Honolulu County; Hawaii,201,44,193,43.1,0.9602,8,12,0.0398,2,1.20
150030001203,Block Group 3; Census Tract 1.20; Honolulu County; Hawaii,365,89,324,60.4,0.8877,41,66,0.1123,3,1.20
150030001211,Block Group 1; Census Tract 1.21; Honolulu County; Hawaii,705,102,591,111.9,0.8383,114,62,0.1617,1,1.21
150030001212,Block Group 2; Census Tract 1.21; Honolulu County; Hawaii,332,81,292,79.6,0.8795,40,48,0.1205,2,1.21
150030001221,Block Group 1; Census Tract 1.22; Honolulu County; Hawaii,443,161,400,160.5,0.9029,43,40,0.0971,1,1.22
150030001222,Block Group 2; Census Tract 1.22; Honolulu County; Hawaii,217,66,204,70.1,0.9401,13,21,0.0599,2,1.22
150030001223,Block Group 3; Census Tract 1.22; Honolulu County; Hawaii,323,73,240,84.1,0.743,83,60,0.257,3,1.22
150030002001,Block Group 1; Census Tract 2; Honolulu County; Hawaii,233,75,211,81,0.9056,22,25,0.0944,1,2
150030002002,Block Group 2; Census Tract 2; Honolulu County; Hawaii,212,86,183,87.1,0.8632,29,26,0.1368,2,2
150030002003,Block Group 3; Census Tract 2; Honolulu County; Hawaii,511,125,427,122,0.8356,84,39,0.1644,3,2
150030002004,Block Group 4; Census Tract 2; Honolulu County; Hawaii,306,88,293,89.3,0.9575,13,20,0.0425,4,2
150030002005,Block Group 5; Census Tract 2; Honolulu County; Hawaii,306,79,244,77.1,0.7974,62,36,0.2026,5,2
150030002006,Block Group 6; Census Tract 2; Honolulu County; Hawaii,282,90,186,75.7,0.6596,96,73,0.3404,6,2
150030003011,Block Group 1; Census Tract 3.01; Honolulu County; Hawaii,682,219,573,212.4,0.8402,109,73,0.1598,1,3.01
150030003012,Block Group 2; Census Tract 3.01; Honolulu County; Hawaii,585,107,518,95.1,0.8855,67,54,0.1145,2,3.01
150030003021,Block Group 1; Census Tract 3.02; Honolulu County; Hawaii,545,134,460,136,0.844,85,40,0.156,1,3.02
150030003022,Block Group 2; Census Tract 3.02; Honolulu County; Hawaii,445,89,341,68.9,0.7663,104,57,0.2337,2,3.02
150030004011,Block Group 1; Census Tract 4.01; Honolulu County; Hawaii,230,65,187,67.1,0.813,43,29,0.187,1,4.01
150030004012,Block Group 2; Census Tract 4.01; Honolulu County; Hawaii,812,102,674,115.5,0.83,138,63,0.17,2,4.01
150030004021,Block Group 1; Census Tract 4.02; Honolulu County; Hawaii,279,79,219,64,0.7849,60,53,0.2151,1,4.02
150030004022,Block Group 2; Census Tract 4.02; Honolulu County; Hawaii,811,122,721,126.8,0.889,90,56,0.111,2,4.02
150030004023,Block Group 3; Census Tract 4.02; Honolulu County; Hawaii,287,68,244,68.1,0.8502,43,33,0.1498,3,4.02
150030005001,Block Group 1; Census Tract 5; Honolulu County; Hawaii,219,80,208,80.3,0.9498,11,16,0.0502,1,5
150030005002,Block Group 2; Census Tract 5; Honolulu County; Hawaii,240,110,221,110.1,0.9208,19,20,0.0792,2,5
150030005003,Block Group 3; Census Tract 5; Honolulu County; Hawaii,256,87,170,48.1,0.6641,86,81,0.3359,3,5
150030005004,Block Group 4; Census Tract 5; Honolulu County; Hawaii,326,98,196,71.8,0.6012,130,78,0.3988,4,5
150030005005,Block Group 5; Census Tract 5; Honolulu County; Hawaii,263,66,168,60.4,0.6388,95,55,0.3612,5,5
150030006001,Block Group 1; Census Tract 6; Honolulu County; Hawaii,0,12,0,4.9,NA,0,12,NA,1,6
150030006002,Block Group 2; Census Tract 6; Honolulu County; Hawaii,440,117,384,114.1,0.8727,56,33,0.1273,2,6
150030007001,Block Group 1; Census Tract 7; Honolulu County; Hawaii,278,75,254,72.1,0.9137,24,21,0.0863,1,7
150030007002,Block Group 2; Census Tract 7; Honolulu County; Hawaii,184,51,124,50.6,0.6739,60,42,0.3261,2,7
150030007003,Block Group 3; Census Tract 7; Honolulu County; Hawaii,277,87,244,85.6,0.8809,33,33,0.1191,3,7
150030007004,Block Group 4; Census Tract 7; Honolulu County; Hawaii,295,92,283,90.8,0.9593,12,15,0.0407,4,7
150030008001,Block Group 1; Census Tract 8; Honolulu County; Hawaii,470,115,275,86.1,0.5851,195,115,0.4149,1,8
150030008002,Block Group 2; Census Tract 8; Honolulu County; Hawaii,470,108,330,105.4,0.7021,140,58,0.2979,2,8
150030008003,Block Group 3; Census Tract 8; Honolulu County; Hawaii,379,92,327,89.5,0.8628,52,33,0.1372,3,8
150030009011,Block Group 1; Census Tract 9.01; Honolulu County; Hawaii,385,75,267,82.3,0.6935,118,54,0.3065,1,9.01
150030009012,Block Group 2; Census Tract 9.01; Honolulu County; Hawaii,537,92,371,86.7,0.6909,166,61,0.3091,2,9.01
150030009031,Block Group 1; Census Tract 9.03; Honolulu County; Hawaii,384,73,269,74.2,0.7005,115,68,0.2995,1,9.03
150030009032,Block Group 2; Census Tract 9.03; Honolulu County; Hawaii,550,94,434,94.9,0.7891,116,70,0.2109,2,9.03
150030009041,Block Group 1; Census Tract 9.04; Honolulu County; Hawaii,759,180,665,199.4,0.8762,94,48,0.1238,1,9.04
150030009051,Block Group 1; Census Tract 9.05; Honolulu County; Hawaii,402,116,332,112.9,0.8259,70,37,0.1741,1,9.05
150030009052,Block Group 2; Census Tract 9.05; Honolulu County; Hawaii,412,69,357,77.8,0.8665,55,38,0.1335,2,9.05
150030010001,Block Group 1; Census Tract 10; Honolulu County; Hawaii,490,144,394,149.2,0.8041,96,59,0.1959,1,10
150030010002,Block Group 2; Census Tract 10; Honolulu County; Hawaii,614,152,358,102.9,0.5831,256,139,0.4169,2,10
150030011011,Block Group 1; Census Tract 11.01; Honolulu County; Hawaii,262,59,218,66.2,0.8321,44,31,0.1679,1,11.01
150030011012,Block Group 2; Census Tract 11.01; Honolulu County; Hawaii,267,84,196,85.6,0.7341,71,58,0.2659,2,11.01
150030011021,Block Group 1; Census Tract 11.02; Honolulu County; Hawaii,379,141,281,122.5,0.7414,98,66,0.2586,1,11.02
150030011022,Block Group 2; Census Tract 11.02; Honolulu County; Hawaii,297,62,203,55,0.6835,94,63,0.3165,2,11.02
150030012011,Block Group 1; Census Tract 12.01; Honolulu County; Hawaii,409,153,249,84.3,0.6088,160,123,0.3912,1,12.01
150030012012,Block Group 2; Census Tract 12.01; Honolulu County; Hawaii,620,105,564,118.7,0.9097,56,44,0.0903,2,12.01
150030012021,Block Group 1; Census Tract 12.02; Honolulu County; Hawaii,641,97,504,92.7,0.7863,137,56,0.2137,1,12.02
150030012022,Block Group 2; Census Tract 12.02; Honolulu County; Hawaii,313,94,238,95.5,0.7604,75,41,0.2396,2,12.02
150030013001,Block Group 1; Census Tract 13; Honolulu County; Hawaii,394,100,334,109.6,0.8477,60,45,0.1523,1,13
150030013002,Block Group 2; Census Tract 13; Honolulu County; Hawaii,460,151,408,162,0.887,52,33,0.113,2,13
150030013003,Block Group 3; Census Tract 13; Honolulu County; Hawaii,269,84,250,87.1,0.9294,19,19,0.0706,3,13
150030013004,Block Group 4; Census Tract 13; Honolulu County; Hawaii,288,107,157,64,0.5451,131,98,0.4549,4,13
150030014001,Block Group 1; Census Tract 14; Honolulu County; Hawaii,340,143,289,141.1,0.85,51,41,0.15,1,14
150030014002,Block Group 2; Census Tract 14; Honolulu County; Hawaii,577,107,483,108.2,0.8371,94,40,0.1629,2,14
150030015011,Block Group 1; Census Tract 15.01; Honolulu County; Hawaii,672,258,453,100.7,0.6741,219,240,0.3259,1,15.01
150030015021,Block Group 1; Census Tract 15.02; Honolulu County; Hawaii,310,103,249,78.4,0.8032,61,71,0.1968,1,15.02
150030015022,Block Group 2; Census Tract 15.02; Honolulu County; Hawaii,490,107,360,102.2,0.7347,130,73,0.2653,2,15.02
150030016011,Block Group 1; Census Tract 16.01; Honolulu County; Hawaii,465,96,350,105.6,0.7527,115,47,0.2473,1,16.01
150030016012,Block Group 2; Census Tract 16.01; Honolulu County; Hawaii,198,48,148,50.5,0.7475,50,33,0.2525,2,16.01
150030016021,Block Group 1; Census Tract 16.02; Honolulu County; Hawaii,249,52,198,50.6,0.7952,51,32,0.2048,1,16.02
150030016022,Block Group 2; Census Tract 16.02; Honolulu County; Hawaii,259,77,212,77.3,0.8185,47,40,0.1815,2,16.02
150030017001,Block Group 1; Census Tract 17; Honolulu County; Hawaii,617,130,394,109.6,0.6386,223,96,0.3614,1,17
150030017002,Block Group 2; Census Tract 17; Honolulu County; Hawaii,434,116,232,93.4,0.5346,202,100,0.4654,2,17
150030018011,Block Group 1; Census Tract 18.01; Honolulu County; Hawaii,274,99,89,52.4,0.3248,185,83,0.6752,1,18.01
150030018012,Block Group 2; Census Tract 18.01; Honolulu County; Hawaii,239,100,69,43.1,0.2887,170,91,0.7113,2,18.01
150030018031,Block Group 1; Census Tract 18.03; Honolulu County; Hawaii,495,161,249,142,0.503,246,112,0.497,1,18.03
150030018032,Block Group 2; Census Tract 18.03; Honolulu County; Hawaii,165,95,74,46.7,0.4485,91,87,0.5515,2,18.03
150030018033,Block Group 3; Census Tract 18.03; Honolulu County; Hawaii,570,171,296,120.7,0.5193,274,127,0.4807,3,18.03
150030018034,Block Group 4; Census Tract 18.03; Honolulu County; Hawaii,426,125,295,131.3,0.6925,131,75,0.3075,4,18.03
150030018041,Block Group 1; Census Tract 18.04; Honolulu County; Hawaii,370,96,155,59.7,0.4189,215,94,0.5811,1,18.04
150030018042,Block Group 2; Census Tract 18.04; Honolulu County; Hawaii,500,148,179,69.9,0.358,321,138,0.642,2,18.04
150030019011,Block Group 1; Census Tract 19.01; Honolulu County; Hawaii,278,71,175,63.6,0.6295,103,35,0.3705,1,19.01
150030019051,Block Group 1; Census Tract 19.05; Honolulu County; Hawaii,267,115,194,108.4,0.7266,73,50,0.2734,1,19.05
150030019052,Block Group 2; Census Tract 19.05; Honolulu County; Hawaii,597,150,253,111.2,0.4238,344,133,0.5762,2,19.05
150030019061,Block Group 1; Census Tract 19.06; Honolulu County; Hawaii,512,143,71,48,0.1387,441,135,0.8613,1,19.06
150030019062,Block Group 2; Census Tract 19.06; Honolulu County; Hawaii,485,127,401,118.9,0.8268,84,51,0.1732,2,19.06
150030019063,Block Group 3; Census Tract 19.06; Honolulu County; Hawaii,735,159,343,122.6,0.4667,392,109,0.5333,3,19.06
150030019071,Block Group 1; Census Tract 19.07; Honolulu County; Hawaii,760,258,367,210.1,0.4829,393,143,0.5171,1,19.07
150030019072,Block Group 2; Census Tract 19.07; Honolulu County; Hawaii,164,92,57,43,0.3476,107,98,0.6524,2,19.07
150030019073,Block Group 3; Census Tract 19.07; Honolulu County; Hawaii,638,116,265,105.1,0.4154,373,125,0.5846,3,19.07
150030020031,Block Group 1; Census Tract 20.03; Honolulu County; Hawaii,502,110,251,97.6,0.5,251,80,0.5,1,20.03
150030020032,Block Group 2; Census Tract 20.03; Honolulu County; Hawaii,868,203,141,127.8,0.1624,727,189,0.8376,2,20.03
150030020041,Block Group 1; Census Tract 20.04; Honolulu County; Hawaii,319,74,135,54.1,0.4232,184,60,0.5768,1,20.04
150030020042,Block Group 2; Census Tract 20.04; Honolulu County; Hawaii,495,110,210,87.4,0.4242,285,103,0.5758,2,20.04
150030020051,Block Group 1; Census Tract 20.05; Honolulu County; Hawaii,572,160,199,126.6,0.3479,373,113,0.6521,1,20.05
150030020052,Block Group 2; Census Tract 20.05; Honolulu County; Hawaii,556,195,220,101.7,0.3957,336,184,0.6043,2,20.05
150030020061,Block Group 1; Census Tract 20.06; Honolulu County; Hawaii,488,123,252,93.2,0.5164,236,105,0.4836,1,20.06
150030020062,Block Group 2; Census Tract 20.06; Honolulu County; Hawaii,731,178,324,91,0.4432,407,162,0.5568,2,20.06
150030021011,Block Group 1; Census Tract 21.01; Honolulu County; Hawaii,179,61,101,56.4,0.5642,78,42,0.4358,1,21.01
150030021012,Block Group 2; Census Tract 21.01; Honolulu County; Hawaii,262,98,207,94.1,0.7901,55,37,0.2099,2,21.01
150030021013,Block Group 3; Census Tract 21.01; Honolulu County; Hawaii,496,150,182,68.7,0.3669,314,133,0.6331,3,21.01
150030021021,Block Group 1; Census Tract 21.02; Honolulu County; Hawaii,258,125,125,65.1,0.4845,133,120,0.5155,1,21.02
150030021022,Block Group 2; Census Tract 21.02; Honolulu County; Hawaii,577,83,381,93.5,0.6603,196,67,0.3397,2,21.02
150030022031,Block Group 1; Census Tract 22.03; Honolulu County; Hawaii,836,129,446,96.9,0.5335,390,114,0.4665,1,22.03
150030022041,Block Group 1; Census Tract 22.04; Honolulu County; Hawaii,712,88,381,99.6,0.5351,331,81,0.4649,1,22.04
150030022051,Block Group 1; Census Tract 22.05; Honolulu County; Hawaii,890,283,517,139.8,0.5809,373,268,0.4191,1,22.05
150030022061,Block Group 1; Census Tract 22.06; Honolulu County; Hawaii,555,106,262,96.5,0.4721,293,89,0.5279,1,22.06
150030022062,Block Group 2; Census Tract 22.06; Honolulu County; Hawaii,414,127,289,67.1,0.6981,125,108,0.3019,2,22.06
150030023011,Block Group 1; Census Tract 23.01; Honolulu County; Hawaii,309,73,234,74.4,0.7573,75,38,0.2427,1,23.01
150030023012,Block Group 2; Census Tract 23.01; Honolulu County; Hawaii,620,179,396,176.2,0.6387,224,94,0.3613,2,23.01
150030023013,Block Group 3; Census Tract 23.01; Honolulu County; Hawaii,766,253,321,139,0.4191,445,236,0.5809,3,23.01
150030023021,Block Group 1; Census Tract 23.02; Honolulu County; Hawaii,656,103,347,109.6,0.529,309,112,0.471,1,23.02
150030023022,Block Group 2; Census Tract 23.02; Honolulu County; Hawaii,332,90,229,100.4,0.6898,103,53,0.3102,2,23.02
150030024011,Block Group 1; Census Tract 24.01; Honolulu County; Hawaii,275,77,170,71.5,0.6182,105,49,0.3818,1,24.01
150030024012,Block Group 2; Census Tract 24.01; Honolulu County; Hawaii,382,102,276,96.6,0.7225,106,67,0.2775,2,24.01
150030024013,Block Group 3; Census Tract 24.01; Honolulu County; Hawaii,365,95,165,70.2,0.4521,200,85,0.5479,3,24.01
150030024014,Block Group 4; Census Tract 24.01; Honolulu County; Hawaii,195,108,116,86.1,0.5949,79,57,0.4051,4,24.01
150030024031,Block Group 1; Census Tract 24.03; Honolulu County; Hawaii,361,118,285,125.5,0.7895,76,49,0.2105,1,24.03
150030024032,Block Group 2; Census Tract 24.03; Honolulu County; Hawaii,397,168,181,71.2,0.4559,216,155,0.5441,2,24.03
150030024041,Block Group 1; Census Tract 24.04; Honolulu County; Hawaii,310,71,77,42.5,0.2484,233,60,0.7516,1,24.04
150030024042,Block Group 2; Census Tract 24.04; Honolulu County; Hawaii,405,63,287,72.8,0.7086,118,50,0.2914,2,24.04
150030025001,Block Group 1; Census Tract 25; Honolulu County; Hawaii,1143,208,553,193.3,0.4838,590,173,0.5162,1,25
150030025002,Block Group 2; Census Tract 25; Honolulu County; Hawaii,476,141,252,106.2,0.5294,224,91,0.4706,2,25
150030025003,Block Group 3; Census Tract 25; Honolulu County; Hawaii,270,110,63,54.1,0.2333,207,101,0.7667,3,25
150030026001,Block Group 1; Census Tract 26; Honolulu County; Hawaii,530,142,226,84.2,0.4264,304,118,0.5736,1,26
150030026002,Block Group 2; Census Tract 26; Honolulu County; Hawaii,325,93,105,61.4,0.3231,220,86,0.6769,2,26
150030026003,Block Group 3; Census Tract 26; Honolulu County; Hawaii,419,140,180,76.1,0.4296,239,104,0.5704,3,26
150030026004,Block Group 4; Census Tract 26; Honolulu County; Hawaii,562,187,382,171.8,0.6797,180,68,0.3203,4,26
150030027011,Block Group 1; Census Tract 27.01; Honolulu County; Hawaii,110,52,74,44.1,0.6727,36,27,0.3273,1,27.01
150030027012,Block Group 2; Census Tract 27.01; Honolulu County; Hawaii,547,244,291,87.6,0.532,256,214,0.468,2,27.01
150030027013,Block Group 3; Census Tract 27.01; Honolulu County; Hawaii,133,52,52,40.3,0.391,81,44,0.609,3,27.01
150030027021,Block Group 1; Census Tract 27.02; Honolulu County; Hawaii,289,111,256,117.6,0.8858,33,34,0.1142,1,27.02
150030027022,Block Group 2; Census Tract 27.02; Honolulu County; Hawaii,452,188,240,93.5,0.531,212,201,0.469,2,27.02
150030027023,Block Group 3; Census Tract 27.02; Honolulu County; Hawaii,850,155,487,134.2,0.5729,363,130,0.4271,3,27.02
150030027024,Block Group 4; Census Tract 27.02; Honolulu County; Hawaii,512,157,343,157,0.6699,169,72,0.3301,4,27.02
150030028011,Block Group 1; Census Tract 28.01; Honolulu County; Hawaii,609,86,444,87.7,0.7291,165,50,0.2709,1,28.01
150030028021,Block Group 1; Census Tract 28.02; Honolulu County; Hawaii,270,100,140,45.9,0.5185,130,99,0.4815,1,28.02
150030028022,Block Group 2; Census Tract 28.02; Honolulu County; Hawaii,679,125,457,124,0.673,222,109,0.327,2,28.02
150030029001,Block Group 1; Census Tract 29; Honolulu County; Hawaii,897,153,618,77.3,0.689,279,129,0.311,1,29
150030030001,Block Group 1; Census Tract 30; Honolulu County; Hawaii,386,140,284,131.5,0.7358,102,64,0.2642,1,30
150030030002,Block Group 2; Census Tract 30; Honolulu County; Hawaii,401,112,307,97.1,0.7656,94,67,0.2344,2,30
150030030003,Block Group 3; Census Tract 30; Honolulu County; Hawaii,430,132,408,133.4,0.9488,22,21,0.0512,3,30
150030030004,Block Group 4; Census Tract 30; Honolulu County; Hawaii,449,129,308,89.7,0.686,141,87,0.314,4,30
150030031021,Block Group 1; Census Tract 31.02; Honolulu County; Hawaii,960,193,657,144.9,0.6844,303,167,0.3156,1,31.02
150030031022,Block Group 2; Census Tract 31.02; Honolulu County; Hawaii,381,118,286,66.7,0.7507,95,102,0.2493,2,31.02
150030031031,Block Group 1; Census Tract 31.03; Honolulu County; Hawaii,533,52,404,82.4,0.758,129,50,0.242,1,31.03
150030031041,Block Group 1; Census Tract 31.04; Honolulu County; Hawaii,853,204,699,211.6,0.8195,154,60,0.1805,1,31.04
150030034041,Block Group 1; Census Tract 34.04; Honolulu County; Hawaii,1052,254,611,246.4,0.5808,441,150,0.4192,1,34.04
150030034042,Block Group 2; Census Tract 34.04; Honolulu County; Hawaii,356,121,173,84.5,0.486,183,128,0.514,2,34.04
150030034043,Block Group 3; Census Tract 34.04; Honolulu County; Hawaii,128,70,60,49.1,0.4688,68,53,0.5312,3,34.04
150030034044,Block Group 4; Census Tract 34.04; Honolulu County; Hawaii,743,153,501,164.1,0.6743,242,110,0.3257,4,34.04
150030034081,Block Group 1; Census Tract 34.08; Honolulu County; Hawaii,621,136,241,123.9,0.3881,380,141,0.6119,1,34.08
150030034082,Block Group 2; Census Tract 34.08; Honolulu County; Hawaii,482,94,336,111.8,0.6971,146,94,0.3029,2,34.08
150030034091,Block Group 1; Census Tract 34.09; Honolulu County; Hawaii,579,148,372,152,0.6425,207,114,0.3575,1,34.09
150030034092,Block Group 2; Census Tract 34.09; Honolulu County; Hawaii,400,119,148,71.6,0.37,252,113,0.63,2,34.09
150030034101,Block Group 1; Census Tract 34.10; Honolulu County; Hawaii,809,199,588,232.3,0.7268,221,85,0.2732,1,34.10
150030034111,Block Group 1; Census Tract 34.11; Honolulu County; Hawaii,637,186,315,81.7,0.4945,322,171,0.5055,1,34.11
150030034121,Block Group 1; Census Tract 34.12; Honolulu County; Hawaii,901,118,580,137.9,0.6437,321,88,0.3563,1,34.12
150030034131,Block Group 1; Census Tract 34.13; Honolulu County; Hawaii,706,149,327,95,0.4632,379,151,0.5368,1,34.13
150030034132,Block Group 2; Census Tract 34.13; Honolulu County; Hawaii,633,125,247,88.7,0.3902,386,122,0.6098,2,34.13
150030034141,Block Group 1; Census Tract 34.14; Honolulu County; Hawaii,288,82,181,69.3,0.6285,107,54,0.3715,1,34.14
150030034142,Block Group 2; Census Tract 34.14; Honolulu County; Hawaii,784,137,410,129.8,0.523,374,103,0.477,2,34.14
150030034143,Block Group 3; Census Tract 34.14; Honolulu County; Hawaii,812,203,458,149.8,0.564,354,154,0.436,3,34.14
150030034144,Block Group 4; Census Tract 34.14; Honolulu County; Hawaii,512,129,225,108.1,0.4395,287,85,0.5605,4,34.14
150030035011,Block Group 1; Census Tract 35.01; Honolulu County; Hawaii,380,87,205,96,0.5395,175,54,0.4605,1,35.01
150030035012,Block Group 2; Census Tract 35.01; Honolulu County; Hawaii,865,199,456,131.2,0.5272,409,157,0.4728,2,35.01
150030035031,Block Group 1; Census Tract 35.03; Honolulu County; Hawaii,661,50,323,82.8,0.4887,338,89,0.5113,1,35.03
150030035041,Block Group 1; Census Tract 35.04; Honolulu County; Hawaii,358,108,200,94.9,0.5587,158,72,0.4413,1,35.04
150030035042,Block Group 2; Census Tract 35.04; Honolulu County; Hawaii,1147,251,702,265.5,0.612,445,123,0.388,2,35.04
150030036031,Block Group 1; Census Tract 36.03; Honolulu County; Hawaii,769,134,315,117,0.4096,454,105,0.5904,1,36.03
150030036032,Block Group 2; Census Tract 36.03; Honolulu County; Hawaii,940,203,396,154.1,0.4213,544,162,0.5787,2,36.03
150030036033,Block Group 3; Census Tract 36.03; Honolulu County; Hawaii,117,60,77,61.1,0.6581,40,36,0.3419,3,36.03
150030036041,Block Group 1; Census Tract 36.04; Honolulu County; Hawaii,532,125,222,87.5,0.4173,310,108,0.5827,1,36.04
150030036042,Block Group 2; Census Tract 36.04; Honolulu County; Hawaii,709,156,294,100.2,0.4147,415,126,0.5853,2,36.04
150030036051,Block Group 1; Census Tract 36.05; Honolulu County; Hawaii,501,35,171,33.2,0.3413,330,51,0.6587,1,36.05
150030036061,Block Group 1; Census Tract 36.06; Honolulu County; Hawaii,631,126,355,121.9,0.5626,276,83,0.4374,1,36.06
150030036062,Block Group 2; Census Tract 36.06; Honolulu County; Hawaii,749,207,520,192.4,0.6943,229,91,0.3057,2,36.06
150030037011,Block Group 1; Census Tract 37.01; Honolulu County; Hawaii,312,113,108,74.1,0.3462,204,100,0.6538,1,37.01
150030037012,Block Group 2; Census Tract 37.01; Honolulu County; Hawaii,375,122,319,116.3,0.8507,56,60,0.1493,2,37.01
150030037013,Block Group 3; Census Tract 37.01; Honolulu County; Hawaii,598,165,358,142,0.5987,240,147,0.4013,3,37.01
150030037014,Block Group 4; Census Tract 37.01; Honolulu County; Hawaii,0,12,0,4.9,NA,0,12,NA,4,37.01
150030037021,Block Group 1; Census Tract 37.02; Honolulu County; Hawaii,253,108,192,102.1,0.7589,61,49,0.2411,1,37.02
150030037022,Block Group 2; Census Tract 37.02; Honolulu County; Hawaii,789,208,522,211.8,0.6616,267,126,0.3384,2,37.02
150030037023,Block Group 3; Census Tract 37.02; Honolulu County; Hawaii,1000,327,487,228.5,0.487,513,259,0.513,3,37.02
150030037024,Block Group 4; Census Tract 37.02; Honolulu County; Hawaii,72,48,54,51.1,0.75,18,35,0.25,4,37.02
150030037031,Block Group 1; Census Tract 37.03; Honolulu County; Hawaii,721,253,355,121.1,0.4924,366,243,0.5076,1,37.03
150030037032,Block Group 2; Census Tract 37.03; Honolulu County; Hawaii,260,339,260,340.3,1,0,12,0,2,37.03
150030037033,Block Group 3; Census Tract 37.03; Honolulu County; Hawaii,471,113,316,113.2,0.6709,155,92,0.3291,3,37.03
150030037034,Block Group 4; Census Tract 37.03; Honolulu County; Hawaii,0,12,0,4.9,NA,0,12,NA,4,37.03
150030037035,Block Group 5; Census Tract 37.03; Honolulu County; Hawaii,260,144,239,133.7,0.9192,21,24,0.0808,5,37.03
150030038011,Block Group 1; Census Tract 38.01; Honolulu County; Hawaii,1099,246,487,171.3,0.4431,612,224,0.5569,1,38.01
150030038012,Block Group 2; Census Tract 38.01; Honolulu County; Hawaii,477,148,370,150.3,0.7757,107,85,0.2243,2,38.01
150030038013,Block Group 3; Census Tract 38.01; Honolulu County; Hawaii,0,12,0,4.9,NA,0,12,NA,3,38.01
150030038014,Block Group 4; Census Tract 38.01; Honolulu County; Hawaii,1066,262,782,275.1,0.7336,284,132,0.2664,4,38.01
150030038015,Block Group 5; Census Tract 38.01; Honolulu County; Hawaii,0,12,0,4.9,NA,0,12,NA,5,38.01
150030038021,Block Group 1; Census Tract 38.02; Honolulu County; Hawaii,206,146,108,71.1,0.5243,98,135,0.4757,1,38.02
150030038022,Block Group 2; Census Tract 38.02; Honolulu County; Hawaii,1322,262,873,293.5,0.6604,449,201,0.3396,2,38.02
150030038023,Block Group 3; Census Tract 38.02; Honolulu County; Hawaii,440,191,251,172.3,0.5705,189,144,0.4295,3,38.02
150030038024,Block Group 4; Census Tract 38.02; Honolulu County; Hawaii,0,12,0,4.9,NA,0,12,NA,4,38.02
150030038025,Block Group 5; Census Tract 38.02; Honolulu County; Hawaii,758,199,384,152.1,0.5066,374,153,0.4934,5,38.02
150030039001,Block Group 1; Census Tract 39; Honolulu County; Hawaii,252,60,16,17.3,0.0635,236,58,0.9365,1,39
150030040001,Block Group 1; Census Tract 40; Honolulu County; Hawaii,643,150,272,79.4,0.423,371,143,0.577,1,40
150030040002,Block Group 2; Census Tract 40; Honolulu County; Hawaii,233,67,111,54.1,0.4764,122,52,0.5236,2,40
150030041011,Block Group 1; Census Tract 41.01; Honolulu County; Hawaii,406,148,197,65,0.4852,209,140,0.5148,1,41.01
150030041012,Block Group 2; Census Tract 41.01; Honolulu County; Hawaii,397,83,169,87.1,0.4257,228,74,0.5743,2,41.01
150030041021,Block Group 1; Census Tract 41.02; Honolulu County; Hawaii,497,180,240,159.8,0.4829,257,112,0.5171,1,41.02
150030041022,Block Group 2; Census Tract 41.02; Honolulu County; Hawaii,527,103,218,93.3,0.4137,309,103,0.5863,2,41.02
150030041023,Block Group 3; Census Tract 41.02; Honolulu County; Hawaii,250,133,96,75.2,0.384,154,106,0.616,3,41.02
150030042011,Block Group 1; Census Tract 42.01; Honolulu County; Hawaii,419,68,178,68.9,0.4248,241,75,0.5752,1,42.01
150030042012,Block Group 2; Census Tract 42.01; Honolulu County; Hawaii,540,179,219,64,0.4056,321,175,0.5944,2,42.01
150030042021,Block Group 1; Census Tract 42.02; Honolulu County; Hawaii,435,107,315,115,0.7241,120,70,0.2759,1,42.02
150030042022,Block Group 2; Census Tract 42.02; Honolulu County; Hawaii,518,81,184,70.7,0.3552,334,81,0.6448,2,42.02
150030043011,Block Group 1; Census Tract 43.01; Honolulu County; Hawaii,310,91,164,67.3,0.529,146,92,0.471,1,43.01
150030043012,Block Group 2; Census Tract 43.01; Honolulu County; Hawaii,651,189,492,178.7,0.7558,159,99,0.2442,2,43.01
150030043021,Block Group 1; Census Tract 43.02; Honolulu County; Hawaii,326,111,184,77.1,0.5644,142,99,0.4356,1,43.02
150030043022,Block Group 2; Census Tract 43.02; Honolulu County; Hawaii,358,115,205,115,0.5726,153,75,0.4274,2,43.02
150030043023,Block Group 3; Census Tract 43.02; Honolulu County; Hawaii,318,103,246,96.7,0.7736,72,48,0.2264,3,43.02
150030044011,Block Group 1; Census Tract 44.01; Honolulu County; Hawaii,252,59,188,70,0.746,64,31,0.254,1,44.01
150030044012,Block Group 2; Census Tract 44.01; Honolulu County; Hawaii,288,97,274,99.5,0.9514,14,15,0.0486,2,44.01
150030044013,Block Group 3; Census Tract 44.01; Honolulu County; Hawaii,296,71,215,73.5,0.7264,81,44,0.2736,3,44.01
150030044021,Block Group 1; Census Tract 44.02; Honolulu County; Hawaii,432,63,349,62.6,0.8079,83,31,0.1921,1,44.02
150030044022,Block Group 2; Census Tract 44.02; Honolulu County; Hawaii,435,98,300,96.9,0.6897,135,69,0.3103,2,44.02
150030045001,Block Group 1; Census Tract 45; Honolulu County; Hawaii,558,273,331,119.7,0.5932,227,264,0.4068,1,45
150030045002,Block Group 2; Census Tract 45; Honolulu County; Hawaii,367,104,289,101.6,0.7875,78,56,0.2125,2,45
150030045003,Block Group 3; Census Tract 45; Honolulu County; Hawaii,950,169,350,124.4,0.3684,600,159,0.6316,3,45
150030045004,Block Group 4; Census Tract 45; Honolulu County; Hawaii,311,184,279,187.1,0.8971,32,26,0.1029,4,45
150030046001,Block Group 1; Census Tract 46; Honolulu County; Hawaii,306,82,271,78.1,0.8856,35,27,0.1144,1,46
150030046002,Block Group 2; Census Tract 46; Honolulu County; Hawaii,239,60,184,59.2,0.7699,55,36,0.2301,2,46
150030046003,Block Group 3; Census Tract 46; Honolulu County; Hawaii,364,86,300,82.6,0.8242,64,51,0.1758,3,46
150030046004,Block Group 4; Census Tract 46; Honolulu County; Hawaii,174,56,155,53.7,0.8908,19,19,0.1092,4,46
150030047011,Block Group 1; Census Tract 47.01; Honolulu County; Hawaii,427,111,391,115,0.9157,36,19,0.0843,1,47.01
150030047012,Block Group 2; Census Tract 47.01; Honolulu County; Hawaii,394,94,309,99.6,0.7843,85,42,0.2157,2,47.01
150030047021,Block Group 1; Census Tract 47.02; Honolulu County; Hawaii,267,113,249,113.1,0.9326,18,20,0.0674,1,47.02
150030047022,Block Group 2; Census Tract 47.02; Honolulu County; Hawaii,239,86,206,86,0.8619,33,24,0.1381,2,47.02
150030047023,Block Group 3; Census Tract 47.02; Honolulu County; Hawaii,353,82,278,78.5,0.7875,75,53,0.2125,3,47.02
150030048011,Block Group 1; Census Tract 48.01; Honolulu County; Hawaii,194,64,148,60.9,0.7629,46,42,0.2371,1,48.01
150030048012,Block Group 2; Census Tract 48.01; Honolulu County; Hawaii,244,149,199,146.3,0.8156,45,50,0.1844,2,48.01
150030048013,Block Group 3; Census Tract 48.01; Honolulu County; Hawaii,510,308,226,79.6,0.4431,284,304,0.5569,3,48.01
150030048021,Block Group 1; Census Tract 48.02; Honolulu County; Hawaii,526,179,508,187.9,0.9658,18,20,0.0342,1,48.02
150030048022,Block Group 2; Census Tract 48.02; Honolulu County; Hawaii,238,75,141,59.8,0.5924,97,61,0.4076,2,48.02
150030048023,Block Group 3; Census Tract 48.02; Honolulu County; Hawaii,271,92,254,99.1,0.9373,17,19,0.0627,3,48.02
150030049001,Block Group 1; Census Tract 49; Honolulu County; Hawaii,336,116,303,115.7,0.9018,33,27,0.0982,1,49
150030049002,Block Group 2; Census Tract 49; Honolulu County; Hawaii,413,88,366,91.1,0.8862,47,34,0.1138,2,49
150030049003,Block Group 3; Census Tract 49; Honolulu County; Hawaii,318,80,200,54.1,0.6289,118,66,0.3711,3,49
150030050001,Block Group 1; Census Tract 50; Honolulu County; Hawaii,504,107,259,92.8,0.5139,245,77,0.4861,1,50
150030050002,Block Group 2; Census Tract 50; Honolulu County; Hawaii,370,93,298,91.6,0.8054,72,38,0.1946,2,50
150030050003,Block Group 3; Census Tract 50; Honolulu County; Hawaii,220,56,137,60.7,0.6227,83,38,0.3773,3,50
150030050004,Block Group 4; Census Tract 50; Honolulu County; Hawaii,406,232,180,58.1,0.4433,226,227,0.5567,4,50
150030051001,Block Group 1; Census Tract 51; Honolulu County; Hawaii,912,198,506,119,0.5548,406,209,0.4452,1,51
150030051002,Block Group 2; Census Tract 51; Honolulu County; Hawaii,656,135,388,102.6,0.5915,268,103,0.4085,2,51
150030052001,Block Group 1; Census Tract 52; Honolulu County; Hawaii,453,156,218,130.5,0.4812,235,83,0.5188,1,52
150030052002,Block Group 2; Census Tract 52; Honolulu County; Hawaii,898,159,419,104.3,0.4666,479,154,0.5334,2,52
150030053001,Block Group 1; Census Tract 53; Honolulu County; Hawaii,1025,158,885,166.2,0.8634,140,69,0.1366,1,53
150030053002,Block Group 2; Census Tract 53; Honolulu County; Hawaii,447,111,232,75.1,0.519,215,93,0.481,2,53
150030054001,Block Group 1; Census Tract 54; Honolulu County; Hawaii,398,105,347,106.1,0.8719,51,31,0.1281,1,54
150030055001,Block Group 1; Census Tract 55; Honolulu County; Hawaii,582,58,529,75.7,0.9089,53,33,0.0911,1,55
150030056011,Block Group 1; Census Tract 56.01; Honolulu County; Hawaii,412,91,170,58.1,0.4126,242,86,0.5874,1,56.01
150030056012,Block Group 2; Census Tract 56.01; Honolulu County; Hawaii,292,94,263,91.1,0.9007,29,30,0.0993,2,56.01
150030056021,Block Group 1; Census Tract 56.02; Honolulu County; Hawaii,206,106,174,100.1,0.8447,32,43,0.1553,1,56.02
150030056022,Block Group 2; Census Tract 56.02; Honolulu County; Hawaii,264,103,131,62.1,0.4962,133,74,0.5038,2,56.02
150030056023,Block Group 3; Census Tract 56.02; Honolulu County; Hawaii,577,138,485,132.7,0.8406,92,81,0.1594,3,56.02
150030057001,Block Group 1; Census Tract 57; Honolulu County; Hawaii,594,160,471,155,0.7929,123,55,0.2071,1,57
150030057002,Block Group 2; Census Tract 57; Honolulu County; Hawaii,445,113,210,108.9,0.4719,235,105,0.5281,2,57
150030058001,Block Group 1; Census Tract 58; Honolulu County; Hawaii,339,84,283,89.5,0.8348,56,39,0.1652,1,58
150030058002,Block Group 2; Census Tract 58; Honolulu County; Hawaii,687,195,555,104.4,0.8079,132,171,0.1921,2,58
150030059001,Block Group 1; Census Tract 59; Honolulu County; Hawaii,640,97,537,112.6,0.8391,103,48,0.1609,1,59
150030059002,Block Group 2; Census Tract 59; Honolulu County; Hawaii,0,12,0,4.9,NA,0,12,NA,2,59
150030060001,Block Group 1; Census Tract 60; Honolulu County; Hawaii,424,92,395,93.1,0.9316,29,30,0.0684,1,60
150030060002,Block Group 2; Census Tract 60; Honolulu County; Hawaii,333,82,333,85.9,1,0,12,0,2,60
150030060003,Block Group 3; Census Tract 60; Honolulu County; Hawaii,440,121,420,132.8,0.9545,20,22,0.0455,3,60
150030061001,Block Group 1; Census Tract 61; Honolulu County; Hawaii,374,61,319,59.7,0.8529,55,44,0.1471,1,61
150030061002,Block Group 2; Census Tract 61; Honolulu County; Hawaii,444,76,410,86.8,0.9234,34,31,0.0766,2,61
150030062021,Block Group 1; Census Tract 62.02; Honolulu County; Hawaii,367,78,261,72.1,0.7112,106,71,0.2888,1,62.02
150030062022,Block Group 2; Census Tract 62.02; Honolulu County; Hawaii,235,64,139,56.1,0.5915,96,51,0.4085,2,62.02
150030062031,Block Group 1; Census Tract 62.03; Honolulu County; Hawaii,898,154,792,162,0.882,106,58,0.118,1,62.03
150030062032,Block Group 2; Census Tract 62.03; Honolulu County; Hawaii,414,104,360,119.6,0.8696,54,42,0.1304,2,62.03
150030063011,Block Group 1; Census Tract 63.01; Honolulu County; Hawaii,283,63,252,61.1,0.8905,31,25,0.1095,1,63.01
150030063012,Block Group 2; Census Tract 63.01; Honolulu County; Hawaii,295,65,267,64.1,0.9051,28,19,0.0949,2,63.01
150030063013,Block Group 3; Census Tract 63.01; Honolulu County; Hawaii,247,60,221,61,0.8947,26,24,0.1053,3,63.01
150030063021,Block Group 1; Census Tract 63.02; Honolulu County; Hawaii,107,50,94,47.4,0.8785,13,14,0.1215,1,63.02
150030063022,Block Group 2; Census Tract 63.02; Honolulu County; Hawaii,503,106,475,105.1,0.9443,28,27,0.0557,2,63.02
150030064011,Block Group 1; Census Tract 64.01; Honolulu County; Hawaii,439,42,416,54.2,0.9476,23,18,0.0524,1,64.01
150030064021,Block Group 1; Census Tract 64.02; Honolulu County; Hawaii,335,169,303,186.9,0.9045,32,31,0.0955,1,64.02
150030064022,Block Group 2; Census Tract 64.02; Honolulu County; Hawaii,308,103,258,95.9,0.8377,50,46,0.1623,2,64.02
150030064023,Block Group 3; Census Tract 64.02; Honolulu County; Hawaii,528,91,493,92.6,0.9337,35,53,0.0663,3,64.02
150030064024,Block Group 4; Census Tract 64.02; Honolulu County; Hawaii,313,100,313,100.3,1,0,12,0,4,64.02
150030065001,Block Group 1; Census Tract 65; Honolulu County; Hawaii,785,142,705,104.4,0.8981,80,103,0.1019,1,65
150030065002,Block Group 2; Census Tract 65; Honolulu County; Hawaii,284,94,261,89.4,0.919,23,23,0.081,2,65
150030067031,Block Group 1; Census Tract 67.03; Honolulu County; Hawaii,506,89,465,101.9,0.919,41,31,0.081,1,67.03
150030067041,Block Group 1; Census Tract 67.04; Honolulu County; Hawaii,1200,244,714,200.4,0.595,486,190,0.405,1,67.04
150030067042,Block Group 2; Census Tract 67.04; Honolulu County; Hawaii,257,106,90,46.1,0.3502,167,102,0.6498,2,67.04
150030067043,Block Group 3; Census Tract 67.04; Honolulu County; Hawaii,346,122,301,104.1,0.8699,45,55,0.1301,3,67.04
150030067044,Block Group 4; Census Tract 67.04; Honolulu County; Hawaii,249,64,210,72.3,0.8434,39,36,0.1566,4,67.04
150030067045,Block Group 5; Census Tract 67.04; Honolulu County; Hawaii,720,154,563,158.1,0.7819,157,70,0.2181,5,67.04
150030068061,Block Group 1; Census Tract 68.06; Honolulu County; Hawaii,274,48,247,52,0.9015,27,18,0.0985,1,68.06
150030068062,Block Group 2; Census Tract 68.06; Honolulu County; Hawaii,264,55,204,52.8,0.7727,60,29,0.2273,2,68.06
150030068101,Block Group 1; Census Tract 68.10; Honolulu County; Hawaii,561,111,561,111.1,1,0,12,0,1,68.10
150030068102,Block Group 2; Census Tract 68.10; Honolulu County; Hawaii,299,69,258,76.1,0.8629,41,37,0.1371,2,68.10
150030068111,Block Group 1; Census Tract 68.11; Honolulu County; Hawaii,331,71,331,71.1,1,0,12,0,1,68.11
150030068121,Block Group 1; Census Tract 68.12; Honolulu County; Hawaii,602,122,456,131,0.7575,146,74,0.2425,1,68.12
150030068131,Block Group 1; Census Tract 68.13; Honolulu County; Hawaii,960,174,701,176.1,0.7302,259,130,0.2698,1,68.13
150030068132,Block Group 2; Census Tract 68.13; Honolulu County; Hawaii,33,38,33,37.6,1,0,12,0,2,68.13
150030068133,Block Group 3; Census Tract 68.13; Honolulu County; Hawaii,636,193,317,122.1,0.4984,319,176,0.5016,3,68.13
150030068134,Block Group 4; Census Tract 68.13; Honolulu County; Hawaii,456,136,405,132.9,0.8882,51,37,0.1118,4,68.13
150030068141,Block Group 1; Census Tract 68.14; Honolulu County; Hawaii,406,117,344,118.7,0.8473,62,44,0.1527,1,68.14
150030068142,Block Group 2; Census Tract 68.14; Honolulu County; Hawaii,441,98,310,79.2,0.7029,131,63,0.2971,2,68.14
150030068151,Block Group 1; Census Tract 68.15; Honolulu County; Hawaii,841,242,616,223.8,0.7325,225,80,0.2675,1,68.15
150030068152,Block Group 2; Census Tract 68.15; Honolulu County; Hawaii,214,82,200,81.4,0.9346,14,16,0.0654,2,68.15
150030068161,Block Group 1; Census Tract 68.16; Honolulu County; Hawaii,514,94,416,92.1,0.8093,98,58,0.1907,1,68.16
150030068171,Block Group 1; Census Tract 68.17; Honolulu County; Hawaii,466,105,426,110.4,0.9142,40,44,0.0858,1,68.17
150030068172,Block Group 2; Census Tract 68.17; Honolulu County; Hawaii,284,84,274,86.5,0.9648,10,16,0.0352,2,68.17
150030068173,Block Group 3; Census Tract 68.17; Honolulu County; Hawaii,201,61,175,64.1,0.8706,26,19,0.1294,3,68.17
150030068181,Block Group 1; Census Tract 68.18; Honolulu County; Hawaii,721,114,465,104.6,0.6449,256,78,0.3551,1,68.18
150030068191,Block Group 1; Census Tract 68.19; Honolulu County; Hawaii,475,104,232,92,0.4884,243,87,0.5116,1,68.19
150030068192,Block Group 2; Census Tract 68.19; Honolulu County; Hawaii,759,140,499,139.8,0.6574,260,104,0.3426,2,68.19
150030069001,Block Group 1; Census Tract 69; Honolulu County; Hawaii,306,92,296,94.1,0.9673,10,14,0.0327,1,69
150030069002,Block Group 2; Census Tract 69; Honolulu County; Hawaii,445,91,445,91.1,1,0,12,0,2,69
150030069003,Block Group 3; Census Tract 69; Honolulu County; Hawaii,310,99,310,99.1,1,0,12,0,3,69
150030070011,Block Group 1; Census Tract 70.01; Honolulu County; Hawaii,629,178,378,155,0.601,251,127,0.399,1,70.01
150030070012,Block Group 2; Census Tract 70.01; Honolulu County; Hawaii,206,120,161,113.1,0.7816,45,38,0.2184,2,70.01
150030070021,Block Group 1; Census Tract 70.02; Honolulu County; Hawaii,231,101,231,103.8,1,0,12,0,1,70.02
150030070022,Block Group 2; Census Tract 70.02; Honolulu County; Hawaii,762,188,547,202.4,0.7178,215,137,0.2822,2,70.02
150030071001,Block Group 1; Census Tract 71; Honolulu County; Hawaii,559,147,549,156.7,0.9821,10,11,0.0179,1,71
150030071002,Block Group 2; Census Tract 71; Honolulu County; Hawaii,531,111,481,95.1,0.9058,50,78,0.0942,2,71
150030073021,Block Group 1; Census Tract 73.02; Honolulu County; Hawaii,262,98,233,94.1,0.8893,29,33,0.1107,1,73.02
150030073022,Block Group 2; Census Tract 73.02; Honolulu County; Hawaii,251,85,251,85.1,1,0,12,0,2,73.02
150030073023,Block Group 3; Census Tract 73.02; Honolulu County; Hawaii,524,136,489,142,0.9332,35,32,0.0668,3,73.02
150030073024,Block Group 4; Census Tract 73.02; Honolulu County; Hawaii,597,181,414,185.3,0.6935,183,119,0.3065,4,73.02
150030074001,Block Group 1; Census Tract 74; Honolulu County; Hawaii,452,125,316,97.3,0.6991,136,84,0.3009,1,74
150030074002,Block Group 2; Census Tract 74; Honolulu County; Hawaii,452,149,451,149,0.9978,1,2,0.0022,2,74
150030075041,Block Group 1; Census Tract 75.04; Honolulu County; Hawaii,381,95,265,93.6,0.6955,116,51,0.3045,1,75.04
150030075042,Block Group 2; Census Tract 75.04; Honolulu County; Hawaii,581,100,451,100.5,0.7762,130,43,0.2238,2,75.04
150030075071,Block Group 1; Census Tract 75.07; Honolulu County; Hawaii,492,118,380,130.7,0.7724,112,47,0.2276,1,75.07
150030075072,Block Group 2; Census Tract 75.07; Honolulu County; Hawaii,0,12,0,4.9,NA,0,12,NA,2,75.07
150030075073,Block Group 3; Census Tract 75.07; Honolulu County; Hawaii,752,157,522,127,0.6941,230,137,0.3059,3,75.07
150030075074,Block Group 4; Census Tract 75.07; Honolulu County; Hawaii,680,220,557,210.3,0.8191,123,93,0.1809,4,75.07
150030075081,Block Group 1; Census Tract 75.08; Honolulu County; Hawaii,318,83,318,83.1,1,0,12,0,1,75.08
150030075082,Block Group 2; Census Tract 75.08; Honolulu County; Hawaii,247,82,165,66.1,0.668,82,56,0.332,2,75.08
150030075083,Block Group 3; Census Tract 75.08; Honolulu County; Hawaii,241,110,191,100.1,0.7925,50,53,0.2075,3,75.08
150030075084,Block Group 4; Census Tract 75.08; Honolulu County; Hawaii,825,181,743,190.9,0.9006,82,54,0.0994,4,75.08
150030075085,Block Group 5; Census Tract 75.08; Honolulu County; Hawaii,602,225,395,214.1,0.6561,207,98,0.3439,5,75.08
150030077011,Block Group 1; Census Tract 77.01; Honolulu County; Hawaii,447,112,320,102.4,0.7159,127,87,0.2841,1,77.01
150030077012,Block Group 2; Census Tract 77.01; Honolulu County; Hawaii,377,141,328,144,0.87,49,35,0.13,2,77.01
150030077013,Block Group 3; Census Tract 77.01; Honolulu County; Hawaii,306,84,221,71.1,0.7222,85,82,0.2778,3,77.01
150030077021,Block Group 1; Census Tract 77.02; Honolulu County; Hawaii,287,89,228,108.9,0.7944,59,53,0.2056,1,77.02
150030077022,Block Group 2; Census Tract 77.02; Honolulu County; Hawaii,418,145,307,78.7,0.7344,111,137,0.2656,2,77.02
150030077023,Block Group 3; Census Tract 77.02; Honolulu County; Hawaii,542,143,468,131.4,0.8635,74,76,0.1365,3,77.02
150030077024,Block Group 4; Census Tract 77.02; Honolulu County; Hawaii,490,94,378,103,0.7714,112,69,0.2286,4,77.02
150030078041,Block Group 1; Census Tract 78.04; Honolulu County; Hawaii,312,64,241,55.4,0.7724,71,48,0.2276,1,78.04
150030078042,Block Group 2; Census Tract 78.04; Honolulu County; Hawaii,322,69,288,65.1,0.8944,34,32,0.1056,2,78.04
150030078071,Block Group 1; Census Tract 78.07; Honolulu County; Hawaii,540,222,389,202.9,0.7204,151,112,0.2796,1,78.07
150030078072,Block Group 2; Census Tract 78.07; Honolulu County; Hawaii,531,200,272,137.9,0.5122,259,146,0.4878,2,78.07
150030078073,Block Group 3; Census Tract 78.07; Honolulu County; Hawaii,646,180,235,119.1,0.3638,411,179,0.6362,3,78.07
150030078074,Block Group 4; Census Tract 78.07; Honolulu County; Hawaii,398,124,177,78.8,0.4447,221,110,0.5553,4,78.07
150030078075,Block Group 5; Census Tract 78.07; Honolulu County; Hawaii,621,150,480,150,0.7729,141,110,0.2271,5,78.07
150030078081,Block Group 1; Census Tract 78.08; Honolulu County; Hawaii,422,130,327,106.8,0.7749,95,74,0.2251,1,78.08
150030078082,Block Group 2; Census Tract 78.08; Honolulu County; Hawaii,385,114,336,121.4,0.8727,49,48,0.1273,2,78.08
150030078083,Block Group 3; Census Tract 78.08; Honolulu County; Hawaii,309,86,161,80.7,0.521,148,70,0.479,3,78.08
150030078091,Block Group 1; Census Tract 78.09; Honolulu County; Hawaii,418,149,263,64.5,0.6292,155,144,0.3708,1,78.09
150030078092,Block Group 2; Census Tract 78.09; Honolulu County; Hawaii,456,109,355,89.1,0.7785,101,65,0.2215,2,78.09
150030078093,Block Group 3; Census Tract 78.09; Honolulu County; Hawaii,219,89,204,93.5,0.9315,15,17,0.0685,3,78.09
150030078121,Block Group 1; Census Tract 78.12; Honolulu County; Hawaii,312,61,221,61.7,0.7083,91,41,0.2917,1,78.12
150030078122,Block Group 2; Census Tract 78.12; Honolulu County; Hawaii,521,95,412,107.9,0.7908,109,51,0.2092,2,78.12
150030078131,Block Group 1; Census Tract 78.13; Honolulu County; Hawaii,350,69,330,69.6,0.9429,20,16,0.0571,1,78.13
150030078132,Block Group 2; Census Tract 78.13; Honolulu County; Hawaii,317,86,266,100.3,0.8391,51,31,0.1609,2,78.13
150030078133,Block Group 3; Census Tract 78.13; Honolulu County; Hawaii,208,48,203,48.1,0.976,5,8,0.024,3,78.13
150030078141,Block Group 1; Census Tract 78.14; Honolulu County; Hawaii,832,109,735,122.8,0.8834,97,50,0.1166,1,78.14
150030078142,Block Group 2; Census Tract 78.14; Honolulu County; Hawaii,350,59,320,61.1,0.9143,30,27,0.0857,2,78.14
150030078151,Block Group 1; Census Tract 78.15; Honolulu County; Hawaii,760,171,657,190.4,0.8645,103,39,0.1355,1,78.15
150030078161,Block Group 1; Census Tract 78.16; Honolulu County; Hawaii,158,57,113,52.2,0.7152,45,38,0.2848,1,78.16
150030078162,Block Group 2; Census Tract 78.16; Honolulu County; Hawaii,301,93,237,93.3,0.7874,64,38,0.2126,2,78.16
150030078163,Block Group 3; Census Tract 78.16; Honolulu County; Hawaii,868,144,579,128.3,0.6671,289,118,0.3329,3,78.16
150030078171,Block Group 1; Census Tract 78.17; Honolulu County; Hawaii,335,75,243,73.9,0.7254,92,50,0.2746,1,78.17
150030078172,Block Group 2; Census Tract 78.17; Honolulu County; Hawaii,372,186,338,186,0.9086,34,28,0.0914,2,78.17
150030080011,Block Group 1; Census Tract 80.01; Honolulu County; Hawaii,729,101,416,99.5,0.5706,313,72,0.4294,1,80.01
150030080012,Block Group 2; Census Tract 80.01; Honolulu County; Hawaii,200,75,141,48.3,0.705,59,60,0.295,2,80.01
150030080021,Block Group 1; Census Tract 80.02; Honolulu County; Hawaii,454,100,337,103.8,0.7423,117,52,0.2577,1,80.02
150030080022,Block Group 2; Census Tract 80.02; Honolulu County; Hawaii,343,56,248,65.8,0.723,95,42,0.277,2,80.02
150030080051,Block Group 1; Census Tract 80.05; Honolulu County; Hawaii,816,269,630,238.9,0.7721,186,157,0.2279,1,80.05
150030080052,Block Group 2; Census Tract 80.05; Honolulu County; Hawaii,510,190,380,112.1,0.7451,130,140,0.2549,2,80.05
150030080053,Block Group 3; Census Tract 80.05; Honolulu County; Hawaii,286,124,190,120.2,0.6643,96,101,0.3357,3,80.05
150030080054,Block Group 4; Census Tract 80.05; Honolulu County; Hawaii,579,167,507,155.5,0.8756,72,64,0.1244,4,80.05
150030080081,Block Group 1; Census Tract 80.08; Honolulu County; Hawaii,270,52,191,46.2,0.7074,79,50,0.2926,1,80.08
150030080082,Block Group 2; Census Tract 80.08; Honolulu County; Hawaii,204,54,181,48.1,0.8873,23,28,0.1127,2,80.08
150030080091,Block Group 1; Census Tract 80.09; Honolulu County; Hawaii,366,114,197,83.1,0.5383,169,81,0.4617,1,80.09
150030080092,Block Group 2; Census Tract 80.09; Honolulu County; Hawaii,934,176,456,133.7,0.4882,478,131,0.5118,2,80.09
150030080101,Block Group 1; Census Tract 80.10; Honolulu County; Hawaii,280,53,183,52.9,0.6536,97,48,0.3464,1,80.10
150030080102,Block Group 2; Census Tract 80.10; Honolulu County; Hawaii,408,90,374,93.1,0.9167,34,26,0.0833,2,80.10
150030080111,Block Group 1; Census Tract 80.11; Honolulu County; Hawaii,812,133,716,140.8,0.8818,96,39,0.1182,1,80.11
150030080121,Block Group 1; Census Tract 80.12; Honolulu County; Hawaii,371,76,322,75.1,0.8679,49,25,0.1321,1,80.12
150030080122,Block Group 2; Census Tract 80.12; Honolulu County; Hawaii,444,90,382,85.1,0.8604,62,32,0.1396,2,80.12
150030080131,Block Group 1; Census Tract 80.13; Honolulu County; Hawaii,347,67,302,74.3,0.8703,45,29,0.1297,1,80.13
150030080132,Block Group 2; Census Tract 80.13; Honolulu County; Hawaii,406,63,388,64.1,0.9557,18,13,0.0443,2,80.13
150030083011,Block Group 1; Census Tract 83.01; Honolulu County; Hawaii,0,12,0,4.9,NA,0,12,NA,1,83.01
150030083012,Block Group 2; Census Tract 83.01; Honolulu County; Hawaii,690,140,580,151.7,0.8406,110,72,0.1594,2,83.01
150030083013,Block Group 3; Census Tract 83.01; Honolulu County; Hawaii,320,110,264,109.7,0.825,56,48,0.175,3,83.01
150030083014,Block Group 4; Census Tract 83.01; Honolulu County; Hawaii,432,151,391,140.7,0.9051,41,35,0.0949,4,83.01
150030083021,Block Group 1; Census Tract 83.02; Honolulu County; Hawaii,468,127,437,132,0.9338,31,27,0.0662,1,83.02
150030083022,Block Group 2; Census Tract 83.02; Honolulu County; Hawaii,436,118,385,112.1,0.883,51,52,0.117,2,83.02
150030083023,Block Group 3; Census Tract 83.02; Honolulu County; Hawaii,475,98,460,101.4,0.9684,15,18,0.0316,3,83.02
150030084051,Block Group 1; Census Tract 84.05; Honolulu County; Hawaii,458,101,446,103.1,0.9738,12,14,0.0262,1,84.05
150030084052,Block Group 2; Census Tract 84.05; Honolulu County; Hawaii,306,165,306,177.6,1,0,12,0,2,84.05
150030084053,Block Group 3; Census Tract 84.05; Honolulu County; Hawaii,615,182,615,186.7,1,0,12,0,3,84.05
150030084071,Block Group 1; Census Tract 84.07; Honolulu County; Hawaii,710,188,642,183.9,0.9042,68,39,0.0958,1,84.07
150030084072,Block Group 2; Census Tract 84.07; Honolulu County; Hawaii,471,100,433,102.1,0.9193,38,34,0.0807,2,84.07
150030084081,Block Group 1; Census Tract 84.08; Honolulu County; Hawaii,625,252,529,250.6,0.8464,96,68,0.1536,1,84.08
150030084082,Block Group 2; Census Tract 84.08; Honolulu County; Hawaii,1504,356,1402,358.8,0.9322,102,95,0.0678,2,84.08
150030084083,Block Group 3; Census Tract 84.08; Honolulu County; Hawaii,1229,195,1083,214.7,0.8812,146,127,0.1188,3,84.08
150030084101,Block Group 1; Census Tract 84.10; Honolulu County; Hawaii,468,114,456,118.2,0.9744,12,19,0.0256,1,84.10
150030084102,Block Group 2; Census Tract 84.10; Honolulu County; Hawaii,1601,173,1446,198.9,0.9032,155,99,0.0968,2,84.10
150030084111,Block Group 1; Census Tract 84.11; Honolulu County; Hawaii,260,69,237,69.1,0.9115,23,23,0.0885,1,84.11
150030084112,Block Group 2; Census Tract 84.11; Honolulu County; Hawaii,563,115,378,130.1,0.6714,185,109,0.3286,2,84.11
150030084113,Block Group 3; Census Tract 84.11; Honolulu County; Hawaii,395,138,355,138,0.8987,40,34,0.1013,3,84.11
150030084131,Block Group 1; Census Tract 84.13; Honolulu County; Hawaii,344,127,337,133.4,0.9797,7,11,0.0203,1,84.13
150030084132,Block Group 2; Census Tract 84.13; Honolulu County; Hawaii,393,116,347,126.9,0.883,46,31,0.117,2,84.13
150030084141,Block Group 1; Census Tract 84.14; Honolulu County; Hawaii,699,171,686,169.2,0.9814,13,16,0.0186,1,84.14
150030084151,Block Group 1; Census Tract 84.15; Honolulu County; Hawaii,485,140,471,133.7,0.9711,14,22,0.0289,1,84.15
150030084152,Block Group 2; Census Tract 84.15; Honolulu County; Hawaii,640,113,525,116.1,0.8203,115,77,0.1797,2,84.15
150030084161,Block Group 1; Census Tract 84.16; Honolulu County; Hawaii,296,84,259,100.9,0.875,37,32,0.125,1,84.16
150030084162,Block Group 2; Census Tract 84.16; Honolulu County; Hawaii,547,229,421,227.1,0.7697,126,117,0.2303,2,84.16
150030084171,Block Group 1; Census Tract 84.17; Honolulu County; Hawaii,495,165,284,137.3,0.5737,211,126,0.4263,1,84.17
150030084172,Block Group 2; Census Tract 84.17; Honolulu County; Hawaii,596,128,438,138.6,0.7349,158,105,0.2651,2,84.17
150030084173,Block Group 3; Census Tract 84.17; Honolulu County; Hawaii,259,86,193,83.1,0.7452,66,63,0.2548,3,84.17
150030084181,Block Group 1; Census Tract 84.18; Honolulu County; Hawaii,724,118,674,131.2,0.9309,50,37,0.0691,1,84.18
150030084182,Block Group 2; Census Tract 84.18; Honolulu County; Hawaii,364,114,332,121.7,0.9121,32,25,0.0879,2,84.18
150030084183,Block Group 3; Census Tract 84.18; Honolulu County; Hawaii,272,100,246,99.5,0.9044,26,24,0.0956,3,84.18
150030085021,Block Group 1; Census Tract 85.02; Honolulu County; Hawaii,844,101,529,103.6,0.6268,315,67,0.3732,1,85.02
150030086091,Block Group 1; Census Tract 86.09; Honolulu County; Hawaii,704,167,524,160.6,0.7443,180,70,0.2557,1,86.09
150030086101,Block Group 1; Census Tract 86.10; Honolulu County; Hawaii,439,91,330,87.1,0.7517,109,45,0.2483,1,86.10
150030086111,Block Group 1; Census Tract 86.11; Honolulu County; Hawaii,4,5,4,6.1,1,0,12,0,1,86.11
150030086231,Block Group 1; Census Tract 86.23; Honolulu County; Hawaii,433,159,420,161.8,0.97,13,22,0.03,1,86.23
150030086232,Block Group 2; Census Tract 86.23; Honolulu County; Hawaii,319,100,226,97.5,0.7085,93,51,0.2915,2,86.23
150030086233,Block Group 3; Census Tract 86.23; Honolulu County; Hawaii,588,134,563,139,0.9575,25,14,0.0425,3,86.23
150030086234,Block Group 4; Census Tract 86.23; Honolulu County; Hawaii,0,12,0,4.9,NA,0,12,NA,4,86.23
150030086241,Block Group 1; Census Tract 86.24; Honolulu County; Hawaii,461,90,430,100.7,0.9328,31,21,0.0672,1,86.24
150030086242,Block Group 2; Census Tract 86.24; Honolulu County; Hawaii,329,76,308,85.1,0.9362,21,17,0.0638,2,86.24
150030086251,Block Group 1; Census Tract 86.25; Honolulu County; Hawaii,272,90,185,85.1,0.6801,87,59,0.3199,1,86.25
150030086252,Block Group 2; Census Tract 86.25; Honolulu County; Hawaii,703,133,486,134,0.6913,217,113,0.3087,2,86.25
150030086261,Block Group 1; Census Tract 86.26; Honolulu County; Hawaii,588,250,469,248,0.7976,119,85,0.2024,1,86.26
150030086262,Block Group 2; Census Tract 86.26; Honolulu County; Hawaii,408,97,332,100.1,0.8137,76,71,0.1863,2,86.26
150030086271,Block Group 1; Census Tract 86.27; Honolulu County; Hawaii,277,68,277,68.1,1,0,12,0,1,86.27
150030086272,Block Group 2; Census Tract 86.27; Honolulu County; Hawaii,437,117,413,117.4,0.9451,24,41,0.0549,2,86.27
150030086273,Block Group 3; Census Tract 86.27; Honolulu County; Hawaii,281,115,264,118,0.9395,17,26,0.0605,3,86.27
150030086274,Block Group 4; Census Tract 86.27; Honolulu County; Hawaii,780,241,713,257,0.9141,67,104,0.0859,4,86.27
150030086275,Block Group 5; Census Tract 86.27; Honolulu County; Hawaii,995,202,896,216.5,0.9005,99,86,0.0995,5,86.27
150030086281,Block Group 1; Census Tract 86.28; Honolulu County; Hawaii,603,159,603,160.6,1,0,12,0,1,86.28
150030086282,Block Group 2; Census Tract 86.28; Honolulu County; Hawaii,459,93,399,87.1,0.8693,60,32,0.1307,2,86.28
150030086291,Block Group 1; Census Tract 86.29; Honolulu County; Hawaii,723,251,656,250,0.9073,67,39,0.0927,1,86.29
150030086301,Block Group 1; Census Tract 86.30; Honolulu County; Hawaii,519,130,484,144.4,0.9326,35,30,0.0674,1,86.30
150030086302,Block Group 2; Census Tract 86.30; Honolulu County; Hawaii,399,81,389,82.7,0.9749,10,16,0.0251,2,86.30
150030086311,Block Group 1; Census Tract 86.31; Honolulu County; Hawaii,546,98,430,105.8,0.7875,116,78,0.2125,1,86.31
150030086312,Block Group 2; Census Tract 86.31; Honolulu County; Hawaii,607,155,400,90.3,0.659,207,138,0.341,2,86.31
150030086321,Block Group 1; Census Tract 86.32; Honolulu County; Hawaii,214,74,181,73.1,0.8458,33,30,0.1542,1,86.32
150030086322,Block Group 2; Census Tract 86.32; Honolulu County; Hawaii,732,137,617,136.8,0.8429,115,76,0.1571,2,86.32
150030086323,Block Group 3; Census Tract 86.32; Honolulu County; Hawaii,219,68,163,61.4,0.7443,56,35,0.2557,3,86.32
150030086324,Block Group 4; Census Tract 86.32; Honolulu County; Hawaii,241,83,232,76,0.9627,9,15,0.0373,4,86.32
150030086331,Block Group 1; Census Tract 86.33; Honolulu County; Hawaii,957,160,888,203.7,0.9279,69,48,0.0721,1,86.33
150030086341,Block Group 1; Census Tract 86.34; Honolulu County; Hawaii,313,105,301,110.1,0.9617,12,18,0.0383,1,86.34
150030086342,Block Group 2; Census Tract 86.34; Honolulu County; Hawaii,319,147,276,147,0.8652,43,34,0.1348,2,86.34
150030086343,Block Group 3; Census Tract 86.34; Honolulu County; Hawaii,385,114,344,120.3,0.8935,41,35,0.1065,3,86.34
150030087021,Block Group 1; Census Tract 87.02; Honolulu County; Hawaii,840,128,456,124.1,0.5429,384,104,0.4571,1,87.02
150030087022,Block Group 2; Census Tract 87.02; Honolulu County; Hawaii,404,121,339,123.6,0.8391,65,43,0.1609,2,87.02
150030087023,Block Group 3; Census Tract 87.02; Honolulu County; Hawaii,239,127,239,127,1,0,12,0,3,87.02
150030087041,Block Group 1; Census Tract 87.04; Honolulu County; Hawaii,189,64,167,70.4,0.8836,22,18,0.1164,1,87.04
150030087042,Block Group 2; Census Tract 87.04; Honolulu County; Hawaii,468,111,389,85.1,0.8312,79,91,0.1688,2,87.04
150030087051,Block Group 1; Census Tract 87.05; Honolulu County; Hawaii,479,117,447,117.1,0.9332,32,27,0.0668,1,87.05
150030087052,Block Group 2; Census Tract 87.05; Honolulu County; Hawaii,342,99,313,90.8,0.9152,29,46,0.0848,2,87.05
150030087061,Block Group 1; Census Tract 87.06; Honolulu County; Hawaii,283,100,274,99.1,0.9682,9,13,0.0318,1,87.06
150030087062,Block Group 2; Census Tract 87.06; Honolulu County; Hawaii,319,119,276,111.1,0.8652,43,50,0.1348,2,87.06
150030087063,Block Group 3; Census Tract 87.06; Honolulu County; Hawaii,482,136,456,140.6,0.9461,26,29,0.053900000000000003,3,87.06
150030087071,Block Group 1; Census Tract 87.07; Honolulu County; Hawaii,394,100,384,100.1,0.9746,10,17,0.0254,1,87.07
150030087072,Block Group 2; Census Tract 87.07; Honolulu County; Hawaii,247,128,204,148,0.8259,43,43,0.1741,2,87.07
150030087073,Block Group 3; Census Tract 87.07; Honolulu County; Hawaii,295,102,276,103.1,0.9356,19,20,0.0644,3,87.07
150030087074,Block Group 4; Census Tract 87.07; Honolulu County; Hawaii,388,147,282,90.1,0.7268,106,116,0.2732,4,87.07
150030088011,Block Group 1; Census Tract 88.01; Honolulu County; Hawaii,380,107,272,78.1,0.7158,108,77,0.2842,1,88.01
150030088012,Block Group 2; Census Tract 88.01; Honolulu County; Hawaii,463,206,316,89.2,0.6825,147,189,0.3175,2,88.01
150030088021,Block Group 1; Census Tract 88.02; Honolulu County; Hawaii,349,77,330,85.6,0.9456,19,29,0.0544,1,88.02
150030088022,Block Group 2; Census Tract 88.02; Honolulu County; Hawaii,523,185,512,184,0.979,11,16,0.021,2,88.02
150030088023,Block Group 3; Census Tract 88.02; Honolulu County; Hawaii,298,89,298,89.1,1,0,12,0,3,88.02
150030089061,Block Group 1; Census Tract 89.06; Honolulu County; Hawaii,420,161,370,155.6,0.881,50,33,0.119,1,89.06
150030089062,Block Group 2; Census Tract 89.06; Honolulu County; Hawaii,629,124,499,122,0.7933,130,93,0.2067,2,89.06
150030089063,Block Group 3; Census Tract 89.06; Honolulu County; Hawaii,319,68,250,71,0.7837,69,47,0.2163,3,89.06
150030089091,Block Group 1; Census Tract 89.09; Honolulu County; Hawaii,362,119,331,118.7,0.9144,31,47,0.0856,1,89.09
150030089092,Block Group 2; Census Tract 89.09; Honolulu County; Hawaii,663,158,550,157.4,0.8296,113,50,0.1704,2,89.09
150030089093,Block Group 3; Census Tract 89.09; Honolulu County; Hawaii,386,84,334,92.7,0.8653,52,54,0.1347,3,89.09
150030089121,Block Group 1; Census Tract 89.12; Honolulu County; Hawaii,265,63,217,64.1,0.8189,48,34,0.1811,1,89.12
150030089122,Block Group 2; Census Tract 89.12; Honolulu County; Hawaii,321,90,284,93.1,0.8847,37,23,0.1153,2,89.12
150030089131,Block Group 1; Census Tract 89.13; Honolulu County; Hawaii,283,75,278,74.1,0.9823,5,8,0.0177,1,89.13
150030089132,Block Group 2; Census Tract 89.13; Honolulu County; Hawaii,202,65,193,63.8,0.9554,9,13,0.0446,2,89.13
150030089133,Block Group 3; Census Tract 89.13; Honolulu County; Hawaii,272,94,267,96.1,0.9816,5,9,0.0184,3,89.13
150030089171,Block Group 1; Census Tract 89.17; Honolulu County; Hawaii,297,104,263,103.1,0.8855,34,23,0.1145,1,89.17
150030089172,Block Group 2; Census Tract 89.17; Honolulu County; Hawaii,249,70,215,65.1,0.8635,34,40,0.1365,2,89.17
150030089173,Block Group 3; Census Tract 89.17; Honolulu County; Hawaii,578,293,312,79.2,0.5398,266,292,0.4602,3,89.17
150030089174,Block Group 4; Census Tract 89.17; Honolulu County; Hawaii,371,138,251,123.8,0.6765,120,67,0.3235,4,89.17
150030089175,Block Group 5; Census Tract 89.17; Honolulu County; Hawaii,295,74,235,71.5,0.7966,60,59,0.2034,5,89.17
150030089181,Block Group 1; Census Tract 89.18; Honolulu County; Hawaii,346,198,318,197,0.9191,28,27,0.0809,1,89.18
150030089182,Block Group 2; Census Tract 89.18; Honolulu County; Hawaii,500,89,437,97.4,0.874,63,40,0.126,2,89.18
150030089183,Block Group 3; Census Tract 89.18; Honolulu County; Hawaii,278,65,244,66.2,0.8777,34,32,0.1223,3,89.18
150030089184,Block Group 4; Census Tract 89.18; Honolulu County; Hawaii,451,101,282,94.9,0.6253,169,75,0.3747,4,89.18
150030089185,Block Group 5; Census Tract 89.18; Honolulu County; Hawaii,250,67,178,48.1,0.712,72,52,0.288,5,89.18
150030089211,Block Group 1; Census Tract 89.21; Honolulu County; Hawaii,350,122,304,118.1,0.8686,46,27,0.1314,1,89.21
150030089212,Block Group 2; Census Tract 89.21; Honolulu County; Hawaii,233,46,212,46.3,0.9099,21,23,0.0901,2,89.21
150030089261,Block Group 1; Census Tract 89.26; Honolulu County; Hawaii,786,82,545,103.8,0.6934,241,81,0.3066,1,89.26
150030089281,Block Group 1; Census Tract 89.28; Honolulu County; Hawaii,521,78,489,91.3,0.9386,32,26,0.0614,1,89.28
150030089282,Block Group 2; Census Tract 89.28; Honolulu County; Hawaii,744,111,656,113.1,0.8817,88,46,0.1183,2,89.28
150030089291,Block Group 1; Census Tract 89.29; Honolulu County; Hawaii,304,135,271,130.6,0.8914,33,38,0.1086,1,89.29
150030089292,Block Group 2; Census Tract 89.29; Honolulu County; Hawaii,612,138,472,136,0.7712,140,67,0.2288,2,89.29
150030089293,Block Group 3; Census Tract 89.29; Honolulu County; Hawaii,381,98,314,105.8,0.8241,67,53,0.1759,3,89.29
150030089294,Block Group 4; Census Tract 89.29; Honolulu County; Hawaii,267,102,249,109.1,0.9326,18,29,0.0674,4,89.29
150030089295,Block Group 5; Census Tract 89.29; Honolulu County; Hawaii,593,235,366,200.6,0.6172,227,139,0.3828,5,89.29
150030089301,Block Group 1; Census Tract 89.30; Honolulu County; Hawaii,328,60,282,60.1,0.8598,46,30,0.1402,1,89.30
150030089302,Block Group 2; Census Tract 89.30; Honolulu County; Hawaii,527,76,451,84,0.8558,76,39,0.1442,2,89.30
150030089311,Block Group 1; Census Tract 89.31; Honolulu County; Hawaii,0,12,0,4.9,NA,0,12,NA,1,89.31
150030089312,Block Group 2; Census Tract 89.31; Honolulu County; Hawaii,386,69,354,72.1,0.9171,32,32,0.0829,2,89.31
150030089313,Block Group 3; Census Tract 89.31; Honolulu County; Hawaii,391,56,374,61.8,0.9565,17,15,0.0435,3,89.31
150030089321,Block Group 1; Census Tract 89.32; Honolulu County; Hawaii,237,50,191,55.1,0.8059,46,38,0.1941,1,89.32
150030089322,Block Group 2; Census Tract 89.32; Honolulu County; Hawaii,530,67,497,79.5,0.9377,33,26,0.0623,2,89.32
150030089331,Block Group 1; Census Tract 89.33; Honolulu County; Hawaii,808,170,723,198.3,0.8948,85,49,0.1052,1,89.33
150030089332,Block Group 2; Census Tract 89.33; Honolulu County; Hawaii,357,77,339,76.2,0.9496,18,20,0.0504,2,89.33
150030089341,Block Group 1; Census Tract 89.34; Honolulu County; Hawaii,436,109,420,138,0.9633,16,17,0.0367,1,89.34
150030089342,Block Group 2; Census Tract 89.34; Honolulu County; Hawaii,429,178,419,178.5,0.9767,10,16,0.0233,2,89.34
150030089343,Block Group 3; Census Tract 89.34; Honolulu County; Hawaii,235,77,204,66.2,0.8681,31,41,0.1319,3,89.34
150030089351,Block Group 1; Census Tract 89.35; Honolulu County; Hawaii,305,116,297,122.2,0.9738,8,14,0.0262,1,89.35
150030089352,Block Group 2; Census Tract 89.35; Honolulu County; Hawaii,897,258,732,170.5,0.8161,165,191,0.1839,2,89.35
150030089361,Block Group 1; Census Tract 89.36; Honolulu County; Hawaii,354,82,341,83.6,0.9633,13,13,0.0367,1,89.36
150030089362,Block Group 2; Census Tract 89.36; Honolulu County; Hawaii,425,140,322,89.1,0.7576,103,114,0.2424,2,89.36
150030089371,Block Group 1; Census Tract 89.37; Honolulu County; Hawaii,512,167,480,169.6,0.9375,32,24,0.0625,1,89.37
150030089381,Block Group 1; Census Tract 89.38; Honolulu County; Hawaii,303,78,220,75.7,0.7261,83,54,0.2739,1,89.38
150030089382,Block Group 2; Census Tract 89.38; Honolulu County; Hawaii,394,77,350,81.5,0.8883,44,37,0.1117,2,89.38
150030089391,Block Group 1; Census Tract 89.39; Honolulu County; Hawaii,0,12,0,4.9,NA,0,12,NA,1,89.39
150030089392,Block Group 2; Census Tract 89.39; Honolulu County; Hawaii,530,101,386,132.8,0.7283,144,60,0.2717,2,89.39
150030089393,Block Group 3; Census Tract 89.39; Honolulu County; Hawaii,406,106,259,93.9,0.6379,147,66,0.3621,3,89.39
150030089401,Block Group 1; Census Tract 89.40; Honolulu County; Hawaii,568,124,415,114,0.7306,153,105,0.2694,1,89.40
150030089402,Block Group 2; Census Tract 89.40; Honolulu County; Hawaii,284,77,254,81.1,0.8944,30,20,0.1056,2,89.40
150030089411,Block Group 1; Census Tract 89.41; Honolulu County; Hawaii,702,91,607,112,0.8647,95,39,0.1353,1,89.41
150030089421,Block Group 1; Census Tract 89.42; Honolulu County; Hawaii,455,100,411,93.9,0.9033,44,28,0.0967,1,89.42
150030089422,Block Group 2; Census Tract 89.42; Honolulu County; Hawaii,277,71,214,72.1,0.7726,63,48,0.2274,2,89.42
150030089431,Block Group 1; Census Tract 89.43; Honolulu County; Hawaii,403,51,358,62.4,0.8883,45,26,0.1117,1,89.43
150030089441,Block Group 1; Census Tract 89.44; Honolulu County; Hawaii,289,68,257,89.1,0.8893,32,29,0.1107,1,89.44
150030089442,Block Group 2; Census Tract 89.44; Honolulu County; Hawaii,523,183,482,187,0.9216,41,34,0.0784,2,89.44
150030089443,Block Group 3; Census Tract 89.44; Honolulu County; Hawaii,523,112,416,112.9,0.7954,107,65,0.2046,3,89.44
150030089451,Block Group 1; Census Tract 89.45; Honolulu County; Hawaii,610,146,504,138,0.8262,106,80,0.1738,1,89.45
150030089461,Block Group 1; Census Tract 89.46; Honolulu County; Hawaii,470,127,377,124.7,0.8021,93,72,0.1979,1,89.46
150030089462,Block Group 2; Census Tract 89.46; Honolulu County; Hawaii,346,98,270,96.8,0.7803,76,46,0.2197,2,89.46
150030089463,Block Group 3; Census Tract 89.46; Honolulu County; Hawaii,381,101,248,76.5,0.6509,133,76,0.3491,3,89.46
150030089471,Block Group 1; Census Tract 89.47; Honolulu County; Hawaii,606,77,462,102.6,0.7624,144,55,0.2376,1,89.47
150030089481,Block Group 1; Census Tract 89.48; Honolulu County; Hawaii,481,155,375,148,0.7796,106,66,0.2204,1,89.48
150030089482,Block Group 2; Census Tract 89.48; Honolulu County; Hawaii,223,47,195,49.7,0.8744,28,27,0.1256,2,89.48
150030089483,Block Group 3; Census Tract 89.48; Honolulu County; Hawaii,433,152,268,61.5,0.6189,165,134,0.3811,3,89.48
150030089491,Block Group 1; Census Tract 89.49; Honolulu County; Hawaii,692,179,617,174.9,0.8916,75,63,0.1084,1,89.49
150030089501,Block Group 1; Census Tract 89.50; Honolulu County; Hawaii,485,105,455,109.8,0.9381,30,25,0.0619,1,89.50
150030089511,Block Group 1; Census Tract 89.51; Honolulu County; Hawaii,271,62,251,64.1,0.9262,20,19,0.0738,1,89.51
150030089512,Block Group 2; Census Tract 89.51; Honolulu County; Hawaii,298,147,281,149,0.943,17,25,0.057,2,89.51
150030089521,Block Group 1; Census Tract 89.52; Honolulu County; Hawaii,712,160,544,168.4,0.764,168,78,0.236,1,89.52
150030089522,Block Group 2; Census Tract 89.52; Honolulu County; Hawaii,581,125,550,118.1,0.9466,31,36,0.0534,2,89.52
150030089523,Block Group 3; Census Tract 89.52; Honolulu County; Hawaii,1026,179,691,163.8,0.6735,335,161,0.3265,3,89.52
150030090001,Block Group 1; Census Tract 90; Honolulu County; Hawaii,388,131,365,130,0.9407,23,18,0.0593,1,90
150030090002,Block Group 2; Census Tract 90; Honolulu County; Hawaii,396,91,316,90.9,0.798,80,42,0.202,2,90
150030091001,Block Group 1; Census Tract 91; Honolulu County; Hawaii,202,54,190,54.1,0.9406,12,13,0.0594,1,91
150030091002,Block Group 2; Census Tract 91; Honolulu County; Hawaii,616,107,491,99.5,0.7971,125,59,0.2029,2,91
150030091003,Block Group 3; Census Tract 91; Honolulu County; Hawaii,291,88,250,84.3,0.8591,41,38,0.1409,3,91
150030092011,Block Group 1; Census Tract 92.01; Honolulu County; Hawaii,248,87,217,85.1,0.875,31,31,0.125,1,92.01
150030092012,Block Group 2; Census Tract 92.01; Honolulu County; Hawaii,568,220,412,200.3,0.7254,156,151,0.2746,2,92.01
150030092013,Block Group 3; Census Tract 92.01; Honolulu County; Hawaii,221,76,156,66.1,0.7059,65,49,0.2941,3,92.01
150030092021,Block Group 1; Census Tract 92.02; Honolulu County; Hawaii,256,86,162,105.3,0.6328,94,70,0.3672,1,92.02
150030092022,Block Group 2; Census Tract 92.02; Honolulu County; Hawaii,587,182,500,179.7,0.8518,87,48,0.1482,2,92.02
150030092031,Block Group 1; Census Tract 92.03; Honolulu County; Hawaii,788,252,698,245.4,0.8858,90,49,0.1142,1,92.03
150030093011,Block Group 1; Census Tract 93.01; Honolulu County; Hawaii,483,128,322,122.7,0.6667,161,93,0.3333,1,93.01
150030093021,Block Group 1; Census Tract 93.02; Honolulu County; Hawaii,439,107,309,87.1,0.7039,130,91,0.2961,1,93.02
150030093022,Block Group 2; Census Tract 93.02; Honolulu County; Hawaii,243,113,88,78.1,0.3621,155,87,0.6379,2,93.02
150030093023,Block Group 3; Census Tract 93.02; Honolulu County; Hawaii,463,143,377,130,0.8143,86,65,0.1857,3,93.02
150030094011,Block Group 1; Census Tract 94.01; Honolulu County; Hawaii,495,75,312,69.1,0.6303,183,62,0.3697,1,94.01
150030094021,Block Group 1; Census Tract 94.02; Honolulu County; Hawaii,410,134,350,122.7,0.8537,60,34,0.1463,1,94.02
150030094022,Block Group 2; Census Tract 94.02; Honolulu County; Hawaii,389,106,225,100.7,0.5784,164,63,0.4216,2,94.02
150030094023,Block Group 3; Census Tract 94.02; Honolulu County; Hawaii,383,126,232,104.1,0.6057,151,90,0.3943,3,94.02
150030095071,Block Group 1; Census Tract 95.07; Honolulu County; Hawaii,317,64,258,63.1,0.8139,59,46,0.1861,1,95.07
150030095072,Block Group 2; Census Tract 95.07; Honolulu County; Hawaii,0,12,0,4.9,NA,0,12,NA,2,95.07
150030095081,Block Group 1; Census Tract 95.08; Honolulu County; Hawaii,638,199,423,130,0.663,215,213,0.337,1,95.08
150030095091,Block Group 1; Census Tract 95.09; Honolulu County; Hawaii,403,126,328,120,0.8139,75,78,0.1861,1,95.09
150030095092,Block Group 2; Census Tract 95.09; Honolulu County; Hawaii,502,76,495,78.1,0.9861,7,10,0.0139,2,95.09
150030095101,Block Group 1; Census Tract 95.10; Honolulu County; Hawaii,279,104,212,93.1,0.7599,67,54,0.2401,1,95.10
150030095102,Block Group 2; Census Tract 95.10; Honolulu County; Hawaii,131,92,131,90.1,1,0,12,0,2,95.10
150030095111,Block Group 1; Census Tract 95.11; Honolulu County; Hawaii,550,156,495,151,0.9,55,47,0.1,1,95.11
150030095112,Block Group 2; Census Tract 95.11; Honolulu County; Hawaii,464,101,441,95.9,0.9504,23,38,0.0496,2,95.11
150030095121,Block Group 1; Census Tract 95.12; Honolulu County; Hawaii,395,122,308,100.1,0.7797,87,71,0.2203,1,95.12
150030095122,Block Group 2; Census Tract 95.12; Honolulu County; Hawaii,0,12,0,4.9,NA,0,12,NA,2,95.12
150030095123,Block Group 3; Census Tract 95.12; Honolulu County; Hawaii,204,80,204,80.1,1,0,12,0,3,95.12
150030096081,Block Group 1; Census Tract 96.08; Honolulu County; Hawaii,344,142,302,143.7,0.8779,42,44,0.1221,1,96.08
150030096082,Block Group 2; Census Tract 96.08; Honolulu County; Hawaii,267,95,176,84.1,0.6592,91,81,0.3408,2,96.08
150030096083,Block Group 3; Census Tract 96.08; Honolulu County; Hawaii,352,105,334,104.1,0.9489,18,16,0.0511,3,96.08
150030096084,Block Group 4; Census Tract 96.08; Honolulu County; Hawaii,348,96,323,90.9,0.9282,25,15,0.0718,4,96.08
150030096091,Block Group 1; Census Tract 96.09; Honolulu County; Hawaii,687,210,636,214.9,0.9258,51,45,0.0742,1,96.09
150030096092,Block Group 2; Census Tract 96.09; Honolulu County; Hawaii,183,55,183,65,1,0,12,0,2,96.09
150030096093,Block Group 3; Census Tract 96.09; Honolulu County; Hawaii,529,185,502,184,0.949,27,31,0.051,3,96.09
150030096101,Block Group 1; Census Tract 96.10; Honolulu County; Hawaii,222,108,186,113.1,0.8378,36,40,0.1622,1,96.10
150030096102,Block Group 2; Census Tract 96.10; Honolulu County; Hawaii,525,221,454,218.8,0.8648,71,55,0.1352,2,96.10
150030096103,Block Group 3; Census Tract 96.10; Honolulu County; Hawaii,180,126,163,123.5,0.9056,17,26,0.0944,3,96.10
150030096104,Block Group 4; Census Tract 96.10; Honolulu County; Hawaii,258,117,242,119.1,0.938,16,25,0.062,4,96.10
150030096105,Block Group 5; Census Tract 96.10; Honolulu County; Hawaii,509,246,381,229,0.7485,128,121,0.2515,5,96.10
150030097041,Block Group 1; Census Tract 97.04; Honolulu County; Hawaii,372,138,355,140.1,0.9543,17,13,0.0457,1,97.04
150030097042,Block Group 2; Census Tract 97.04; Honolulu County; Hawaii,322,70,255,64.4,0.7919,67,38,0.2081,2,97.04
150030097051,Block Group 1; Census Tract 97.05; Honolulu County; Hawaii,294,155,275,154.3,0.9354,19,20,0.0646,1,97.05
150030097052,Block Group 2; Census Tract 97.05; Honolulu County; Hawaii,290,80,230,84.2,0.7931,60,62,0.2069,2,97.05
150030097053,Block Group 3; Census Tract 97.05; Honolulu County; Hawaii,381,89,293,98.3,0.769,88,62,0.231,3,97.05
150030097061,Block Group 1; Census Tract 97.06; Honolulu County; Hawaii,220,48,189,44.4,0.8591,31,34,0.1409,1,97.06
150030097062,Block Group 2; Census Tract 97.06; Honolulu County; Hawaii,230,59,209,68.5,0.9087,21,26,0.0913,2,97.06
150030097063,Block Group 3; Census Tract 97.06; Honolulu County; Hawaii,313,50,285,47.4,0.9105,28,13,0.0895,3,97.06
150030097071,Block Group 1; Census Tract 97.07; Honolulu County; Hawaii,553,143,443,155.2,0.8011,110,69,0.1989,1,97.07
150030097072,Block Group 2; Census Tract 97.07; Honolulu County; Hawaii,503,125,255,109.6,0.507,248,89,0.493,2,97.07
150030097073,Block Group 3; Census Tract 97.07; Honolulu County; Hawaii,622,205,450,203,0.7235,172,110,0.2765,3,97.07
150030097074,Block Group 4; Census Tract 97.07; Honolulu County; Hawaii,234,84,210,83.1,0.8974,24,22,0.1026,4,97.07
150030098011,Block Group 1; Census Tract 98.01; Honolulu County; Hawaii,202,60,133,51.9,0.6584,69,36,0.3416,1,98.01
150030098012,Block Group 2; Census Tract 98.01; Honolulu County; Hawaii,925,160,534,145.7,0.5773,391,102,0.4227,2,98.01
150030098031,Block Group 1; Census Tract 98.03; Honolulu County; Hawaii,238,83,238,84.1,1,0,12,0,1,98.03
150030098032,Block Group 2; Census Tract 98.03; Honolulu County; Hawaii,303,131,176,71.3,0.5809,127,126,0.4191,2,98.03
150030098033,Block Group 3; Census Tract 98.03; Honolulu County; Hawaii,321,161,192,88.7,0.5981,129,151,0.4019,3,98.03
150030098041,Block Group 1; Census Tract 98.04; Honolulu County; Hawaii,217,93,198,94.3,0.9124,19,19,0.0876,1,98.04
150030098042,Block Group 2; Census Tract 98.04; Honolulu County; Hawaii,365,232,218,86.8,0.5973,147,216,0.4027,2,98.04
150030098043,Block Group 3; Census Tract 98.04; Honolulu County; Hawaii,266,65,193,68.1,0.7256,73,47,0.2744,3,98.04
150030099021,Block Group 1; Census Tract 99.02; Honolulu County; Hawaii,220,100,93,46.1,0.4227,127,96,0.5773,1,99.02
150030099022,Block Group 2; Census Tract 99.02; Honolulu County; Hawaii,443,174,351,170.1,0.7923,92,75,0.2077,2,99.02
150030099023,Block Group 3; Census Tract 99.02; Honolulu County; Hawaii,311,84,295,101.5,0.9486,16,18,0.0514,3,99.02
150030099024,Block Group 4; Census Tract 99.02; Honolulu County; Hawaii,174,61,157,58.1,0.9023,17,19,0.0977,4,99.02
150030099051,Block Group 1; Census Tract 99.05; Honolulu County; Hawaii,270,70,210,61.1,0.7778,60,56,0.2222,1,99.05
150030099052,Block Group 2; Census Tract 99.05; Honolulu County; Hawaii,283,89,203,78.3,0.7173,80,62,0.2827,2,99.05
150030099053,Block Group 3; Census Tract 99.05; Honolulu County; Hawaii,448,128,380,116,0.8482,68,67,0.1518,3,99.05
150030099061,Block Group 1; Census Tract 99.06; Honolulu County; Hawaii,596,114,330,67.1,0.5537,266,90,0.4463,1,99.06
150030099062,Block Group 2; Census Tract 99.06; Honolulu County; Hawaii,179,55,123,52.6,0.6872,56,29,0.3128,2,99.06
150030099063,Block Group 3; Census Tract 99.06; Honolulu County; Hawaii,11,17,0,4.9,0,11,17,1,3,99.06
150030100001,Block Group 1; Census Tract 100; Honolulu County; Hawaii,422,134,282,112.8,0.6682,140,93,0.3318,1,100
150030100002,Block Group 2; Census Tract 100; Honolulu County; Hawaii,359,118,260,105.9,0.7242,99,75,0.2758,2,100
150030100003,Block Group 3; Census Tract 100; Honolulu County; Hawaii,877,205,667,136,0.7605,210,188,0.2395,3,100
150030101011,Block Group 1; Census Tract 101.01; Honolulu County; Hawaii,377,112,287,109.2,0.7613,90,58,0.2387,1,101.01
150030101012,Block Group 2; Census Tract 101.01; Honolulu County; Hawaii,466,119,356,151.8,0.7639,110,78,0.2361,2,101.01
150030101021,Block Group 1; Census Tract 101.02; Honolulu County; Hawaii,588,163,502,174.3,0.8537,86,72,0.1463,1,101.02
150030101022,Block Group 2; Census Tract 101.02; Honolulu County; Hawaii,220,83,203,101.2,0.9227,17,16,0.0773,2,101.02
150030101031,Block Group 1; Census Tract 101.03; Honolulu County; Hawaii,179,55,94,41.5,0.5251,85,31,0.4749,1,101.03
150030101032,Block Group 2; Census Tract 101.03; Honolulu County; Hawaii,608,88,480,83.5,0.7895,128,48,0.2105,2,101.03
150030102021,Block Group 1; Census Tract 102.02; Honolulu County; Hawaii,240,110,220,111.9,0.9167,20,26,0.0833,1,102.02
150030102022,Block Group 2; Census Tract 102.02; Honolulu County; Hawaii,188,68,143,61.8,0.7606,45,30,0.2394,2,102.02
150030102023,Block Group 3; Census Tract 102.02; Honolulu County; Hawaii,494,136,425,117.8,0.8603,69,48,0.1397,3,102.02
150030102024,Block Group 4; Census Tract 102.02; Honolulu County; Hawaii,336,111,309,104.2,0.9196,27,30,0.0804,4,102.02
150030102031,Block Group 1; Census Tract 102.03; Honolulu County; Hawaii,318,74,204,67.4,0.6415,114,39,0.3585,1,102.03
150030102041,Block Group 1; Census Tract 102.04; Honolulu County; Hawaii,193,59,152,59.8,0.7876,41,25,0.2124,1,102.04
150030102042,Block Group 2; Census Tract 102.04; Honolulu County; Hawaii,437,98,365,91.9,0.8352,72,55,0.1648,2,102.04
150030102051,Block Group 1; Census Tract 102.05; Honolulu County; Hawaii,556,121,433,115.7,0.7788,123,65,0.2212,1,102.05
150030103031,Block Group 1; Census Tract 103.03; Honolulu County; Hawaii,425,115,355,105.8,0.8353,70,79,0.1647,1,103.03
150030103032,Block Group 2; Census Tract 103.03; Honolulu County; Hawaii,680,133,587,120.2,0.8632,93,64,0.1368,2,103.03
150030103033,Block Group 3; Census Tract 103.03; Honolulu County; Hawaii,311,121,171,48.8,0.5498,140,106,0.4502,3,103.03
150030103051,Block Group 1; Census Tract 103.05; Honolulu County; Hawaii,593,122,573,123,0.9663,20,24,0.0337,1,103.05
150030103052,Block Group 2; Census Tract 103.05; Honolulu County; Hawaii,345,115,308,125.9,0.8928,37,31,0.1072,2,103.05
150030103053,Block Group 3; Census Tract 103.05; Honolulu County; Hawaii,714,161,582,159.8,0.8151,132,71,0.1849,3,103.05
150030103081,Block Group 1; Census Tract 103.08; Honolulu County; Hawaii,557,100,484,101.1,0.8689,73,38,0.1311,1,103.08
150030103082,Block Group 2; Census Tract 103.08; Honolulu County; Hawaii,608,138,561,140.4,0.9227,47,52,0.0773,2,103.08
150030103083,Block Group 3; Census Tract 103.08; Honolulu County; Hawaii,0,12,0,4.9,NA,0,12,NA,3,103.08
150030103091,Block Group 1; Census Tract 103.09; Honolulu County; Hawaii,429,145,385,147,0.8974,44,46,0.1026,1,103.09
150030103092,Block Group 2; Census Tract 103.09; Honolulu County; Hawaii,714,197,611,206.7,0.8557,103,53,0.1443,2,103.09
150030103093,Block Group 3; Census Tract 103.09; Honolulu County; Hawaii,292,80,250,77.6,0.8562,42,30,0.1438,3,103.09
150030103101,Block Group 1; Census Tract 103.10; Honolulu County; Hawaii,605,115,515,112.6,0.8512,90,56,0.1488,1,103.10
150030103102,Block Group 2; Census Tract 103.10; Honolulu County; Hawaii,307,153,147,81.1,0.4788,160,134,0.5212,2,103.10
150030105031,Block Group 1; Census Tract 105.03; Honolulu County; Hawaii,0,12,0,4.9,NA,0,12,NA,1,105.03
150030105032,Block Group 2; Census Tract 105.03; Honolulu County; Hawaii,543,77,472,75.8,0.8692,71,31,0.1308,2,105.03
150030105051,Block Group 1; Census Tract 105.05; Honolulu County; Hawaii,298,103,265,104.3,0.8893,33,21,0.1107,1,105.05
150030105052,Block Group 2; Census Tract 105.05; Honolulu County; Hawaii,450,73,387,79.3,0.86,63,35,0.14,2,105.05
150030105053,Block Group 3; Census Tract 105.05; Honolulu County; Hawaii,286,101,257,106.5,0.8986,29,21,0.1014,3,105.05
150030105071,Block Group 1; Census Tract 105.07; Honolulu County; Hawaii,748,103,543,110.2,0.7259,205,61,0.2741,1,105.07
150030105072,Block Group 2; Census Tract 105.07; Honolulu County; Hawaii,278,92,236,102.1,0.8489,42,37,0.1511,2,105.07
150030105073,Block Group 3; Census Tract 105.07; Honolulu County; Hawaii,322,96,231,89.8,0.7174,91,73,0.2826,3,105.07
150030105074,Block Group 4; Census Tract 105.07; Honolulu County; Hawaii,387,85,377,82.3,0.9742,10,16,0.0258,4,105.07
150030105081,Block Group 1; Census Tract 105.08; Honolulu County; Hawaii,214,70,193,72.5,0.9019,21,24,0.0981,1,105.08
150030105082,Block Group 2; Census Tract 105.08; Honolulu County; Hawaii,780,127,498,110.9,0.6385,282,101,0.3615,2,105.08
150030105091,Block Group 1; Census Tract 105.09; Honolulu County; Hawaii,280,67,193,80.3,0.6893,87,67,0.3107,1,105.09
150030105092,Block Group 2; Census Tract 105.09; Honolulu County; Hawaii,232,55,167,54.7,0.7198,65,35,0.2802,2,105.09
150030105101,Block Group 1; Census Tract 105.10; Honolulu County; Hawaii,645,183,471,118.2,0.7302,174,143,0.2698,1,105.10
150030105102,Block Group 2; Census Tract 105.10; Honolulu County; Hawaii,372,86,372,87,1,0,12,0,2,105.10
150030106011,Block Group 1; Census Tract 106.01; Honolulu County; Hawaii,321,90,261,90.2,0.8131,60,53,0.1869,1,106.01
150030106012,Block Group 2; Census Tract 106.01; Honolulu County; Hawaii,434,126,300,114.1,0.6912,134,67,0.3088,2,106.01
150030106013,Block Group 3; Census Tract 106.01; Honolulu County; Hawaii,311,84,256,90.1,0.8232,55,36,0.1768,3,106.01
150030106021,Block Group 1; Census Tract 106.02; Honolulu County; Hawaii,506,90,414,99.5,0.8182,92,57,0.1818,1,106.02
150030106022,Block Group 2; Census Tract 106.02; Honolulu County; Hawaii,740,149,614,154.5,0.8297,126,69,0.1703,2,106.02
150030106023,Block Group 3; Census Tract 106.02; Honolulu County; Hawaii,577,142,497,137.5,0.8614,80,48,0.1386,3,106.02
150030107011,Block Group 1; Census Tract 107.01; Honolulu County; Hawaii,559,117,425,122,0.7603,134,77,0.2397,1,107.01
150030107012,Block Group 2; Census Tract 107.01; Honolulu County; Hawaii,325,68,253,68.2,0.7785,72,35,0.2215,2,107.01
150030107013,Block Group 3; Census Tract 107.01; Honolulu County; Hawaii,471,149,386,155,0.8195,85,48,0.1805,3,107.01
150030107021,Block Group 1; Census Tract 107.02; Honolulu County; Hawaii,493,88,288,67.7,0.5842,205,80,0.4158,1,107.02
150030107022,Block Group 2; Census Tract 107.02; Honolulu County; Hawaii,361,105,286,109.4,0.7922,75,45,0.2078,2,107.02
150030107023,Block Group 3; Census Tract 107.02; Honolulu County; Hawaii,381,93,304,97.9,0.7979,77,43,0.2021,3,107.02
150030109011,Block Group 1; Census Tract 109.01; Honolulu County; Hawaii,236,67,207,68.6,0.8771,29,25,0.1229,1,109.01
150030109012,Block Group 2; Census Tract 109.01; Honolulu County; Hawaii,669,111,560,99.6,0.8371,109,65,0.1629,2,109.01
150030109031,Block Group 1; Census Tract 109.03; Honolulu County; Hawaii,872,148,725,155.2,0.8314,147,85,0.1686,1,109.03
150030109032,Block Group 2; Census Tract 109.03; Honolulu County; Hawaii,220,86,118,67.1,0.5364,102,67,0.4636,2,109.03
150030109033,Block Group 3; Census Tract 109.03; Honolulu County; Hawaii,391,95,364,103.2,0.9309,27,26,0.0691,3,109.03
150030109041,Block Group 1; Census Tract 109.04; Honolulu County; Hawaii,203,66,197,65.8,0.9704,6,10,0.0296,1,109.04
150030109042,Block Group 2; Census Tract 109.04; Honolulu County; Hawaii,279,90,246,105.6,0.8817,33,33,0.1183,2,109.04
150030109043,Block Group 3; Census Tract 109.04; Honolulu County; Hawaii,375,130,375,131.5,1,0,12,0,3,109.04
150030109044,Block Group 4; Census Tract 109.04; Honolulu County; Hawaii,266,111,156,69.5,0.5865,110,96,0.4135,4,109.04
150030109051,Block Group 1; Census Tract 109.05; Honolulu County; Hawaii,418,74,207,58.4,0.4952,211,65,0.5048,1,109.05
150030109052,Block Group 2; Census Tract 109.05; Honolulu County; Hawaii,511,97,360,84.1,0.7045,151,69,0.2955,2,109.05
150030110001,Block Group 1; Census Tract 110; Honolulu County; Hawaii,700,89,626,88.3,0.8943,74,28,0.1057,1,110
150030110002,Block Group 2; Census Tract 110; Honolulu County; Hawaii,517,95,428,101.3,0.8279,89,41,0.1721,2,110
150030111031,Block Group 1; Census Tract 111.03; Honolulu County; Hawaii,961,148,824,156,0.8574,137,71,0.1426,1,111.03
150030111032,Block Group 2; Census Tract 111.03; Honolulu County; Hawaii,311,64,239,67.7,0.7685,72,41,0.2315,2,111.03
150030111041,Block Group 1; Census Tract 111.04; Honolulu County; Hawaii,539,197,489,195.5,0.9072,50,45,0.0928,1,111.04
150030111042,Block Group 2; Census Tract 111.04; Honolulu County; Hawaii,307,116,186,62.6,0.6059,121,94,0.3941,2,111.04
150030111043,Block Group 3; Census Tract 111.04; Honolulu County; Hawaii,474,91,366,93.1,0.7722,108,63,0.2278,3,111.04
150030111044,Block Group 4; Census Tract 111.04; Honolulu County; Hawaii,331,73,266,66.1,0.8036,65,53,0.1964,4,111.04
150030111051,Block Group 1; Census Tract 111.05; Honolulu County; Hawaii,307,145,263,139,0.8567,44,34,0.1433,1,111.05
150030111052,Block Group 2; Census Tract 111.05; Honolulu County; Hawaii,766,139,605,137.6,0.7898,161,79,0.2102,2,111.05
150030111053,Block Group 3; Census Tract 111.05; Honolulu County; Hawaii,358,98,197,85.3,0.5503,161,73,0.4497,3,111.05
150030111061,Block Group 1; Census Tract 111.06; Honolulu County; Hawaii,422,105,410,104.1,0.9716,12,15,0.0284,1,111.06
150030111062,Block Group 2; Census Tract 111.06; Honolulu County; Hawaii,369,115,246,106.4,0.6667,123,65,0.3333,2,111.06
150030111063,Block Group 3; Census Tract 111.06; Honolulu County; Hawaii,444,155,427,165.4,0.9617,17,27,0.0383,3,111.06
150030111064,Block Group 4; Census Tract 111.06; Honolulu County; Hawaii,334,190,302,185.3,0.9042,32,32,0.0958,4,111.06
150030111065,Block Group 5; Census Tract 111.06; Honolulu County; Hawaii,325,112,253,103.1,0.7785,72,62,0.2215,5,111.06
150030112011,Block Group 1; Census Tract 112.01; Honolulu County; Hawaii,464,111,401,115.4,0.8642,63,43,0.1358,1,112.01
150030112012,Block Group 2; Census Tract 112.01; Honolulu County; Hawaii,294,91,208,65.1,0.7075,86,70,0.2925,2,112.01
150030112013,Block Group 3; Census Tract 112.01; Honolulu County; Hawaii,300,174,274,172.1,0.9133,26,24,0.0867,3,112.01
150030112014,Block Group 4; Census Tract 112.01; Honolulu County; Hawaii,336,149,257,116.1,0.7649,79,105,0.2351,4,112.01
150030112015,Block Group 5; Census Tract 112.01; Honolulu County; Hawaii,325,80,267,66.6,0.8215,58,54,0.1785,5,112.01
150030112021,Block Group 1; Census Tract 112.02; Honolulu County; Hawaii,315,96,250,85.4,0.7937,65,49,0.2063,1,112.02
150030112022,Block Group 2; Census Tract 112.02; Honolulu County; Hawaii,413,71,296,63.2,0.7167,117,51,0.2833,2,112.02
150030113001,Block Group 1; Census Tract 113; Honolulu County; Hawaii,202,96,120,68.6,0.5941,82,86,0.4059,1,113
150030113002,Block Group 2; Census Tract 113; Honolulu County; Hawaii,425,109,328,105.5,0.7718,97,77,0.2282,2,113
150030113003,Block Group 3; Census Tract 113; Honolulu County; Hawaii,692,166,639,167.4,0.9234,53,35,0.0766,3,113
150030114011,Block Group 1; Census Tract 114.01; Honolulu County; Hawaii,212,86,117,45.2,0.5519,95,81,0.4481,1,114.01
150030114012,Block Group 2; Census Tract 114.01; Honolulu County; Hawaii,597,160,492,168,0.8241,105,54,0.1759,2,114.01
150030115001,Block Group 1; Census Tract 115; Honolulu County; Hawaii,633,147,573,149,0.9052,60,46,0.0948,1,115
150030115002,Block Group 2; Census Tract 115; Honolulu County; Hawaii,468,121,384,115.3,0.8205,84,57,0.1795,2,115
150030115003,Block Group 3; Census Tract 115; Honolulu County; Hawaii,636,126,560,138.1,0.8805,76,76,0.1195,3,115
150030115004,Block Group 4; Census Tract 115; Honolulu County; Hawaii,1487,306,1285,293.5,0.8642,202,154,0.1358,4,115
150030115005,Block Group 5; Census Tract 115; Honolulu County; Hawaii,530,201,268,169,0.5057,262,112,0.4943,5,115
150030116001,Block Group 1; Census Tract 116; Honolulu County; Hawaii,279,45,182,45.9,0.6523,97,34,0.3477,1,116
150030116002,Block Group 2; Census Tract 116; Honolulu County; Hawaii,452,157,403,158.9,0.8916,49,24,0.1084,2,116
150039400031,Block Group 1; Census Tract 9400.03; Honolulu County; Hawaii,652,81,561,86.5,0.8604,91,36,0.1396,1,9400.03
150039400041,Block Group 1; Census Tract 9400.04; Honolulu County; Hawaii,534,63,460,68.7,0.8614,74,22,0.1386,1,9400.04
150039400051,Block Group 1; Census Tract 9400.05; Honolulu County; Hawaii,575,85,549,90.6,0.9548,26,18,0.0452,1,9400.05
150039400061,Block Group 1; Census Tract 9400.06; Honolulu County; Hawaii,617,83,573,79.9,0.9287,44,27,0.0713,1,9400.06
150039400071,Block Group 1; Census Tract 9400.07; Honolulu County; Hawaii,495,97,393,103.8,0.7939,102,50,0.2061,1,9400.07
150039800001,Block Group 1; Census Tract 9800; Honolulu County; Hawaii,0,12,0,4.9,NA,0,12,NA,1,9800
150039802001,Block Group 1; Census Tract 9802; Honolulu County; Hawaii,0,12,0,4.9,NA,0,12,NA,1,9802
150039803001,Block Group 1; Census Tract 9803; Honolulu County; Hawaii,0,12,0,4.9,NA,0,12,NA,1,9803
150039806001,Block Group 1; Census Tract 9806; Honolulu County; Hawaii,20,31,20,31.2,1,0,12,0,1,9806
150039807001,Block Group 1; Census Tract 9807; Honolulu County; Hawaii,0,12,0,4.9,NA,0,12,NA,1,9807
150039808001,Block Group 1; Census Tract 9808; Honolulu County; Hawaii,0,12,0,4.9,NA,0,12,NA,1,9808
150039810001,Block Group 1; Census Tract 9810; Honolulu County; Hawaii,0,12,0,4.9,NA,0,12,NA,1,9810
150039811001,Block Group 1; Census Tract 9811; Honolulu County; Hawaii,3,5,3,6.1,1,0,12,0,1,9811
150039812001,Block Group 1; Census Tract 9812; Honolulu County; Hawaii,0,12,0,4.9,NA,0,12,NA,1,9812
150039813001,Block Group 1; Census Tract 9813; Honolulu County; Hawaii,46,45,46,45.1,1,0,12,0,1,9813
150039814001,Block Group 1; Census Tract 9814; Honolulu County; Hawaii,7,10,7,10.6,1,0,12,0,1,9814
150039817001,Block Group 1; Census Tract 9817; Honolulu County; Hawaii,733,214,634,205.3,0.8649,99,68,0.1351,1,9817
150039818011,Block Group 1; Census Tract 9818.01; Honolulu County; Hawaii,985,161,963,154,0.9777,22,32,0.0223,1,9818.01
150039818021,Block Group 1; Census Tract 9818.02; Honolulu County; Hawaii,419,124,398,125,0.9499,21,31,0.0501,1,9818.02
150039818031,Block Group 1; Census Tract 9818.03; Honolulu County; Hawaii,365,63,347,61.8,0.9507,18,21,0.0493,1,9818.03
150039819001,Block Group 1; Census Tract 9819; Honolulu County; Hawaii,0,12,0,4.9,NA,0,12,NA,1,9819
150039820001,Block Group 1; Census Tract 9820; Honolulu County; Hawaii,192,91,192,91.1,1,0,12,0,1,9820
150039821001,Block Group 1; Census Tract 9821; Honolulu County; Hawaii,0,12,0,4.9,NA,0,12,NA,1,9821
150039822001,Block Group 1; Census Tract 9822; Honolulu County; Hawaii,0,12,0,4.9,NA,0,12,NA,1,9822
150039900010,Block Group 0; Census Tract 9900.01; Honolulu County; Hawaii,0,12,0,4.9,NA,0,12,NA,0,9900.01
